cohort,method,size,weight_l1_median,weight_l1_max,common_objective_abs_max,covariance_relative_median,ess_median,realized_risk_abs_max
limited,A-Tail-0.5,128,0.34801417109932276,0.49952844731181667,1.2374913179379268,0.7613266285124809,13.685953999619915,5.257117527727487e-05
limited,A-Tail-0.5,256,0.309723126054549,0.5860736308633536,0.8155987293264447,0.6374790974234742,8.751464676345016,5.257117725584689e-05
limited,A-Tail-0.5,512,0.308887468797685,0.5813810139365462,0.8471042721515322,0.6373417706195963,15.466244109268654,5.261629136047875e-05
limited,B-Tail-0.25,128,0.3567414521534128,0.4541987752946647,1.8912148398697806,0.7613266285124809,13.685953999619915,4.6117336849753094e-05
limited,B-Tail-0.25,256,0.3048632305779202,0.6008962769949465,0.8449762409357973,0.6374790974234742,8.751464676345016,5.366862480261469e-05
limited,B-Tail-0.25,512,0.3026203846992545,0.5974137010845199,0.8173536262470659,0.6373417706195963,15.466244109268654,5.137179051748294e-05
limited,B-Tail-0.5,128,0.3566600285646714,0.4472628135924717,1.8309718396082988,0.7613266285124809,13.685953999619915,4.617834194689936e-05
limited,B-Tail-0.5,256,0.29896644643799664,0.602366824675037,0.8083910504976078,0.6374790974234742,8.751464676345016,5.226041169784811e-05
limited,B-Tail-0.5,512,0.29778144255418537,0.5976738797298745,0.8365000488060759,0.6373417706195963,15.466244109268654,5.2911129069404736e-05
limited,MA,128,0.3546568960194706,0.44331665105746937,1.7702435351344423,0.7613266285124809,13.685953999619915,4.416666613386535e-05
limited,MA,256,0.300921888688067,0.5945539149474328,0.7512729582917093,0.6374790974234742,8.751464676345016,5.050585384113468e-05
limited,MA,512,0.29955783503035727,0.5929650422388779,0.7532135696763944,0.6373417706195963,15.466244109268654,5.2383097421322016e-05
long,A-Tail-0.5,128,0.17352817978329727,0.3744673657686006,0.07199445718922874,0.15550684365990886,11.338203120622781,4.555085937135836e-05
long,A-Tail-0.5,256,0.09089285420493677,0.2900189378295189,0.03035460127106848,0.1323414317425552,17.363771993825374,1.8726123156560806e-05
long,A-Tail-0.5,512,0.08900818079568755,0.2905644865503836,0.030644465679353788,0.13220152117994668,26.003992151712428,1.8637816524969157e-05
long,B-Tail-0.25,128,0.18852174289114548,0.43205731462314845,0.07268019086035,0.15550684365990886,11.338203120622781,4.331703847420041e-05
long,B-Tail-0.25,256,0.11957489162121931,0.3499801454824542,0.03930232463748982,0.1323414317425552,17.363771993825374,2.2172975192104346e-05
long,B-Tail-0.25,512,0.11796593799669833,0.3531298747627039,0.03965398860224195,0.13220152117994668,26.003992151712428,2.2423716997561406e-05
long,B-Tail-0.5,128,0.18825641099729817,0.43376958934915,0.07276272567509169,0.15550684365990886,11.338203120622781,4.2659229397613385e-05
long,B-Tail-0.5,256,0.11862528604344309,0.34417924247420767,0.0388503847507535,0.1323414317425552,17.363771993825374,2.2198237184942768e-05
long,B-Tail-0.5,512,0.11740895817260481,0.34295031033302087,0.03849322327599162,0.13220152117994668,26.003992151712428,2.1898573358342154e-05
long,MA,128,0.18599590232019547,0.4289364425779302,0.07176490971445001,0.15550684365990886,11.338203120622781,4.2995452506415846e-05
long,MA,256,0.11684017114799991,0.34708216824765675,0.03684446863659797,0.1323414317425552,17.363771993825374,2.1740800363250127e-05
long,MA,512,0.11544983829895611,0.348073023421806,0.036484369355575176,0.13220152117994668,26.003992151712428,2.1436332150057664e-05
