cohort,method,size,weight_l1_median,weight_l1_max,objective_abs_max
limited,A-Tail-0.5,128,0.2694108812807555,0.4816803846767944,4.437227972670184
limited,A-Tail-0.5,256,0.014355624076972318,0.04622823899169568,0.0007168821175298754
limited,A-Tail-0.5,512,0.0,0.0,0.0
limited,B-Tail-0.25,128,0.28639744477176476,0.47863164466819985,4.648528887288781
limited,B-Tail-0.25,256,0.014059901660752733,0.042855578410704066,0.000571776897439896
limited,B-Tail-0.25,512,0.0,0.0,0.0
limited,B-Tail-0.5,128,0.2769410443046191,0.4826775365313869,4.518248698366988
limited,B-Tail-0.5,256,0.012686803240208083,0.028618048986465767,0.0006059656335579331
limited,B-Tail-0.5,512,0.0,0.0,0.0
limited,MA,128,0.2782683838917518,0.4865160209631141,4.517396923731704
limited,MA,256,0.01131410964108188,0.02223790028925468,0.00016722609269814414
limited,MA,512,0.0,0.0,0.0
long,A-Tail-0.5,128,0.09054994399693295,0.3389453133248565,0.04880173244015977
long,A-Tail-0.5,256,0.006123475383900925,0.023252257888567884,0.00018058204433288387
long,A-Tail-0.5,512,0.0,0.0,0.0
long,B-Tail-0.25,128,0.10980485541570591,0.3801701673208996,0.04660993923441406
long,B-Tail-0.25,256,0.005648681460195107,0.025848520528377685,0.00028549101895185514
long,B-Tail-0.25,512,0.0,0.0,0.0
long,B-Tail-0.5,128,0.10744201360607294,0.3747079363693751,0.04617377165960554
long,B-Tail-0.5,256,0.0057569736030460075,0.0224639659411636,0.000179829313456711
long,B-Tail-0.5,512,0.0,0.0,0.0
long,MA,128,0.10464719401516265,0.37647247215664187,0.04464843555430908
long,MA,256,0.006689416341947328,0.016041219761310635,7.71160386501207e-05
long,MA,512,0.0,0.0,0.0
