cohort,period,method,l1_ma_mean,l1_global_half_mean,support_mean,cap_mean,alpha_ess_median,conditional_ess_median,isolated_risk,ma_isolated_risk,lp_single_fraction
limited,extension,A-Max,0.39788529015254503,0.37801365386169505,15.952380952380953,1.9523809523809523,1.0133361003982102,4.086635595765564,0.00022876595511525725,0.00018111987167087728,
limited,extension,A-Tail-0.5,0.03567652720365234,0.0,13.952380952380953,1.6666666666666667,1.0133361003982102,4.086635595765564,0.000183398814166274,0.00018111987167087728,
limited,extension,B-Max,0.04596163907142313,0.06117131056597789,14.047619047619047,1.7619047619047619,1.0133361003982102,4.086635595765564,0.00018390284873964253,0.00018111987167087728,
limited,extension,B-Tail-0.25,0.014757647536635868,0.03655051153177332,14.0,1.6666666666666667,1.0133361003982102,4.086635595765564,0.00018178569477461393,0.00018111987167087728,
limited,extension,B-Tail-0.5,0.009167648189253298,0.03188567731308341,13.952380952380953,1.619047619047619,1.0133361003982102,4.086635595765564,0.00018139063882285076,0.00018111987167087728,
limited,extension,B-Tail-0.5-power1,0.08487050097551888,0.11332543184688637,13.857142857142858,1.7619047619047619,1.0133361003982102,4.086635595765564,0.00017596280958889182,0.00018111987167087728,
limited,extension,C-LP-Max,0.08659829685192938,0.11459685784131517,13.857142857142858,1.7619047619047619,1.0133361003982102,4.086635595765564,0.00017594334204921157,0.00018111987167087728,0.0
limited,extension,C-Soft,0.28314709034334634,0.25852798131615184,15.571428571428571,1.7142857142857142,1.0133361003982102,4.086635595765564,0.00020431806393999467,0.00018111987167087728,
limited,extension,MA-power1,0.08550111685916705,0.11392806289951637,13.857142857142858,1.7619047619047619,1.0133361003982102,4.086635595765564,0.00017596756344889883,0.00018111987167087728,
limited,test,A-Max,0.32697472477587003,0.3148233417114246,13.859903381642512,1.816425120772947,1.1016919542303145,6.041006194705174,0.00013981317191733518,0.00013568130862670562,
limited,test,A-Tail-0.5,0.03638250124797746,0.0,13.391304347826088,1.7246376811594204,1.1016919542303145,6.041006194705174,0.00013514806776647638,0.00013568130862670562,
limited,test,B-Max,0.04009429477296558,0.05728165148156038,13.241545893719806,1.7729468599033817,1.1016919542303145,6.041006194705174,0.00013588994002097842,0.00013568130862670562,
limited,test,B-Tail-0.25,0.017750192248276973,0.03838893428934442,13.36231884057971,1.7439613526570048,1.1016919542303145,6.041006194705174,0.00013563018827971653,0.00013568130862670562,
limited,test,B-Tail-0.5,0.010532763099701546,0.03309017055060614,13.357487922705314,1.748792270531401,1.1016919542303145,6.041006194705174,0.00013571541629139438,0.00013568130862670562,
limited,test,B-Tail-0.5-power1,0.08707544121010599,0.11362510849376557,13.130434782608695,1.7004830917874396,1.1016919542303145,6.041006194705174,0.00013627792043036723,0.00013568130862670562,
limited,test,C-LP-Max,0.09932205197074863,0.12446668405477679,13.140096618357488,1.7004830917874396,1.1016919542303145,6.041006194705174,0.00013611855096805543,0.00013568130862670562,0.09178743961352658
limited,test,C-Soft,0.18044020999363544,0.16331582595593244,13.864734299516908,1.7729468599033817,1.1016919542303145,6.041006194705174,0.0001363957591861816,0.00013568130862670562,
limited,test,MA-power1,0.08839873169880874,0.11480304812488268,13.130434782608695,1.7053140096618358,1.1016919542303145,6.041006194705174,0.00013626854573203865,0.00013568130862670562,
long,extension,A-Max,0.2098587648288512,0.20076497317047726,13.333333333333334,1.8095238095238095,1.165880796360828,4.853641570125057,0.00020295616470878135,0.00020020652092544566,
long,extension,A-Tail-0.5,0.018133301547925345,0.0,13.285714285714286,1.9523809523809523,1.165880796360828,4.853641570125057,0.00019962464601570466,0.00020020652092544566,
long,extension,B-Max,0.02477152268005781,0.03091611130865688,13.095238095238095,2.0,1.165880796360828,4.853641570125057,0.00020110580532561856,0.00020020652092544566,
long,extension,B-Tail-0.25,0.009613765208900447,0.018505433988803346,13.285714285714286,2.0,1.165880796360828,4.853641570125057,0.00020033507402471135,0.00020020652092544566,
long,extension,B-Tail-0.5,0.00613025155789237,0.016115487060058168,13.333333333333334,2.0,1.165880796360828,4.853641570125057,0.00020020877635775397,0.00020020652092544566,
long,extension,B-Tail-0.5-power1,0.04834722719223242,0.06355765759605353,13.428571428571429,2.0,1.165880796360828,4.853641570125057,0.00020102585258055693,0.00020020652092544566,
long,extension,C-LP-Max,0.06557314605837068,0.0798286261366258,13.285714285714286,2.0,1.165880796360828,4.853641570125057,0.0002009991964605809,0.00020020652092544566,0.42857142857142855
long,extension,C-Soft,0.03787522405257438,0.029931698372165985,13.333333333333334,1.9047619047619047,1.165880796360828,4.853641570125057,0.00019929447251236656,0.00020020652092544566,
long,extension,MA-power1,0.04885150758856042,0.06427229977654708,13.428571428571429,2.0,1.165880796360828,4.853641570125057,0.00020099164914463857,0.00020020652092544566,
long,test,A-Max,0.2195421334514869,0.20760882836856429,12.980676328502415,1.6908212560386473,1.4701947393240271,7.433360914310149,0.00011049087606392073,0.00010754986343104019,
long,test,A-Tail-0.5,0.03641603199980947,0.0,12.507246376811594,1.8647342995169083,1.4701947393240271,7.433360914310149,0.00010739036452284432,0.00010754986343104019,
long,test,B-Max,0.02311242713090983,0.04760375118151952,12.396135265700483,1.8743961352657006,1.4701947393240271,7.433360914310149,0.00010780063050069998,0.00010754986343104019,
long,test,B-Tail-0.25,0.010370598657469553,0.03850617338548852,12.42512077294686,1.855072463768116,1.4701947393240271,7.433360914310149,0.00010762816529844132,0.00010754986343104019,
long,test,B-Tail-0.5,0.006079682310520066,0.036124230273334584,12.420289855072463,1.8599033816425121,1.4701947393240271,7.433360914310149,0.0001076127648822844,0.00010754986343104019,
long,test,B-Tail-0.5-power1,0.07244733757981317,0.1038695548252544,12.328502415458937,1.8454106280193237,1.4701947393240271,7.433360914310149,0.00010784627356333713,0.00010754986343104019,
long,test,C-LP-Max,0.0807089973154135,0.11153338449914715,12.333333333333334,1.8502415458937198,1.4701947393240271,7.433360914310149,0.00010789185991897789,0.00010754986343104019,0.4830917874396135
long,test,C-Soft,0.0584798600906577,0.04399810532447602,12.555555555555555,1.816425120772947,1.4701947393240271,7.433360914310149,0.00010686732766821791,0.00010754986343104019,
long,test,MA-power1,0.073003480886901,0.10434357100496496,12.323671497584542,1.8454106280193237,1.4701947393240271,7.433360914310149,0.00010785747409220062,0.00010754986343104019,
