cohort,method,period,windows,second_moment,cash,stale
limited,A-Tail-0.5,extension,2,4.6545958071529184e-05,0.028192760296060677,0.015777115664084965
limited,A-Tail-0.5,test,22,0.00011371433414551092,0.004157808762293046,0.005600414361534258
limited,B-Tail-0.25,extension,2,4.708000988948313e-05,0.026504470321536668,0.015538096528177553
limited,B-Tail-0.25,test,22,0.00011367309069381497,0.004148595060196364,0.005540931592727783
limited,B-Tail-0.5,extension,2,4.7079775538905035e-05,0.026503261022243086,0.01553801222628714
limited,B-Tail-0.5,test,22,0.00011373385745986595,0.004146786407596171,0.005541062234299055
limited,EM-Shrink,extension,2,5.25326842361233e-05,0.011071286908958668,0.014126027061262604
limited,EM-Shrink,test,22,9.343583028456909e-05,0.0030559681077017074,0.005729036503477581
limited,EqualWeight,extension,2,0.00017468845587243468,0.02298266780931553,0.0062969496835430135
limited,EqualWeight,test,22,0.00018109129666006265,0.004346056516986451,0.0046483463380906035
limited,InverseVol,extension,2,0.00016462054942318526,0.02684805400615776,0.0099078147572572
limited,InverseVol,test,22,0.00014027913875467172,0.002883291432814943,0.005162331914227302
limited,MA,extension,2,4.7086115086545074e-05,0.026498625959082034,0.015538062439915509
limited,MA,test,22,0.00011377316877268221,0.004146558075153858,0.005543912046950104
long,A-Tail-0.5,extension,2,2.7848795405648276e-05,0.022994186780389565,0.007442866964459171
long,A-Tail-0.5,test,22,0.00010390344011720311,0.004463731922035214,0.005285048958951628
long,B-Tail-0.25,extension,2,2.763007289588104e-05,0.025738317882800545,0.007260393283986002
long,B-Tail-0.25,test,22,0.00010404847666037669,0.0044724083391172245,0.005325901383884071
long,B-Tail-0.5,extension,2,2.7635228480317743e-05,0.025792024142765067,0.007265967891551578
long,B-Tail-0.5,test,22,0.00010405230579981199,0.004463888743364738,0.005330150678979362
long,EM-Shrink,extension,2,2.185504378791721e-05,0.009828616185848132,0.00682222093766819
long,EM-Shrink,test,22,8.13861737673394e-05,0.006634779508561984,0.0057214035319296565
long,EqualWeight,extension,2,0.00032961233386525544,0.024181435398471462,0.005024609767179374
long,EqualWeight,test,22,0.00016979979149000905,0.0043181030559241535,0.004427400887189833
long,InverseVol,extension,2,0.00019014983506821415,0.01775694915062986,0.005884935436773263
long,InverseVol,test,22,0.00013546934611104072,0.004197991272433246,0.004708864535292662
long,LedoitWolf-CompleteRows,extension,2,2.3601290455973004e-05,0.010682966097330639,0.006965759463648795
long,LedoitWolf-CompleteRows,test,22,8.655330409708407e-05,0.006390074716421363,0.00529391916542875
long,MA,extension,2,2.7614206835079937e-05,0.02557412659460449,0.007281340920652792
long,MA,test,22,0.00010413849120463433,0.004427210255002176,0.0053296148455377
