kind,d,M,mean_seconds,max_seconds,mean_cached_cuts
asymmetric,3,3,0.00400499874999645,0.009102700000767001,2.0
asymmetric,3,6,0.004503948499984237,0.044150300000183,4.645833333333333
asymmetric,6,6,0.008880834749989196,0.087808800000857,7.4075
asymmetric,6,10,0.010108275333318758,0.305299200000263,15.141666666666667
asymmetric,10,10,0.012571439166667416,0.34635539999999304,22.726666666666667
asymmetric,10,12,0.016543890833336544,1.34169219999967,50.586666666666666
hidden_curvature,6,6,0.004700837666662463,0.070509500000298,5.796666666666667
hidden_curvature,6,10,0.011303998666665196,0.31211460000031305,19.770833333333332
hidden_curvature,10,10,0.013103372666663395,0.6777873999999421,21.86916666666667
hidden_curvature,10,12,0.015286925583327005,0.617492600000332,27.841666666666665
simplex,3,3,0.004582493833351643,0.016790800000308,3.0
simplex,3,6,0.005489271416651687,0.07338789999994301,8.498333333333333
simplex,6,6,0.008210021750013423,0.283934399999452,16.666666666666668
simplex,6,10,0.012622754499981188,0.6340961999994761,32.840833333333336
simplex,10,10,0.015216695666668134,3.205236200000399,70.0
simplex,10,12,0.021838466916672388,5.406115200000386,87.5175
