method,t,nats,singleton_per_asset,true_success,true_possible_success,posterior_mass_lower,posterior_mass_upper,regret,regret_upper,attempted,valid,pooled_p95_regret,worst_cell_success
A1,0.005,0,32,0.6666666666666666,0.6666666666666666,0.6666666666666682,0.6666666666666682,1.2994018912415582e-05,1.2994026432881315e-05,200,200,1.7107071778252322e-05,0.0
A1,0.005,0,256,0.6666666666666666,0.6666666666666666,0.6666666666666301,0.6666666666666301,1.2994018912406329e-05,1.2994026432872062e-05,200,200,1.710707177822457e-05,0.0
A1,0.005,1,32,0.8849690939243179,0.8849690939243179,0.8885360368334666,0.8885360368334666,1.0830979519619557e-05,1.0830987040085288e-05,200,200,2.3009122399027243e-05,0.8787878787878788
A1,0.005,1,256,0.854741444293683,0.854741444293683,0.8853564140769544,0.8853564140769544,1.1191280862200986e-05,1.119128838266672e-05,200,200,2.3538105964566305e-05,0.803030303030303
A1,0.005,3,32,0.9352480024121815,0.9352480024121815,0.959558289145645,0.959558289145645,9.739194351137874e-06,9.739201871603609e-06,200,200,1.715150890924526e-05,0.9104477611940298
A1,0.005,3,256,0.9601236243027288,0.9601236243027288,0.9570416181892876,0.9570416181892876,9.213534802785195e-06,9.213542323250928e-06,200,200,1.0937492479531902e-05,0.9104477611940298
A1,0.005,6,32,1.0,1.0,0.9913899708865582,0.9913899708865582,8.447832213057358e-06,8.44783973352309e-06,200,200,1.0937492479463897e-05,1.0
A1,0.005,6,256,0.9750489974370571,0.9750489974370571,0.9869665467541219,0.9869665467541219,8.824575711195241e-06,8.824583231660974e-06,200,200,1.093749247950415e-05,0.9552238805970149
A1,0.01,0,32,0.6666666666666666,0.6666666666666666,0.6666666666666682,0.6666666666666682,5.295949272085543e-05,5.2959500261962056e-05,200,200,7.137849324480305e-05,0.0
A1,0.01,0,256,0.6666666666666666,0.6666666666666666,0.6666666666666301,0.6666666666666301,5.295949272086468e-05,5.2959500261971305e-05,200,200,7.137849324488632e-05,0.0
A1,0.01,1,32,0.8900195989748229,0.8900195989748229,0.8832251371314954,0.8832251371314954,4.348150793428425e-05,4.348151547538905e-05,200,200,8.215582149730879e-05,0.8805970149253731
A1,0.01,1,256,0.8748680838233076,0.8748680838233076,0.88258107971803,0.88258107971803,4.4720659060003693e-05,4.472066660110812e-05,200,200,9.179580338962921e-05,0.8484848484848485
A1,0.01,3,32,0.969998492386552,0.969998492386552,0.964659648511362,0.964659648511362,3.755741933329596e-05,3.755742687440596e-05,200,200,4.3749992458888554e-05,0.9402985074626866
A1,0.01,3,256,0.9400723654454998,0.9400723654454998,0.9601102347181469,0.9601102347181469,3.956918158474809e-05,3.956918912585206e-05,200,200,8.217644762541565e-05,0.8955223880597015
A1,0.01,6,32,0.9899743705713856,0.9899743705713856,0.9890599590784003,0.9890599590784003,3.5675602294948006e-05,3.56756098360541e-05,200,200,4.374999245883443e-05,0.9848484848484849
A1,0.01,6,256,0.9849992461932761,0.9849992461932761,0.9866965755556384,0.9866965755556384,3.582159386353122e-05,3.582160140463724e-05,200,200,4.3749992458861496e-05,0.9848484848484849
A1,0.02,0,32,0.6666666666666666,0.6666666666666666,0.6666666666666682,0.6666666666666682,0.00022100677902233334,0.00022100678660433334,200,200,0.00031302035223300005,0.0
A1,0.02,0,256,0.6666666666666666,0.6666666666666666,0.6666666666666301,0.6666666666666301,0.00022100677902233334,0.00022100678660466667,200,200,0.00031302035223300005,0.0
A1,0.02,1,32,0.884742951907131,0.884742951907131,0.8938486238252169,0.8938486238252169,0.00018308156826491505,0.00018308157584762024,200,200,0.0003580851991254499,0.8333333333333334
A1,0.02,1,256,0.8702698628071762,0.8702698628071762,0.8897230041564841,0.8897230041564841,0.00018732186174918197,0.00018732186933182677,200,200,0.00036658841833074997,0.8208955223880597
A1,0.02,3,32,0.9498718528569275,0.9498718528569275,0.9644285398087753,0.9644285398087753,0.00016519453216647483,0.0001651945397492397,200,200,0.00018190101040774765,0.9242424242424242
A1,0.02,3,256,0.9600482436303333,0.9600482436303333,0.965376883820769,0.965376883820769,0.00016253345668390754,0.00016253346426668748,200,200,0.00017499999241700002,0.9402985074626866
A1,0.02,6,32,0.9849992461932761,0.9849992461932761,0.9920176733169948,0.9920176733169948,0.00015475804432290435,0.00015475805190575895,200,200,0.00017499999241700002,0.9848484848484849
A1,0.02,6,256,1.0,1.0,0.9928885374134943,0.9928885374134943,0.0001509860754699238,0.00015098608305271386,200,200,0.00017499999241700002,1.0
CVaR,0.005,0,32,0.0,0.0,0.0,0.0,1.2654991357663454e-05,1.2654998878129183e-05,200,200,1.2654991357677331e-05,0.0
CVaR,0.005,0,256,0.0,0.0,0.0,0.0,1.2654991357663454e-05,1.2654998878129183e-05,200,200,1.2654991357677331e-05,0.0
CVaR,0.005,1,32,0.5101763907734057,0.5101763907734057,0.521136037887255,0.521136037887255,9.990194863178954e-06,9.990202383644685e-06,200,200,1.7506019132673684e-05,0.47761194029850745
CVaR,0.005,1,256,0.48982360922659435,0.48982360922659435,0.5090468828257765,0.5090468828257765,1.0740383014221908e-05,1.074039053468764e-05,200,200,1.8836724928083386e-05,0.45454545454545453
CVaR,0.005,3,32,0.8102668475802804,0.8102668475802804,0.8299287075731199,0.8299287075731199,6.521423054411409e-06,6.521430574877141e-06,200,200,2.0110665954518868e-05,0.7164179104477612
CVaR,0.005,3,256,0.8301673450927183,0.8301673450927183,0.8200144920075445,0.8200144920075445,5.399631060370176e-06,5.399638580835908e-06,200,200,1.3518643152707337e-05,0.8059701492537313
CVaR,0.005,6,32,0.964947987336047,0.964947987336047,0.950024677793385,0.950024677793385,2.4890194399893664e-06,2.489026740966606e-06,200,200,1.0021520504014521e-05,0.9545454545454546
CVaR,0.005,6,256,0.9249962309663803,0.9249962309663803,0.9369369056950779,0.9369369056950779,3.0864611605528043e-06,3.086468426009921e-06,200,200,1.271274101642264e-05,0.8805970149253731
CVaR,0.01,0,32,0.0,0.0,0.0,0.0,5.125549817026435e-05,5.1255505711370976e-05,200,200,5.1255498170268976e-05,0.0
CVaR,0.01,0,256,0.0,0.0,0.0,0.0,5.125549817026435e-05,5.1255505711370976e-05,200,200,5.1255498170268976e-05,0.0
CVaR,0.01,1,32,0.4646464646464647,0.4646464646464647,0.45624200090882944,0.45624200090882944,4.2093416597440374e-05,4.2093424138550844e-05,200,200,6.484650818009349e-05,0.3939393939393939
CVaR,0.01,1,256,0.4599728629579376,0.4599728629579376,0.4613063861013799,0.4613063861013799,4.3011794184455184e-05,4.3011801725561284e-05,200,200,7.662668317283129e-05,0.3880597014925373
CVaR,0.01,3,32,0.8546660636212874,0.8546660636212874,0.8546664718912828,0.8546664718912828,2.0827359580332695e-05,2.0827367121437494e-05,200,200,6.350851779962703e-05,0.7878787878787878
CVaR,0.01,3,256,0.7899894467058646,0.7899894467058646,0.8073746642990005,0.8073746642990005,2.4874651859821617e-05,2.4874659396257183e-05,200,200,7.79929319874486e-05,0.7761194029850746
CVaR,0.01,6,32,0.9449721091512137,0.9449721091512137,0.9417279148418948,0.9417279148418948,8.591601470360482e-06,8.591608858753235e-06,200,200,4.4142742162575596e-05,0.9393939393939394
CVaR,0.01,6,256,0.9351726217397859,0.9351726217397859,0.9333142699287459,0.9333142699287459,1.0849413914678562e-05,1.0849421216472697e-05,200,200,5.125549816866957e-05,0.9104477611940298
CVaR,0.02,0,32,0.0,0.0,0.0,0.0,0.00021030268541566668,0.0002103026929986667,200,200,0.00021030268541600002,0.0
CVaR,0.02,0,256,0.0,0.0,0.0,0.0,0.00021030268541566668,0.0002103026929986667,200,200,0.00021030268541600002,0.0
CVaR,0.02,1,32,0.5097241067390321,0.5097241067390321,0.5074173603971947,0.5074173603971947,0.00016319070401912776,0.0001631907116020382,200,200,0.00025639567232099984,0.45454545454545453
CVaR,0.02,1,256,0.42997135534448966,0.42997135534448966,0.451884403601174,0.451884403601174,0.00018279444670813932,0.00018279445429103273,200,200,0.00028410411105965,0.373134328358209
CVaR,0.02,3,32,0.840117593848937,0.840117593848937,0.8333847044111935,0.8333847044111935,8.315785503325106e-05,8.315786261615459e-05,200,200,0.00021725565184669987,0.7910447761194029
CVaR,0.02,3,256,0.8248906980250265,0.8248906980250265,0.8162461148666494,0.8162461148666494,9.384505870704619e-05,9.38450662899714e-05,200,200,0.00022126791982229912,0.803030303030303
CVaR,0.02,6,32,0.9197949645710839,0.9197949645710839,0.9467526612862281,0.9467526612862281,4.4920113746885964e-05,4.4920121219926726e-05,200,200,0.00024909671334214856,0.8787878787878788
CVaR,0.02,6,256,0.9399969847731042,0.9399969847731042,0.9536736037998481,0.9536736037998481,4.88463848564211e-05,4.8846392323817143e-05,200,200,0.0001892180474970998,0.9393939393939394
Greedy,0.005,0,32,0.6666666666666666,0.6666666666666666,0.6666666666666682,0.6666666666666682,1.2994018912415582e-05,1.2994026432881315e-05,200,200,1.7107071778252322e-05,0.0
Greedy,0.005,0,256,0.6666666666666666,0.6666666666666666,0.6666666666666301,0.6666666666666301,1.2994018912406329e-05,1.2994026432872062e-05,200,200,1.710707177822457e-05,0.0
Greedy,0.005,1,32,0.8849690939243179,0.8849690939243179,0.8885360368334666,0.8885360368334666,1.0830979519619557e-05,1.0830987040085288e-05,200,200,2.3009122399027243e-05,0.8787878787878788
Greedy,0.005,1,256,0.854741444293683,0.854741444293683,0.8853564140769544,0.8853564140769544,1.1191280862200986e-05,1.119128838266672e-05,200,200,2.3538105964566305e-05,0.803030303030303
Greedy,0.005,3,32,0.9352480024121815,0.9352480024121815,0.959558289145645,0.959558289145645,9.739194351137874e-06,9.739201871603609e-06,200,200,1.715150890924526e-05,0.9104477611940298
Greedy,0.005,3,256,0.9601236243027288,0.9601236243027288,0.9570416181892876,0.9570416181892876,9.213534802785195e-06,9.213542323250928e-06,200,200,1.0937492479531902e-05,0.9104477611940298
Greedy,0.005,6,32,1.0,1.0,0.9913899708865582,0.9913899708865582,8.447832213057358e-06,8.44783973352309e-06,200,200,1.0937492479463897e-05,1.0
Greedy,0.005,6,256,0.9750489974370571,0.9750489974370571,0.9869665467541219,0.9869665467541219,8.824575711195241e-06,8.824583231660974e-06,200,200,1.093749247950415e-05,0.9552238805970149
Greedy,0.01,0,32,0.6666666666666666,0.6666666666666666,0.6666666666666682,0.6666666666666682,5.295949272085543e-05,5.2959500261962056e-05,200,200,7.137849324480305e-05,0.0
Greedy,0.01,0,256,0.6666666666666666,0.6666666666666666,0.6666666666666301,0.6666666666666301,5.295949272086468e-05,5.2959500261971305e-05,200,200,7.137849324488632e-05,0.0
Greedy,0.01,1,32,0.8900195989748229,0.8900195989748229,0.8832251371314954,0.8832251371314954,4.348150793428425e-05,4.348151547538905e-05,200,200,8.215582149730879e-05,0.8805970149253731
Greedy,0.01,1,256,0.8748680838233076,0.8748680838233076,0.88258107971803,0.88258107971803,4.4720659060003693e-05,4.472066660110812e-05,200,200,9.179580338962921e-05,0.8484848484848485
Greedy,0.01,3,32,0.969998492386552,0.969998492386552,0.964659648511362,0.964659648511362,3.755741933329596e-05,3.755742687440596e-05,200,200,4.3749992458888554e-05,0.9402985074626866
Greedy,0.01,3,256,0.9400723654454998,0.9400723654454998,0.9601102347181469,0.9601102347181469,3.956918158474809e-05,3.956918912585206e-05,200,200,8.217644762541565e-05,0.8955223880597015
Greedy,0.01,6,32,0.9899743705713856,0.9899743705713856,0.9890599590784003,0.9890599590784003,3.5675602294948006e-05,3.56756098360541e-05,200,200,4.374999245883443e-05,0.9848484848484849
Greedy,0.01,6,256,0.9849992461932761,0.9849992461932761,0.9866965755556384,0.9866965755556384,3.582159386353122e-05,3.582160140463724e-05,200,200,4.3749992458861496e-05,0.9848484848484849
Greedy,0.02,0,32,0.6666666666666666,0.6666666666666666,0.6666666666666682,0.6666666666666682,0.00022100677902233334,0.00022100678660433334,200,200,0.00031302035223300005,0.0
Greedy,0.02,0,256,0.6666666666666666,0.6666666666666666,0.6666666666666301,0.6666666666666301,0.00022100677902233334,0.00022100678660466667,200,200,0.00031302035223300005,0.0
Greedy,0.02,1,32,0.884742951907131,0.884742951907131,0.8938486238252169,0.8938486238252169,0.00018308156826491505,0.00018308157584762024,200,200,0.0003580851991254499,0.8333333333333334
Greedy,0.02,1,256,0.8702698628071762,0.8702698628071762,0.8897230041564841,0.8897230041564841,0.00018732186174918197,0.00018732186933182677,200,200,0.00036658841833074997,0.8208955223880597
Greedy,0.02,3,32,0.9498718528569275,0.9498718528569275,0.9644285398087753,0.9644285398087753,0.00016519453216647483,0.0001651945397492397,200,200,0.00018190101040774765,0.9242424242424242
Greedy,0.02,3,256,0.9600482436303333,0.9600482436303333,0.965376883820769,0.965376883820769,0.00016253345668390754,0.00016253346426668748,200,200,0.00017499999241700002,0.9402985074626866
Greedy,0.02,6,32,0.9849992461932761,0.9849992461932761,0.9920176733169948,0.9920176733169948,0.00015475804432290435,0.00015475805190575895,200,200,0.00017499999241700002,0.9848484848484849
Greedy,0.02,6,256,1.0,1.0,0.9928885374134943,0.9928885374134943,0.0001509860754699238,0.00015098608305271386,200,200,0.00017499999241700002,1.0
Hinge,0.005,0,32,0.0,0.0,0.0,0.0,1.2654991357589442e-05,1.2654998878055171e-05,200,200,1.265499684584281e-05,0.0
Hinge,0.005,0,256,0.0,0.0,0.0,0.0,1.2654991357681958e-05,1.2654998878147692e-05,200,200,1.2654996845648522e-05,0.0
Hinge,0.005,1,32,0.0,0.7801145786220413,0.0,0.7877285567868606,1.1655735229975949e-05,1.165574275044168e-05,200,200,1.710704557569206e-05,0.0
Hinge,0.005,1,256,0.0,0.7448364239409017,0.0,0.7992268672577603,1.187593114065329e-05,1.1875938661119022e-05,200,200,1.710704562286891e-05,0.0
Hinge,0.005,3,32,0.0,0.9102969998492387,0.0,0.9326358579314099,1.1297031401124595e-05,1.1297038921590327e-05,200,200,1.5056382721825848e-05,0.0
Hinge,0.005,3,256,0.0,0.9350972410673903,0.0,0.9236741512267179,1.1170501428805292e-05,1.1170508949271023e-05,200,200,1.2582437851901821e-05,0.0
Hinge,0.005,6,32,0.11480476405849539,1.0,0.11480057841219798,0.9859509433156162,1.0937485107706391e-05,1.0937492628172122e-05,200,200,1.0937500000030022e-05,0.07575757575757576
Hinge,0.005,6,256,0.10010553294135383,0.9750489974370571,0.10010727218629412,0.9787987365905333,1.1066217522635192e-05,1.1066225043100927e-05,200,200,1.093750000004389e-05,0.04477611940298507
Hinge,0.01,0,32,0.0,0.0,0.0,0.0,5.1255498170338365e-05,5.125550571144499e-05,200,200,5.1255499227145784e-05,0.0
Hinge,0.01,0,256,0.0,0.0,0.0,0.0,5.125549817031986e-05,5.125550571142649e-05,200,200,5.1255499227145784e-05,0.0
Hinge,0.01,1,32,0.0,0.8099653248906981,0.0,0.7752167083446482,4.6623788716531875e-05,4.66237962576385e-05,200,200,6.64237943725977e-05,0.0
Hinge,0.01,1,256,0.0,0.7748379315543494,0.0,0.7772894515472105,4.716612279964095e-05,4.716613034074759e-05,200,200,7.137846481669319e-05,0.0
Hinge,0.01,3,32,0.01492537313432836,0.944896728478818,0.014924843461635714,0.9386508177189494,4.456290268945055e-05,4.456291023055718e-05,200,200,4.538692493197478e-05,0.0
Hinge,0.01,3,256,0.0,0.9150459822101613,0.0,0.9324425243635566,4.528556393354079e-05,4.528557147464742e-05,200,200,6.0564267005647855e-05,0.0
Hinge,0.01,6,32,0.22486054575606815,0.9849992461932761,0.22502784850740065,0.9818895117522533,4.4032486682358837e-05,4.4032494223465465e-05,200,200,4.375000000003681e-05,0.19696969696969696
Hinge,0.01,6,256,0.1902608171264888,0.9650987486808383,0.19022993165598903,0.9765166042269476,4.425213112003962e-05,4.4252138661146254e-05,200,200,4.3750000000051384e-05,0.16417910447761194
Hinge,0.02,0,32,0.0,0.0,0.0,0.0,0.00021030268541566668,0.00021030269299833338,200,200,0.000210302702887,0.0
Hinge,0.02,0,256,0.0,0.0,0.0,0.0,0.00021030268541566668,0.00021030269299866666,200,200,0.00021030270288600002,0.0
Hinge,0.02,1,32,0.0,0.7748379315543494,0.0,0.7756930949958293,0.00018843171893993317,0.00018843172652272826,200,200,0.00028323035300774997,0.0
Hinge,0.02,1,256,0.0,0.7602894617819991,0.0,0.7605534744764175,0.00018994187216158859,0.0001899418797443938,200,200,0.00027453029530974995,0.0
Hinge,0.02,3,32,0.034976631991557365,0.9199457259158752,0.03491875500266609,0.9268050842535426,0.000180988361023854,0.00018098836860669433,200,200,0.00022936516340539976,0.014925373134328358
Hinge,0.02,3,256,0.02495100256294286,0.9301221166892809,0.02662200404927566,0.9350055220626895,0.00017985472649362062,0.00017985473407649587,200,200,0.00020126738711055,0.015151515151515152
Hinge,0.02,6,32,0.29021558872305137,0.969998492386552,0.29012739543482874,0.9865241246745778,0.00017733370920462063,0.00017733371678747053,200,200,0.00017500000000000003,0.2537313432835821
Hinge,0.02,6,256,0.2751394542439319,1.0,0.2754247070106551,0.9900129705639847,0.00017499969383940714,0.00017499970142227704,200,200,0.00017500000000000003,0.23880597014925373
LCRC,0.005,0,32,0.0,0.0,0.0,0.0,1.2654991357663454e-05,1.2654998878129183e-05,200,200,1.2654991357677331e-05,0.0
LCRC,0.005,0,256,0.0,0.0,0.0,0.0,1.2654991357663454e-05,1.2654998878129183e-05,200,200,1.2654991357677331e-05,0.0
LCRC,0.005,1,32,0.07990351273933365,0.07990351273933365,0.07901256104057756,0.07901256104057756,1.2406812658300113e-05,1.240682017876584e-05,200,200,1.2654991357677331e-05,0.05970149253731343
LCRC,0.005,1,256,0.029926126941052317,0.029926126941052317,0.02955339244385874,0.02955339244385874,1.2514533909523879e-05,1.2514541411281864e-05,200,200,1.2654991357677331e-05,0.015151515151515152
LCRC,0.005,3,32,0.5103271521181969,0.5103271521181969,0.5163451466330905,0.5163451466330905,9.9351503029518e-06,9.935157296201177e-06,200,200,1.2654991357677331e-05,0.4626865671641791
LCRC,0.005,3,256,0.49012513191617674,0.49012513191617674,0.48651985253917607,0.48651985253917607,9.315870561490465e-06,9.315877366529597e-06,200,200,1.2654991357677331e-05,0.47761194029850745
LCRC,0.005,6,32,0.9150459822101613,0.9150459822101613,0.9214928174646202,0.9214928174646202,4.911308285475217e-06,4.911313774174503e-06,200,200,1.265499135766345e-05,0.8805970149253731
LCRC,0.005,6,256,0.8197648123021257,0.8197648123021257,0.8170471603128373,0.8170471603128373,5.717253752717453e-06,5.7172595438566796e-06,200,200,1.2654991357677331e-05,0.7611940298507462
LCRC,0.01,0,32,0.0,0.0,0.0,0.0,5.1255498170329115e-05,5.125550571143575e-05,200,200,5.125549817035224e-05,0.0
LCRC,0.01,0,256,0.0,0.0,0.0,0.0,5.1255498170329115e-05,5.125550571143575e-05,200,200,5.125549817035224e-05,0.0
LCRC,0.01,1,32,0.02005125885722901,0.02005125885722901,0.01977553837816189,0.01977553837816189,5.100789000296026e-05,5.1007897544066896e-05,200,200,5.125549817035224e-05,0.014925373134328358
LCRC,0.01,1,256,0.04477611940298507,0.04477611940298507,0.044230980783471596,0.044230980783471596,5.070256865371164e-05,5.0702576194818275e-05,200,200,5.125549817035224e-05,0.0
LCRC,0.01,3,32,0.554726368159204,0.554726368159204,0.5549906187394692,0.5549906187394692,3.7711325053199396e-05,3.7711331915570466e-05,200,200,5.125549817035224e-05,0.5
LCRC,0.01,3,256,0.5448515000753806,0.5448515000753806,0.5550973749564464,0.5550973749564464,3.925792741267338e-05,3.925793431286091e-05,200,200,5.125549817035224e-05,0.5151515151515151
LCRC,0.01,6,32,0.9048695914367556,0.9048695914367556,0.9052943766425775,0.9052943766425775,1.6463452266444044e-05,1.646345748911392e-05,200,200,5.1255498170324494e-05,0.8787878787878788
LCRC,0.01,6,256,0.8300919644203226,0.8300919644203226,0.8363364404625236,0.8363364404625236,2.1207581554519604e-05,2.1207587096660118e-05,200,200,5.125549817035224e-05,0.7761194029850746
LCRC,0.02,0,32,0.0,0.0,0.0,0.0,0.00021030268541566668,0.0002103026929986667,200,200,0.00021030268541600002,0.0
LCRC,0.02,0,256,0.0,0.0,0.0,0.0,0.00021030268541566668,0.0002103026929986667,200,200,0.00021030268541600002,0.0
LCRC,0.02,1,32,0.07982813206693803,0.07982813206693803,0.07873462474338017,0.07873462474338017,0.00020560323697049426,0.0002056032445346309,200,200,0.00021030268541600002,0.045454545454545456
LCRC,0.02,1,256,0.034976631991557365,0.034976631991557365,0.03458505165220593,0.03458505165220593,0.00020859566705570937,0.00020859567463870935,200,200,0.00021030268541600002,0.029850746268656716
LCRC,0.02,3,32,0.5652042816221922,0.5652042816221922,0.5606501342636246,0.5606501342636246,0.00014796184226170082,0.0001479618490287113,200,200,0.00021030268541600002,0.5373134328358209
LCRC,0.02,3,256,0.5799035127393336,0.5799035127393336,0.5802994711415531,0.5802994711415531,0.00015431174661744527,0.0001543117534993529,200,200,0.00021030268541600002,0.5522388059701493
LCRC,0.02,6,32,0.8948439620081411,0.8948439620081411,0.905943603176342,0.905943603176342,7.205244704758212e-05,7.205245227921941e-05,200,200,0.00021030268541600002,0.8636363636363636
LCRC,0.02,6,256,0.8702698628071762,0.8702698628071762,0.8666564160657265,0.8666564160657265,8.376921095124182e-05,8.376921656071922e-05,200,200,0.00021030268541600002,0.8059701492537313
MA,0.005,0,32,0.0,0.0,0.0,0.0,1.2654991357663454e-05,1.2654998878129183e-05,200,200,1.2654991357677331e-05,0.0
MA,0.005,0,256,0.0,0.0,0.0,0.0,1.2654991357663454e-05,1.2654998878129183e-05,200,200,1.2654991357677331e-05,0.0
MA,0.005,1,32,0.6402080506558119,0.6402080506558119,0.643438217456782,0.643438217456782,9.12613638285686e-06,9.126143903322593e-06,200,200,2.4297031623945332e-05,0.582089552238806
MA,0.005,1,256,0.6296547565204281,0.6296547565204281,0.6435071192861499,0.6435071192861499,9.768453135122253e-06,9.768460655587984e-06,200,200,2.5965696627769372e-05,0.5606060606060606
MA,0.005,3,32,0.765189205487713,0.765189205487713,0.8120749469353631,0.8120749469353631,6.2845586260545705e-06,6.2845661465203024e-06,200,200,2.76569611791899e-05,0.7164179104477612
MA,0.005,3,256,0.8300919644203226,0.8300919644203226,0.8197363739441007,0.8197363739441007,4.7557811162336235e-06,4.755788624374707e-06,200,200,2.4071946392398294e-05,0.8208955223880597
MA,0.005,6,32,0.944896728478818,0.944896728478818,0.9255450760593709,0.9255450760593709,1.9462539941344695e-06,1.9462611709480775e-06,200,200,1.1285821429187587e-05,0.9242424242424242
MA,0.005,6,256,0.9048695914367556,0.9048695914367556,0.9091718791512985,0.9091718791512985,2.7677938075552433e-06,2.767800944823219e-06,200,200,1.9745450759533982e-05,0.8787878787878788
MA,0.01,0,32,0.0,0.0,0.0,0.0,5.125549817031987e-05,5.12555057114265e-05,200,200,5.1255498170324494e-05,0.0
MA,0.01,0,256,0.0,0.0,0.0,0.0,5.125549817031987e-05,5.12555057114265e-05,200,200,5.1255498170324494e-05,0.0
MA,0.01,1,32,0.6649329112015679,0.6649329112015679,0.6337382693612753,0.6337382693612753,3.6456437260472416e-05,3.6456444801579613e-05,200,200,9.396410590127715e-05,0.6268656716417911
MA,0.01,1,256,0.6248303934871099,0.6248303934871099,0.623997711486927,0.623997711486927,3.871638094142971e-05,3.8716388482536525e-05,200,200,9.741273852580248e-05,0.582089552238806
MA,0.01,3,32,0.8548922056384743,0.8548922056384743,0.8353331516905323,0.8353331516905323,1.7298028220744348e-05,1.7298035761844955e-05,200,200,0.0001035047318934,0.8333333333333334
MA,0.01,3,256,0.8199909543193126,0.8199909543193126,0.819750839578676,0.819750839578676,2.157050947939984e-05,2.157051700505461e-05,200,200,0.0001031787355915999,0.8059701492537313
MA,0.01,6,32,0.9450474898236093,0.9450474898236093,0.9316338451017342,0.9316338451017342,7.3034984988901375e-06,7.303505794352802e-06,200,200,4.561801185440076e-05,0.9104477611940298
MA,0.01,6,256,0.9301221166892809,0.9301221166892809,0.9165461966503705,0.9165461966503705,9.209141129213555e-06,9.209148287554122e-06,200,200,7.397201423007998e-05,0.9104477611940298
MA,0.02,0,32,0.0,0.0,0.0,0.0,0.00021030268541600002,0.000210302692999,200,200,0.00021030268541600002,0.0
MA,0.02,0,256,0.0,0.0,0.0,0.0,0.00021030268541600002,0.000210302692999,200,200,0.00021030268541600002,0.0
MA,0.02,1,32,0.6599577868234584,0.6599577868234584,0.6489078959519131,0.6489078959519131,0.00014561266214896062,0.0001456126697318536,200,200,0.0003972000364557997,0.6515151515151515
MA,0.02,1,256,0.60530679933665,0.60530679933665,0.6185207264860284,0.6185207264860284,0.00016817071959531878,0.0001681707271782107,200,200,0.00042649609149009984,0.4626865671641791
MA,0.02,3,32,0.8098899442183024,0.8098899442183024,0.828430861158162,0.828430861158162,7.677773113879632e-05,7.677773872170124e-05,200,200,0.00038653980806184994,0.7878787878787878
MA,0.02,3,256,0.8199155736469169,0.8199155736469169,0.8146555548701393,0.8146555548701393,8.187553379474937e-05,8.187554137764462e-05,200,200,0.00038762416482414976,0.803030303030303
MA,0.02,6,32,0.9198703452434795,0.9198703452434795,0.9410812114356539,0.9410812114356539,4.2020185707441396e-05,4.202019310219733e-05,200,200,0.00042152198328899987,0.8939393939393939
MA,0.02,6,256,0.9148198401929745,0.9148198401929745,0.9231293595703646,0.9231293595703646,4.5832523717490156e-05,4.583253112262495e-05,200,200,0.0003416826610578492,0.8787878787878788
MLE,0.005,0,32,0.3333333333333333,0.3333333333333333,0.3333333333333341,0.3333333333333341,2.546689711193743e-05,2.546690337899375e-05,200,200,3.820034378781978e-05,0.0
MLE,0.005,0,256,0.3333333333333333,0.3333333333333333,0.33333333333331505,0.33333333333331505,2.546689711193743e-05,2.546690337899375e-05,200,200,3.820034378781978e-05,0.0
MLE,0.005,1,32,0.6402080506558118,0.6402080506558118,0.6392131620443633,0.6392131620443633,1.3744178564361893e-05,1.3744183677490553e-05,200,200,3.8200343787833664e-05,0.5970149253731343
MLE,0.005,1,256,0.6147293833860998,0.6147293833860998,0.6252067823749724,0.6252067823749724,1.4717472317514198e-05,1.4717477526448473e-05,200,200,3.8200343787833664e-05,0.5606060606060606
MLE,0.005,3,32,0.755238956731494,0.755238956731494,0.800713823104397,0.800713823104397,9.349958838588483e-06,9.349963519173157e-06,200,200,3.8200343787833664e-05,0.7014925373134329
MLE,0.005,3,256,0.8251168400422132,0.8251168400422132,0.8158891090491419,0.8158891090491419,6.680599935711007e-06,6.6806043535377135e-06,200,200,3.8200343787833664e-05,0.8059701492537313
MLE,0.005,6,32,0.9399216041007086,0.9399216041007086,0.9184684977282007,0.9184684977282007,2.295018911888727e-06,2.2950228980214485e-06,200,200,3.8200343787778146e-05,0.9242424242424242
MLE,0.005,6,256,0.8949193426805367,0.8949193426805367,0.9066744665029342,0.9066744665029342,4.0141206001504775e-06,4.014124755502321e-06,200,200,3.820034378782047e-05,0.8507462686567164
MLE,0.01,0,32,0.3333333333333333,0.3333333333333333,0.3333333333333341,0.3333333333333341,0.00010379802128017982,0.00010379802756502631,200,200,0.000155697030035,0.0
MLE,0.01,0,256,0.3333333333333333,0.3333333333333333,0.33333333333331505,0.33333333333331505,0.00010379802128017982,0.00010379802756502631,200,200,0.000155697030035,0.0
MLE,0.01,1,32,0.6399065279662295,0.6399065279662295,0.6223818608340922,0.6223818608340922,5.606548654344795e-05,5.606549167207147e-05,200,200,0.000155697030035,0.6212121212121212
MLE,0.01,1,256,0.639831147293834,0.639831147293834,0.6195319087149103,0.6195319087149103,5.607722308997762e-05,5.6077228218885296e-05,200,200,0.000155697030035,0.6060606060606061
MLE,0.01,3,32,0.8548168249660787,0.8548168249660787,0.8325788116424349,0.8325788116424349,2.2604592386961227e-05,2.2604596705060853e-05,200,200,0.000155697030035,0.8181818181818182
MLE,0.01,3,256,0.8199909543193126,0.8199909543193126,0.8143508756866358,0.8143508756866358,2.802687688373349e-05,2.8026881333177515e-05,200,200,0.000155697030035,0.8181818181818182
MLE,0.01,6,32,0.9399969847731042,0.9399969847731042,0.926698617803665,0.926698617803665,9.342294808276954e-06,9.342298805124088e-06,200,200,0.000155697030035,0.9104477611940298
MLE,0.01,6,256,0.9301221166892809,0.9301221166892809,0.9165461966503705,0.9165461966503705,1.0879782403682216e-05,1.0879786437772166e-05,200,200,0.000155697030035,0.9104477611940298
MLE,0.02,0,32,0.3333333333333333,0.3333333333333333,0.3333333333333341,0.3333333333333341,0.00043143878414581314,0.0004314387904649596,200,200,0.000647158174323,0.0
MLE,0.02,0,256,0.3333333333333333,0.3333333333333333,0.33333333333331505,0.33333333333331505,0.00043143878414581314,0.0004314387904649596,200,200,0.000647158174323,0.0
MLE,0.02,1,32,0.6549072817729534,0.6549072817729534,0.6509361370529968,0.6509361370529968,0.00022332957598301863,0.0002233295810828985,200,200,0.000647158174323,0.6363636363636364
MLE,0.02,1,256,0.6151816674204734,0.6151816674204734,0.6200752372421,0.6200752372421,0.0002490383318906118,0.0002490383371411135,200,200,0.000647158174323,0.5074626865671642
MLE,0.02,3,32,0.7949645710839741,0.7949645710839741,0.8211500607154835,0.8211500607154835,0.0001326903568628882,0.00013269036143173145,200,200,0.000647158174323,0.746268656716418
MLE,0.02,3,256,0.8149404492688075,0.8149404492688075,0.812283170796407,0.812283170796407,0.00011976280408203064,0.00011976280857513469,200,200,0.000647158174323,0.803030303030303
MLE,0.02,6,32,0.9198703452434795,0.9198703452434795,0.9386660443694801,0.9386660443694801,5.185656456899501e-05,5.1856568664251125e-05,200,200,0.000647158174323,0.8939393939393939
MLE,0.02,6,256,0.9148198401929745,0.9148198401929745,0.9183669183000166,0.9183669183000166,5.51250401777404e-05,5.512504429214596e-05,200,200,0.000647158174323,0.8787878787878788
Minimax,0.005,0,32,0.0,0.0,0.0,0.0,1.2654991357663454e-05,1.2654998878129183e-05,200,200,1.2654991357677331e-05,0.0
Minimax,0.005,0,256,0.0,0.0,0.0,0.0,1.2654991357663454e-05,1.2654998878129183e-05,200,200,1.2654991357677331e-05,0.0
Minimax,0.005,1,32,0.0,0.0,0.0,0.0,1.2654991357663454e-05,1.2654998878129183e-05,200,200,1.2654991357677331e-05,0.0
Minimax,0.005,1,256,0.0,0.0,0.0,0.0,1.2654991357663454e-05,1.2654998878129183e-05,200,200,1.2654991357677331e-05,0.0
Minimax,0.005,3,32,0.0,0.0,0.0,0.0,1.2654991357663454e-05,1.2654998878129183e-05,200,200,1.2654991357677331e-05,0.0
Minimax,0.005,3,256,0.0,0.0,0.0,0.0,1.2654991357663454e-05,1.2654998878129183e-05,200,200,1.2654991357677331e-05,0.0
Minimax,0.005,6,32,0.0,0.0,0.0,0.0,1.2654991357663454e-05,1.2654998878129183e-05,200,200,1.2654991357677331e-05,0.0
Minimax,0.005,6,256,0.0,0.0,0.0,0.0,1.2654991357663454e-05,1.2654998878129183e-05,200,200,1.2654991357677331e-05,0.0
Minimax,0.01,0,32,0.0,0.0,0.0,0.0,5.1255498170329115e-05,5.125550571143575e-05,200,200,5.125549817035224e-05,0.0
Minimax,0.01,0,256,0.0,0.0,0.0,0.0,5.1255498170329115e-05,5.125550571143575e-05,200,200,5.125549817035224e-05,0.0
Minimax,0.01,1,32,0.0,0.0,0.0,0.0,5.1255498170329115e-05,5.125550571143575e-05,200,200,5.125549817035224e-05,0.0
Minimax,0.01,1,256,0.0,0.0,0.0,0.0,5.1255498170329115e-05,5.125550571143575e-05,200,200,5.125549817035224e-05,0.0
Minimax,0.01,3,32,0.0,0.0,0.0,0.0,5.1255498170329115e-05,5.125550571143575e-05,200,200,5.125549817035224e-05,0.0
Minimax,0.01,3,256,0.0,0.0,0.0,0.0,5.1255498170329115e-05,5.125550571143575e-05,200,200,5.125549817035224e-05,0.0
Minimax,0.01,6,32,0.0,0.0,0.0,0.0,5.1255498170329115e-05,5.125550571143575e-05,200,200,5.125549817035224e-05,0.0
Minimax,0.01,6,256,0.0,0.0,0.0,0.0,5.1255498170329115e-05,5.125550571143575e-05,200,200,5.125549817035224e-05,0.0
Minimax,0.02,0,32,0.0,0.0,0.0,0.0,0.00021030268541566668,0.0002103026929986667,200,200,0.00021030268541600002,0.0
Minimax,0.02,0,256,0.0,0.0,0.0,0.0,0.00021030268541566668,0.0002103026929986667,200,200,0.00021030268541600002,0.0
Minimax,0.02,1,32,0.0,0.0,0.0,0.0,0.00021030268541566668,0.0002103026929986667,200,200,0.00021030268541600002,0.0
Minimax,0.02,1,256,0.0,0.0,0.0,0.0,0.00021030268541566668,0.0002103026929986667,200,200,0.00021030268541600002,0.0
Minimax,0.02,3,32,0.0,0.0,0.0,0.0,0.00021030268541566668,0.0002103026929986667,200,200,0.00021030268541600002,0.0
Minimax,0.02,3,256,0.0,0.0,0.0,0.0,0.00021030268541566668,0.0002103026929986667,200,200,0.00021030268541600002,0.0
Minimax,0.02,6,32,0.0,0.0,0.0,0.0,0.00021030268541566668,0.0002103026929986667,200,200,0.00021030268541600002,0.0
Minimax,0.02,6,256,0.0,0.0,0.0,0.0,0.00021030268541566668,0.0002103026929986667,200,200,0.00021030268541600002,0.0
RandomPair,0.005,0,32,0.6699080355796774,0.6699080355796774,0.6666666666666682,0.6666666666666682,1.5681849772952893e-05,1.5681857293418625e-05,200,200,2.8128222144527263e-05,0.6515151515151515
RandomPair,0.005,0,256,0.6855872154379616,0.6855872154379616,0.6666666666666301,0.6666666666666301,1.5390544803314285e-05,1.5390552323780018e-05,200,200,2.8128222144527263e-05,0.5970149253731343
RandomPair,0.005,1,32,0.6297301371928238,0.6297301371928238,0.6579935698927697,0.6579935698927697,1.6428321387412755e-05,1.6428328907878488e-05,200,200,2.8128222144527263e-05,0.5757575757575758
RandomPair,0.005,1,256,0.6501582994120307,0.6501582994120307,0.6482134625336097,0.6482134625336097,1.6048784287417457e-05,1.6048791807883186e-05,200,200,2.8128222144527263e-05,0.6119402985074627
RandomPair,0.005,3,32,0.6652344338911503,0.6652344338911503,0.6594770458868473,0.6594770458868473,1.5768682061775513e-05,1.5768689582241243e-05,200,200,2.8128222144527263e-05,0.6268656716417911
RandomPair,0.005,3,256,0.6899592944369064,0.6899592944369064,0.7022818778545626,0.7022818778545626,1.5309313440743326e-05,1.5309320961209056e-05,200,200,2.8128222144527263e-05,0.6716417910447762
RandomPair,0.005,6,32,0.6748077792853913,0.6748077792853913,0.6901591004638613,0.6901591004638613,1.5590816176538455e-05,1.5590823697004187e-05,200,200,2.8128222144527263e-05,0.6363636363636364
RandomPair,0.005,6,256,0.7648876827981305,0.7648876827981305,0.7519369998697245,0.7519369998697245,1.391720581919968e-05,1.3917213339665413e-05,200,200,2.8128222144527263e-05,0.7424242424242424
RandomPair,0.01,0,32,0.6699080355796774,0.6699080355796774,0.6666666666666682,0.6666666666666682,6.321599669383174e-05,6.32160042350419e-05,200,200,0.00011255105129400001,0.582089552238806
RandomPair,0.01,0,256,0.6796321423187095,0.6796321423187095,0.6666666666666301,0.6666666666666301,6.249988863981584e-05,6.249989618095288e-05,200,200,0.00011255105129400001,0.6060606060606061
RandomPair,0.01,1,32,0.700135685210312,0.700135685210312,0.6825500926385414,0.6825500926385414,6.098990627149127e-05,6.098991381265587e-05,200,200,0.00011255105129400001,0.6417910447761194
RandomPair,0.01,1,256,0.6397557666214383,0.6397557666214383,0.6376129460019092,0.6376129460019092,6.543653404305189e-05,6.543654158422926e-05,200,200,0.00011255105129400001,0.5909090909090909
RandomPair,0.01,3,32,0.6606362128750188,0.6606362128750188,0.6940254749218954,0.6940254749218954,6.389877922147949e-05,6.389878676268024e-05,200,200,0.00011255105129400001,0.582089552238806
RandomPair,0.01,3,256,0.6398311472938338,0.6398311472938338,0.6471914127104937,0.6471914127104937,6.543097980359621e-05,6.5430987344759e-05,200,200,0.00011255105129400001,0.5970149253731343
RandomPair,0.01,6,32,0.6251319161766923,0.6251319161766923,0.6234553053654118,0.6234553053654118,6.651347503812265e-05,6.651348257931884e-05,200,200,0.00011255105129400001,0.6119402985074627
RandomPair,0.01,6,256,0.609452736318408,0.609452736318408,0.6265732591102049,0.6265732591102049,6.76681800505868e-05,6.76681875917507e-05,200,200,0.00011255105129400001,0.5
RandomPair,0.02,0,32,0.7548620533695161,0.7548620533695161,0.6666666666666682,0.6666666666666682,0.00023242307359549848,0.00023242308117849851,200,200,0.000450824737572,0.7272727272727273
RandomPair,0.02,0,256,0.6352329262777023,0.6352329262777023,0.6666666666666301,0.6666666666666301,0.0002670349609711907,0.00026703496855419066,200,200,0.000450824737572,0.5223880597014925
RandomPair,0.02,1,32,0.629880898537615,0.629880898537615,0.6635047269584166,0.6635047269584166,0.0002685834448708018,0.0002685834524538018,200,200,0.000450824737572,0.6060606060606061
RandomPair,0.02,1,256,0.6795567616463138,0.6795567616463138,0.6781116849684334,0.6781116849684334,0.0002542108967855848,0.0002542109043685848,200,200,0.000450824737572,0.5909090909090909
RandomPair,0.02,3,32,0.6797075229911052,0.6797075229911052,0.6581728956744365,0.6581728956744365,0.00025416727753617847,0.00025416728511917845,200,200,0.000450824737572,0.6212121212121212
RandomPair,0.02,3,256,0.6651590532187547,0.6651590532187547,0.6557891947039015,0.6557891947039015,0.00025837653672083053,0.0002583765443038305,200,200,0.000450824737572,0.582089552238806
RandomPair,0.02,6,32,0.6597316448062717,0.6597316448062717,0.6601412374721968,0.6601412374721968,0.000259946830244598,0.000259946837827598,200,200,0.000450824737572,0.6060606060606061
RandomPair,0.02,6,256,0.669983416252073,0.669983416252073,0.679038591336782,0.679038591336782,0.00025698072020160557,0.00025698072778460555,200,200,0.000450824737572,0.6567164179104478
