method,truth,success,mean_regret,p95_regret
A1,0,1.0,7.656249245179296e-05,0.00017499999241700002
A1,1,1.0,7.65624924517837e-05,0.00017499999241700002
A1,2,0.0,0.00013383530575202774,0.00031302035223300005
CVaR,0,0.0,9.140439164764877e-05,0.000210302685415
CVaR,1,0.0,9.140439164797286e-05,0.00021030268541600002
CVaR,2,0.0,9.140439164797286e-05,0.00021030268541600002
Greedy,0,1.0,7.656249245179296e-05,0.00017499999241700002
Greedy,1,1.0,7.65624924517837e-05,0.00017499999241700002
Greedy,2,0.0,0.00013383530575202774,0.00031302035223300005
Hinge,0,0.0,9.140439965313048e-05,0.000210302702887
Hinge,1,0.0,9.140439186236369e-05,0.00021030268599700003
Hinge,2,0.0,9.140438342813733e-05,0.00021030266736400002
LCRC,0,0.0,9.140439164766727e-05,0.000210302685415
LCRC,1,0.0,9.140439164799136e-05,0.00021030268541600002
LCRC,2,0.0,9.140439164800062e-05,0.00021030268541600002
MA,0,0.0,9.140439164800062e-05,0.00021030268541600002
MA,1,0.0,9.140439164799136e-05,0.00021030268541600002
MA,2,0.0,9.140439164799136e-05,0.00021030268541600002
MLE,0,1.0,3.7740643943351415e-12,3.791439384670525e-12
MLE,1,0.0,0.00028035184938193997,0.000647158174323
MLE,2,0.0,0.00028035184938192604,0.000647158174323
Minimax,0,0.0,9.140439164766727e-05,0.000210302685415
Minimax,1,0.0,9.140439164799136e-05,0.00021030268541600002
Minimax,2,0.0,9.140439164800062e-05,0.00021030268541600002
RandomPair,0,0.664179104477612,0.00011268401481710625,0.000450824737487
RandomPair,1,0.6965174129353234,0.0001061586556364828,0.000450824737572
RandomPair,2,0.6868686868686869,0.0001092804867847129,0.000450824735998
