d,t,truth,multiplier,method,mean_regret,p95_regret,mean_scaled_regret,false_unlock,false_reject,joint_rows
10,0.01,0,0.0,B1,1.655629139072847e-05,1.655629139072847e-05,0.165562913907284,0.0,1.0,0
10,0.01,0,0.0,CVaR,1.632391987015638e-05,1.632391987015638e-05,0.163239198701563,0.0,1.0,0
10,0.01,0,0.0,LCRC,1.632391987015638e-05,1.632391987015638e-05,0.163239198701563,0.0,1.0,0
10,0.01,0,0.0,MA,1.655629139072847e-05,1.655629139072847e-05,0.165562913907284,0.0,1.0,0
10,0.01,0,0.0,MLE,0.0,0.0,0.0,0.0,0.0,0
10,0.01,0,0.0,Minimax,1.632391987015638e-05,1.632391987015638e-05,0.163239198701563,0.0,1.0,0
10,0.01,0,0.0,NoTrade,1.655629139072847e-05,1.655629139072847e-05,0.165562913907284,0.0,1.0,0
10,0.01,0,0.0,Oracle,0.0,0.0,0.0,0.0,0.0,0
10,0.01,0,0.25,B1,1.5811258278145688e-05,1.655629139072847e-05,0.15811258278145623,0.0,0.955,4
10,0.01,0,0.25,CVaR,1.3774580490990114e-05,1.655629139072847e-05,0.13774580490990043,0.0,0.845,4
10,0.01,0,0.25,LCRC,1.1426743909109466e-05,1.632391987015638e-05,0.1142674390910941,0.0,0.7,4
10,0.01,0,0.25,MA,1.3188566345199592e-05,1.655629139072847e-05,0.1318856634519953,0.0,0.815,4
10,0.01,0,0.25,MLE,4.1390728476821175e-06,1.655629139072847e-05,0.041390728476821,0.0,0.25,4
10,0.01,0,0.25,Minimax,1.632391987015638e-05,1.632391987015638e-05,0.163239198701563,0.0,1.0,4
10,0.01,0,0.25,NoTrade,1.655629139072847e-05,1.655629139072847e-05,0.165562913907284,0.0,1.0,4
10,0.01,0,0.25,Oracle,0.0,0.0,0.0,0.0,0.0,4
10,0.01,0,0.5,B1,1.2996688741721848e-05,1.655629139072847e-05,0.12996688741721793,0.0,0.785,7
10,0.01,0,0.5,CVaR,1.0887607928023974e-05,1.655629139072847e-05,0.10887607928023915,0.0,0.68,7
10,0.01,0,0.5,LCRC,8.243579534428973e-06,1.632391987015638e-05,0.08243579534428931,0.0,0.505,7
10,0.01,0,0.5,MA,1.0312197084323415e-05,1.655629139072847e-05,0.10312197084323364,0.0,0.63,7
10,0.01,0,0.5,MLE,2.897350993377482e-06,1.655629139072847e-05,0.028973509933774698,0.0,0.175,7
10,0.01,0,0.5,Minimax,1.632391987015638e-05,1.632391987015638e-05,0.163239198701563,0.0,1.0,7
10,0.01,0,0.5,NoTrade,1.655629139072847e-05,1.655629139072847e-05,0.165562913907284,0.0,1.0,7
10,0.01,0,0.5,Oracle,0.0,0.0,0.0,0.0,0.0,7
10,0.01,0,1.0,B1,8.360927152317878e-06,1.655629139072847e-05,0.08360927152317842,0.0,0.505,13
10,0.01,0,1.0,CVaR,5.950868188169179e-06,1.632391987015638e-05,0.05950868188169142,0.0,0.375,13
10,0.01,0,1.0,LCRC,3.591262371434404e-06,1.632391987015638e-05,0.03591262371434386,0.0,0.22,13
10,0.01,0,1.0,MA,5.120730953505457e-06,1.655629139072847e-05,0.05120730953505422,0.0,0.325,13
10,0.01,0,1.0,MLE,7.450331125827812e-07,0.0,0.007450331125827781,0.0,0.045,13
10,0.01,0,1.0,Minimax,1.632391987015638e-05,1.632391987015638e-05,0.163239198701563,0.0,1.0,13
10,0.01,0,1.0,NoTrade,1.655629139072847e-05,1.655629139072847e-05,0.165562913907284,0.0,1.0,13
10,0.01,0,1.0,Oracle,0.0,0.0,0.0,0.0,0.0,13
10,0.01,0,2.0,B1,2.1523178807947013e-06,1.655629139072847e-05,0.021523178807946918,0.0,0.13,26
10,0.01,0,2.0,CVaR,1.447565414735005e-06,1.632391987015638e-05,0.014475654147349946,0.0,0.11,26
10,0.01,0,2.0,LCRC,5.713371954554733e-07,0.0,0.0057133719545547045,0.0,0.035,26
10,0.01,0,2.0,MA,1.0176728375913538e-06,9.941492869405772e-06,0.010176728375913451,0.0,0.06,26
10,0.01,0,2.0,MLE,3.311258278145694e-07,0.0,0.00331125827814568,0.0,0.02,26
10,0.01,0,2.0,Minimax,1.632391987015638e-05,1.632391987015638e-05,0.163239198701563,0.0,1.0,26
10,0.01,0,2.0,NoTrade,1.655629139072847e-05,1.655629139072847e-05,0.165562913907284,0.0,1.0,26
10,0.01,0,2.0,Oracle,0.0,0.0,0.0,0.0,0.0,26
10,0.01,0,4.0,B1,4.139072847682118e-07,0.0,0.0041390728476821004,0.0,0.025,52
10,0.01,0,4.0,CVaR,1.909158227371954e-07,1.2754149427487126e-12,0.0019091582273719292,0.0,0.01,52
10,0.01,0,4.0,LCRC,0.0,0.0,0.0,0.0,0.0,52
10,0.01,0,4.0,MA,1.7246248040102483e-07,3.188531445580853e-13,0.0017246248040102272,0.0,0.01,52
10,0.01,0,4.0,MLE,0.0,0.0,0.0,0.0,0.0,52
10,0.01,0,4.0,Minimax,1.632391987015638e-05,1.632391987015638e-05,0.163239198701563,0.0,1.0,52
10,0.01,0,4.0,NoTrade,1.655629139072847e-05,1.655629139072847e-05,0.165562913907284,0.0,1.0,52
10,0.01,0,4.0,Oracle,0.0,0.0,0.0,0.0,0.0,52
10,0.01,0,8.0,B1,0.0,0.0,0.0,0.0,0.0,104
10,0.01,0,8.0,CVaR,1.0640480954864446e-21,3.38248304364064e-30,1.0640480954864448e-17,0.0,0.0,104
10,0.01,0,8.0,LCRC,0.0,0.0,0.0,0.0,0.0,104
10,0.01,0,8.0,MA,2.6601202325657505e-22,8.447534088852207e-31,2.660120232565751e-18,0.0,0.0,104
10,0.01,0,8.0,MLE,0.0,0.0,0.0,0.0,0.0,104
10,0.01,0,8.0,Minimax,1.632391987015638e-05,1.632391987015638e-05,0.163239198701563,0.0,1.0,104
10,0.01,0,8.0,NoTrade,1.655629139072847e-05,1.655629139072847e-05,0.165562913907284,0.0,1.0,104
10,0.01,0,8.0,Oracle,0.0,0.0,0.0,0.0,0.0,104
10,0.01,1,0.0,B1,0.0,0.0,0.0,0.0,0.0,0
10,0.01,1,0.0,CVaR,1.632391987015638e-05,1.632391987015638e-05,0.163239198701563,0.0,0.0,0
10,0.01,1,0.0,LCRC,1.632391987015638e-05,1.632391987015638e-05,0.163239198701563,0.0,0.0,0
10,0.01,1,0.0,MA,0.0,0.0,0.0,0.0,0.0,0
10,0.01,1,0.0,MLE,0.002326652339809,0.002326652339809,23.26652339809657,1.0,0.0,0
10,0.01,1,0.0,Minimax,1.632391987015638e-05,1.632391987015638e-05,0.163239198701563,0.0,0.0,0
10,0.01,1,0.0,NoTrade,0.0,0.0,0.0,0.0,0.0,0
10,0.01,1,0.0,Oracle,0.0,0.0,0.0,0.0,0.0,0
10,0.01,1,0.25,B1,0.0,0.0,0.0,0.0,0.0,4
10,0.01,1,0.25,CVaR,2.0404899837695476e-06,1.632391987015638e-05,0.020404899837695376,0.0,0.0,4
10,0.01,1,0.25,LCRC,1.632391987015638e-05,1.632391987015638e-05,0.163239198701563,0.0,0.0,4
10,0.01,1,0.25,MA,0.0,0.0,0.0,0.0,0.0,4
10,0.01,1,0.25,MLE,0.00027919828077708,0.002326652339809,2.7919828077715887,0.12,0.0,4
10,0.01,1,0.25,Minimax,1.632391987015638e-05,1.632391987015638e-05,0.163239198701563,0.0,0.0,4
10,0.01,1,0.25,NoTrade,0.0,0.0,0.0,0.0,0.0,4
10,0.01,1,0.25,Oracle,0.0,0.0,0.0,0.0,0.0,4
10,0.01,1,0.5,B1,0.0,0.0,0.0,0.0,0.0,7
10,0.01,1,0.5,CVaR,1.958870384418766e-06,1.632391987015638e-05,0.01958870384418756,0.0,0.0,7
10,0.01,1,0.5,LCRC,2.7140985575693565e-05,1.632391987015638e-05,0.2714098557569677,0.005,0.0,7
10,0.01,1,0.5,MA,0.0,0.0,0.0,0.0,0.0,7
10,0.01,1,0.5,MLE,0.000267565019078035,0.002326652339809,2.675650190781105,0.115,0.0,7
10,0.01,1,0.5,Minimax,1.632391987015638e-05,1.632391987015638e-05,0.163239198701563,0.0,0.0,7
10,0.01,1,0.5,NoTrade,0.0,0.0,0.0,0.0,0.0,7
10,0.01,1,0.5,Oracle,0.0,0.0,0.0,0.0,0.0,7
10,0.01,1,1.0,B1,0.0,0.0,0.0,0.0,0.0,13
10,0.01,1,1.0,CVaR,1.0610547915601648e-06,1.632391987015638e-05,0.010610547915601596,0.0,0.0,13
10,0.01,1,1.0,LCRC,7.75386193832428e-06,1.632391987015638e-05,0.07753861938324243,0.0,0.0,13
10,0.01,1,1.0,MA,0.0,0.0,0.0,0.0,0.0,13
10,0.01,1,1.0,MLE,0.00015123240208758502,0.002326652339809,1.5123240208762772,0.065,0.0,13
10,0.01,1,1.0,Minimax,1.632391987015638e-05,1.632391987015638e-05,0.163239198701563,0.0,0.0,13
10,0.01,1,1.0,NoTrade,0.0,0.0,0.0,0.0,0.0,13
10,0.01,1,1.0,Oracle,0.0,0.0,0.0,0.0,0.0,13
10,0.01,1,2.0,B1,0.0,0.0,0.0,0.0,0.0,26
10,0.01,1,2.0,CVaR,1.632391987015638e-07,0.0,0.00163239198701563,0.0,0.0,26
10,0.01,1,2.0,LCRC,1.71401158636642e-06,1.632391987015638e-05,0.017140115863664117,0.0,0.0,26
10,0.01,1,2.0,MA,0.0,0.0,0.0,0.0,0.0,26
10,0.01,1,2.0,MLE,2.3266523398090003e-05,0.0,0.2326652339809657,0.01,0.0,26
10,0.01,1,2.0,Minimax,1.632391987015638e-05,1.632391987015638e-05,0.163239198701563,0.0,0.0,26
10,0.01,1,2.0,NoTrade,0.0,0.0,0.0,0.0,0.0,26
10,0.01,1,2.0,Oracle,0.0,0.0,0.0,0.0,0.0,26
10,0.01,1,4.0,B1,0.0,0.0,0.0,0.0,0.0,52
10,0.01,1,4.0,CVaR,0.0,0.0,0.0,0.0,0.0,52
10,0.01,1,4.0,LCRC,2.4485879805234575e-07,0.0,0.002448587980523445,0.0,0.0,52
10,0.01,1,4.0,MA,0.0,0.0,0.0,0.0,0.0,52
10,0.01,1,4.0,MLE,0.0,0.0,0.0,0.0,0.0,52
10,0.01,1,4.0,Minimax,1.632391987015638e-05,1.632391987015638e-05,0.163239198701563,0.0,0.0,52
10,0.01,1,4.0,NoTrade,0.0,0.0,0.0,0.0,0.0,52
10,0.01,1,4.0,Oracle,0.0,0.0,0.0,0.0,0.0,52
10,0.01,1,8.0,B1,0.0,0.0,0.0,0.0,0.0,104
10,0.01,1,8.0,CVaR,0.0,0.0,0.0,0.0,0.0,104
10,0.01,1,8.0,LCRC,0.0,0.0,0.0,0.0,0.0,104
10,0.01,1,8.0,MA,0.0,0.0,0.0,0.0,0.0,104
10,0.01,1,8.0,MLE,0.0,0.0,0.0,0.0,0.0,104
10,0.01,1,8.0,Minimax,1.632391987015638e-05,1.632391987015638e-05,0.163239198701563,0.0,0.0,104
10,0.01,1,8.0,NoTrade,0.0,0.0,0.0,0.0,0.0,104
10,0.01,1,8.0,Oracle,0.0,0.0,0.0,0.0,0.0,104
10,0.03,0,0.0,B1,0.000147058823529,0.000147058823529,0.16339869281045702,0.0,1.0,0
10,0.03,0,0.0,CVaR,0.00014107620819300002,0.00014107620819300002,0.156751342437321,0.0,1.0,0
10,0.03,0,0.0,LCRC,0.00014107620819300002,0.00014107620819300002,0.156751342437321,0.0,1.0,0
10,0.03,0,0.0,MA,0.000147058823529,0.000147058823529,0.16339869281045702,0.0,1.0,0
10,0.03,0,0.0,MLE,0.0,0.0,0.0,0.0,0.0,0
10,0.03,0,0.0,Minimax,0.00014107620819300002,0.00014107620819300002,0.156751342437321,0.0,1.0,0
10,0.03,0,0.0,NoTrade,0.000147058823529,0.000147058823529,0.16339869281045702,0.0,1.0,0
10,0.03,0,0.0,Oracle,0.0,0.0,0.0,0.0,0.0,0
10,0.03,0,0.25,B1,0.000134558823529035,0.000147058823529,0.14950980392156818,0.0,0.915,3
10,0.03,0,0.25,CVaR,0.0001204087847339879,0.000147058823529,0.13378753859379025,0.0,0.85,3
10,0.03,0,0.25,LCRC,0.00011003944239054002,0.00014107620819300002,0.12226604710111039,0.0,0.78,3
10,0.03,0,0.25,MA,0.00011643977216255182,0.000147058823529,0.1293775246254088,0.0,0.8,3
10,0.03,0,0.25,MLE,5.0735294117505004e-05,0.000147058823529,0.05637254901960767,0.0,0.345,3
10,0.03,0,0.25,Minimax,0.00014107620819300002,0.00014107620819300002,0.156751342437321,0.0,1.0,3
10,0.03,0,0.25,NoTrade,0.000147058823529,0.000147058823529,0.16339869281045702,0.0,1.0,3
10,0.03,0,0.25,Oracle,0.0,0.0,0.0,0.0,0.0,3
10,0.03,0,0.5,B1,0.00011764705882320001,0.000147058823529,0.13071895424836563,0.0,0.8,6
10,0.03,0,0.5,CVaR,8.922444056754242e-05,0.000147058823529,0.09913826729761861,0.0,0.66,6
10,0.03,0,0.5,LCRC,7.900267658808e-05,0.00014107620819300002,0.08778075176489976,0.0,0.56,6
10,0.03,0,0.5,MA,8.02852682235773e-05,0.000147058823529,0.08920585358200002,0.0,0.58,6
10,0.03,0,0.5,MLE,2.499999999993e-05,0.000147058823529,0.027777777777777693,0.0,0.17,6
10,0.03,0,0.5,Minimax,0.00014107620819300002,0.00014107620819300002,0.156751342437321,0.0,1.0,6
10,0.03,0,0.5,NoTrade,0.000147058823529,0.000147058823529,0.16339869281045702,0.0,1.0,6
10,0.03,0,0.5,Oracle,0.0,0.0,0.0,0.0,0.0,6
10,0.03,0,1.0,B1,8.3088235293885e-05,0.000147058823529,0.09232026143790822,0.0,0.565,11
10,0.03,0,1.0,CVaR,6.148895323740317e-05,0.000147058823529,0.0683210591529222,0.0,0.445,11
10,0.03,0,1.0,LCRC,5.5049634271950006e-05,0.00014107620819300002,0.06116626030242087,0.0,0.39,11
10,0.03,0,1.0,MA,5.631796395060263e-05,0.000147058823529,0.06257551550084153,0.0,0.4,11
10,0.03,0,1.0,MLE,1.323529411761e-05,0.000147058823529,0.014705882352941131,0.0,0.09,11
10,0.03,0,1.0,Minimax,0.00014107620819300002,0.00014107620819300002,0.156751342437321,0.0,1.0,11
10,0.03,0,1.0,NoTrade,0.000147058823529,0.000147058823529,0.16339869281045702,0.0,1.0,11
10,0.03,0,1.0,Oracle,0.0,0.0,0.0,0.0,0.0,11
10,0.03,0,2.0,B1,2.8676470588155e-05,0.000147058823529,0.03186274509803912,0.0,0.195,22
10,0.03,0,2.0,CVaR,1.5770320002507023e-05,0.00014107620819300002,0.017522577780625086,0.0,0.12,22
10,0.03,0,2.0,LCRC,1.2021390773085002e-05,0.00014107620819300002,0.013357100859037964,0.0,0.085,22
10,0.03,0,2.0,MA,1.3266859051759344e-05,0.000147058823529,0.014740954501995805,0.0,0.085,22
10,0.03,0,2.0,MLE,2.94117647058e-06,0.0,0.0032679738562091405,0.0,0.02,22
10,0.03,0,2.0,Minimax,0.00014107620819300002,0.00014107620819300002,0.156751342437321,0.0,1.0,22
10,0.03,0,2.0,NoTrade,0.000147058823529,0.000147058823529,0.16339869281045702,0.0,1.0,22
10,0.03,0,2.0,Oracle,0.0,0.0,0.0,0.0,0.0,22
10,0.03,0,4.0,B1,2.94117647058e-06,0.0,0.0032679738562091405,0.0,0.02,43
10,0.03,0,4.0,CVaR,7.366514038252091e-07,2.3964318456609537e-09,0.000818501559809053,0.0,0.005,43
10,0.03,0,4.0,LCRC,7.053810409650001e-07,0.0,0.000783756712186605,0.0,0.005,43
10,0.03,0,4.0,MA,7.430932580217681e-07,5.990557626420956e-10,0.000825659175582021,0.0,0.005,43
10,0.03,0,4.0,MLE,0.0,0.0,0.0,0.0,0.0,43
10,0.03,0,4.0,Minimax,0.00014107620819300002,0.00014107620819300002,0.156751342437321,0.0,1.0,43
10,0.03,0,4.0,NoTrade,0.000147058823529,0.000147058823529,0.16339869281045702,0.0,1.0,43
10,0.03,0,4.0,Oracle,0.0,0.0,0.0,0.0,0.0,43
10,0.03,0,8.0,B1,0.0,0.0,0.0,0.0,0.0,86
10,0.03,0,8.0,CVaR,2.384727174093512e-20,5.946755932380235e-28,2.649696860103902e-17,0.0,0.0,86
10,0.03,0,8.0,LCRC,0.0,0.0,0.0,0.0,0.0,86
10,0.03,0,8.0,MA,5.9618179130772005e-21,1.486448054032463e-28,6.6242421256413326e-18,0.0,0.0,86
10,0.03,0,8.0,MLE,0.0,0.0,0.0,0.0,0.0,86
10,0.03,0,8.0,Minimax,0.00014107620819300002,0.00014107620819300002,0.156751342437321,0.0,1.0,86
10,0.03,0,8.0,NoTrade,0.000147058823529,0.000147058823529,0.16339869281045702,0.0,1.0,86
10,0.03,0,8.0,Oracle,0.0,0.0,0.0,0.0,0.0,86
10,0.03,1,0.0,B1,0.0,0.0,0.0,0.0,0.0,0
10,0.03,1,0.0,CVaR,0.00014107620819300002,0.00014107620819300002,0.156751342437321,0.0,0.0,0
10,0.03,1,0.0,LCRC,0.00014107620819300002,0.00014107620819300002,0.156751342437321,0.0,0.0,0
10,0.03,1,0.0,MA,0.0,0.0,0.0,0.0,0.0,0
10,0.03,1,0.0,MLE,0.006939638600538001,0.006939638600538,7.710709556153615,1.0,0.0,0
10,0.03,1,0.0,Minimax,0.00014107620819300002,0.00014107620819300002,0.156751342437321,0.0,0.0,0
10,0.03,1,0.0,NoTrade,0.0,0.0,0.0,0.0,0.0,0
10,0.03,1,0.0,Oracle,0.0,0.0,0.0,0.0,0.0,0
10,0.03,1,0.25,B1,0.0,0.0,0.0,0.0,0.0,3
10,0.03,1,0.25,CVaR,2.3982955392810005e-05,0.00014107620819300002,0.02664772821434457,0.0,0.0,3
10,0.03,1,0.25,LCRC,0.00014107620819300002,0.00014107620819300002,0.156751342437321,0.0,0.0,3
10,0.03,1,0.25,MA,1.07992826209e-06,0.0,0.0011999202912114002,0.0,0.0,3
10,0.03,1,0.25,MLE,0.0011450403690887701,0.006939638600538,1.2722670767653463,0.165,0.0,3
10,0.03,1,0.25,Minimax,0.00014107620819300002,0.00014107620819300002,0.156751342437321,0.0,0.0,3
10,0.03,1,0.25,NoTrade,0.0,0.0,0.0,0.0,0.0,3
10,0.03,1,0.25,Oracle,0.0,0.0,0.0,0.0,0.0,3
10,0.03,1,0.5,B1,0.0,0.0,0.0,0.0,0.0,6
10,0.03,1,0.5,CVaR,1.1286096655440001e-05,0.00014107620819300002,0.01254010739498568,0.0,0.0,6
10,0.03,1,0.5,LCRC,0.00013825468402914,0.00014107620819300002,0.15361631558857458,0.0,0.0,6
10,0.03,1,0.5,MA,0.0,0.0,0.0,0.0,0.0,6
10,0.03,1,0.5,MLE,0.00048577470203766,0.006939638600538,0.539749668930753,0.07,0.0,6
10,0.03,1,0.5,Minimax,0.00014107620819300002,0.00014107620819300002,0.156751342437321,0.0,0.0,6
10,0.03,1,0.5,NoTrade,0.0,0.0,0.0,0.0,0.0,6
10,0.03,1,0.5,Oracle,0.0,0.0,0.0,0.0,0.0,6
10,0.03,1,1.0,B1,0.0,0.0,0.0,0.0,0.0,11
10,0.03,1,1.0,CVaR,7.053810409650001e-06,7.053810409647595e-06,0.00783756712186605,0.0,0.0,11
10,0.03,1,1.0,LCRC,8.6761868038695e-05,0.00014107620819300002,0.09640207559895242,0.0,0.0,11
10,0.03,1,1.0,MA,0.0,0.0,0.0,0.0,0.0,11
10,0.03,1,1.0,MLE,0.0003469819300269,0.00034698193002678167,0.38553547780768077,0.05,0.0,11
10,0.03,1,1.0,Minimax,0.00014107620819300002,0.00014107620819300002,0.156751342437321,0.0,0.0,11
10,0.03,1,1.0,NoTrade,0.0,0.0,0.0,0.0,0.0,11
10,0.03,1,1.0,Oracle,0.0,0.0,0.0,0.0,0.0,11
10,0.03,1,2.0,B1,0.0,0.0,0.0,0.0,0.0,22
10,0.03,1,2.0,CVaR,2.1161431228950003e-06,0.0,0.002351270136559815,0.0,0.0,22
10,0.03,1,2.0,LCRC,2.6099098515705005e-05,0.00014107620819300002,0.028998998350904387,0.0,0.0,22
10,0.03,1,2.0,MA,0.0,0.0,0.0,0.0,0.0,22
10,0.03,1,2.0,MLE,0.00010409457900807,0.0,0.11566064334230422,0.015,0.0,22
10,0.03,1,2.0,Minimax,0.00014107620819300002,0.00014107620819300002,0.156751342437321,0.0,0.0,22
10,0.03,1,2.0,NoTrade,0.0,0.0,0.0,0.0,0.0,22
10,0.03,1,2.0,Oracle,0.0,0.0,0.0,0.0,0.0,22
10,0.03,1,4.0,B1,0.0,0.0,0.0,0.0,0.0,43
10,0.03,1,4.0,CVaR,1.4107620819300001e-06,0.0,0.00156751342437321,0.0,0.0,43
10,0.03,1,4.0,LCRC,4.937667286755e-06,0.0,0.005486296985306235,0.0,0.0,43
10,0.03,1,4.0,MA,0.0,0.0,0.0,0.0,0.0,43
10,0.03,1,4.0,MLE,3.469819300269e-05,0.0,0.038553547780768076,0.005,0.0,43
10,0.03,1,4.0,Minimax,0.00014107620819300002,0.00014107620819300002,0.156751342437321,0.0,0.0,43
10,0.03,1,4.0,NoTrade,0.0,0.0,0.0,0.0,0.0,43
10,0.03,1,4.0,Oracle,0.0,0.0,0.0,0.0,0.0,43
10,0.03,1,8.0,B1,0.0,0.0,0.0,0.0,0.0,86
10,0.03,1,8.0,CVaR,0.0,0.0,0.0,0.0,0.0,86
10,0.03,1,8.0,LCRC,0.0,0.0,0.0,0.0,0.0,86
10,0.03,1,8.0,MA,0.0,0.0,0.0,0.0,0.0,86
10,0.03,1,8.0,MLE,0.0,0.0,0.0,0.0,0.0,86
10,0.03,1,8.0,Minimax,0.00014107620819300002,0.00014107620819300002,0.156751342437321,0.0,0.0,86
10,0.03,1,8.0,NoTrade,0.0,0.0,0.0,0.0,0.0,86
10,0.03,1,8.0,Oracle,0.0,0.0,0.0,0.0,0.0,86
10,0.1,0,0.0,B1,0.0015625,0.0015624999999999999,0.156249999999999,0.0,1.0,0
10,0.1,0,0.0,CVaR,0.0013729320073789999,0.001372932007379,0.137293200737996,0.0,1.0,0
10,0.1,0,0.0,LCRC,0.0013729320073789999,0.001372932007379,0.137293200737996,0.0,1.0,0
10,0.1,0,0.0,MA,0.0015625,0.0015624999999999999,0.156249999999999,0.0,1.0,0
10,0.1,0,0.0,MLE,0.0,0.0,0.0,0.0,0.0,0
10,0.1,0,0.0,Minimax,0.0013729320073789999,0.001372932007379,0.137293200737996,0.0,1.0,0
10,0.1,0,0.0,NoTrade,0.0015625,0.0015624999999999999,0.156249999999999,0.0,1.0,0
10,0.1,0,0.0,Oracle,0.0,0.0,0.0,0.0,0.0,0
10,0.1,0,0.25,B1,0.0014531249999999998,0.0015624999999999999,0.14531249999999907,0.0,0.93,2
10,0.1,0,0.25,CVaR,0.0012296802288032905,0.0015624999999999999,0.12296802288038185,0.0,0.855,2
10,0.1,0,0.25,LCRC,0.0012013155064566252,0.001372932007379,0.1201315506457465,0.0,0.875,2
10,0.1,0,0.25,MA,0.0012233321511739728,0.0015624999999999999,0.12233321511740249,0.0,0.82,2
10,0.1,0,0.25,MLE,0.0006249999999999999,0.0015624999999999999,0.0624999999999996,0.0,0.4,2
10,0.1,0,0.25,Minimax,0.0013729320073789999,0.001372932007379,0.137293200737996,0.0,1.0,2
10,0.1,0,0.25,NoTrade,0.0015625,0.0015624999999999999,0.156249999999999,0.0,1.0,2
10,0.1,0,0.25,Oracle,0.0,0.0,0.0,0.0,0.0,2
10,0.1,0,0.5,B1,0.0012499999999999998,0.0015624999999999999,0.1249999999999992,0.0,0.8,4
10,0.1,0,0.5,CVaR,0.0009198854786708511,0.0015624999999999999,0.09198854786712594,0.0,0.665,4
10,0.1,0,0.5,LCRC,0.0009335937650177201,0.001372932007379,0.09335937650183729,0.0,0.68,4
10,0.1,0,0.5,MA,0.0008739827432304493,0.0015624999999999999,0.08739827432305036,0.0,0.57,4
10,0.1,0,0.5,MLE,0.00036718749999999995,0.0015624999999999999,0.036718749999999765,0.0,0.235,4
10,0.1,0,0.5,Minimax,0.0013729320073789999,0.001372932007379,0.137293200737996,0.0,1.0,4
10,0.1,0,0.5,NoTrade,0.0015625,0.0015624999999999999,0.156249999999999,0.0,1.0,4
10,0.1,0,0.5,Oracle,0.0,0.0,0.0,0.0,0.0,4
10,0.1,0,1.0,B1,0.0007109375,0.0015624999999999999,0.07109374999999955,0.0,0.455,8
10,0.1,0,1.0,CVaR,0.0004872992220378919,0.0015624999999999999,0.04872992220380942,0.0,0.34,8
10,0.1,0,1.0,LCRC,0.0005217141628040201,0.001372932007379,0.052171416280438476,0.0,0.38,8
10,0.1,0,1.0,MA,0.00045061809206351313,0.0015624999999999999,0.04506180920635388,0.0,0.295,8
10,0.1,0,1.0,MLE,0.00021874999999999998,0.0015624999999999999,0.021874999999999856,0.0,0.14,8
10,0.1,0,1.0,Minimax,0.0013729320073789999,0.001372932007379,0.137293200737996,0.0,1.0,8
10,0.1,0,1.0,NoTrade,0.0015625,0.0015624999999999999,0.156249999999999,0.0,1.0,8
10,0.1,0,1.0,Oracle,0.0,0.0,0.0,0.0,0.0,8
10,0.1,0,2.0,B1,0.00044531249999999996,0.0015624999999999999,0.04453124999999972,0.0,0.285,16
10,0.1,0,2.0,CVaR,0.0002480316097199796,0.001372932007379,0.024803160972013624,0.0,0.18,16
10,0.1,0,2.0,LCRC,0.00027458640147580004,0.001372932007379,0.0274586401475992,0.0,0.2,16
10,0.1,0,2.0,MA,0.00022733440735889706,0.0015624999999999999,0.022733440735892188,0.0,0.145,16
10,0.1,0,2.0,MLE,5.4687499999999994e-05,0.0,0.005468749999999964,0.0,0.035,16
10,0.1,0,2.0,Minimax,0.0013729320073789999,0.001372932007379,0.137293200737996,0.0,1.0,16
10,0.1,0,2.0,NoTrade,0.0015625,0.0015624999999999999,0.156249999999999,0.0,1.0,16
10,0.1,0,2.0,Oracle,0.0,0.0,0.0,0.0,0.0,16
10,0.1,0,4.0,B1,9.375e-05,0.0015624999999999999,0.00937499999999994,0.0,0.06,31
10,0.1,0,4.0,CVaR,4.823462158357217e-05,9.189879369205391e-05,0.004823462158361051,0.0,0.03,31
10,0.1,0,4.0,LCRC,6.1781940332055e-05,0.0,0.006178194033209821,0.0,0.045,31
10,0.1,0,4.0,MA,4.801514101598036e-05,2.2594889751421338e-05,0.004801514101598434,0.0,0.03,31
10,0.1,0,4.0,MLE,0.0,0.0,0.0,0.0,0.0,31
10,0.1,0,4.0,Minimax,0.0013729320073789999,0.001372932007379,0.137293200737996,0.0,1.0,31
10,0.1,0,4.0,NoTrade,0.0015625,0.0015624999999999999,0.156249999999999,0.0,1.0,31
10,0.1,0,4.0,Oracle,0.0,0.0,0.0,0.0,0.0,31
10,0.1,0,8.0,B1,0.0,0.0,0.0,0.0,0.0,61
10,0.1,0,8.0,CVaR,2.8396332997731617e-13,1.8971148049656025e-18,2.8396332997731612e-11,0.0,0.0,61
10,0.1,0,8.0,LCRC,0.0,0.0,0.0,0.0,0.0,61
10,0.1,0,8.0,MA,7.099016990215112e-14,4.742786983065141e-19,7.099016990215109e-12,0.0,0.0,61
10,0.1,0,8.0,MLE,0.0,0.0,0.0,0.0,0.0,61
10,0.1,0,8.0,Minimax,0.0013729320073789999,0.001372932007379,0.137293200737996,0.0,1.0,61
10,0.1,0,8.0,NoTrade,0.0015625,0.0015624999999999999,0.156249999999999,0.0,1.0,61
10,0.1,0,8.0,Oracle,0.0,0.0,0.0,0.0,0.0,61
10,0.1,1,0.0,B1,0.0,0.0,0.0,0.0,0.0,0
10,0.1,1,0.0,CVaR,0.0013729320073789999,0.001372932007379,0.137293200737996,0.0,0.0,0
10,0.1,1,0.0,LCRC,0.0013729320073789999,0.001372932007379,0.137293200737996,0.0,0.0,0
10,0.1,1,0.0,MA,0.0,0.0,0.0,0.0,0.0,0
10,0.1,1,0.0,MLE,0.02265625,0.02265625,2.265624999999999,1.0,0.0,0
10,0.1,1,0.0,Minimax,0.0013729320073789999,0.001372932007379,0.137293200737996,0.0,0.0,0
10,0.1,1,0.0,NoTrade,0.0,0.0,0.0,0.0,0.0,0
10,0.1,1,0.0,Oracle,0.0,0.0,0.0,0.0,0.0,0
10,0.1,1,0.25,B1,0.0,0.0,0.0,0.0,0.0,2
10,0.1,1,0.25,CVaR,0.000320978572793255,0.001372932007379,0.03209785727934805,0.0,0.0,2
10,0.1,1,0.25,LCRC,0.0013729320073789999,0.001372932007379,0.137293200737996,0.0,0.0,2
10,0.1,1,0.25,MA,9.62821606266e-05,0.0,0.009628216062660917,0.0,0.0,2
10,0.1,1,0.25,MLE,0.00419140625,0.02265625,0.4191406249999999,0.185,0.0,2
10,0.1,1,0.25,Minimax,0.0013729320073789999,0.001372932007379,0.137293200737996,0.0,0.0,2
10,0.1,1,0.25,NoTrade,0.0,0.0,0.0,0.0,0.0,2
10,0.1,1,0.25,Oracle,0.0,0.0,0.0,0.0,0.0,2
10,0.1,1,0.5,B1,0.0,0.0,0.0,0.0,0.0,4
10,0.1,1,0.5,CVaR,0.00030204504162338,0.001372932007379,0.03020450416235912,0.0,0.0,4
10,0.1,1,0.5,LCRC,0.001366067347342105,0.001372932007379,0.136606734734306,0.0,0.0,4
10,0.1,1,0.5,MA,0.000146766502127625,0.0,0.014676650212764462,0.005,0.0,4
10,0.1,1,0.5,MLE,0.00419140625,0.02265625,0.4191406249999999,0.185,0.0,4
10,0.1,1,0.5,Minimax,0.0013729320073789999,0.001372932007379,0.137293200737996,0.0,0.0,4
10,0.1,1,0.5,NoTrade,0.0,0.0,0.0,0.0,0.0,4
10,0.1,1,0.5,Oracle,0.0,0.0,0.0,0.0,0.0,4
10,0.1,1,1.0,B1,0.0,0.0,0.0,0.0,0.0,8
10,0.1,1,1.0,CVaR,0.00012356388066411,0.001372932007379,0.012356388066419642,0.0,0.0,8
10,0.1,1,1.0,LCRC,0.001077751625792515,0.001372932007379,0.10777516257932686,0.0,0.0,8
10,0.1,1,1.0,MA,2.99945592869e-05,0.0,0.0029994559286900652,0.0,0.0,8
10,0.1,1,1.0,MLE,0.00169921875,0.02265625,0.16992187499999992,0.075,0.0,8
10,0.1,1,1.0,Minimax,0.0013729320073789999,0.001372932007379,0.137293200737996,0.0,0.0,8
10,0.1,1,1.0,NoTrade,0.0,0.0,0.0,0.0,0.0,8
10,0.1,1,1.0,Oracle,0.0,0.0,0.0,0.0,0.0,8
10,0.1,1,2.0,B1,0.0,0.0,0.0,0.0,0.0,16
10,0.1,1,2.0,CVaR,9.125849789124001e-05,0.0,0.00912584978912604,0.005,0.0,16
10,0.1,1,2.0,LCRC,0.00032950368177096,0.001372932007379,0.03295036817711904,0.0,0.0,16
10,0.1,1,2.0,MA,8.870968880158502e-05,0.0,0.008870968880158925,0.005,0.0,16
10,0.1,1,2.0,MLE,0.00045312499999999997,0.0,0.045312499999999985,0.02,0.0,16
10,0.1,1,2.0,Minimax,0.0013729320073789999,0.001372932007379,0.137293200737996,0.0,0.0,16
10,0.1,1,2.0,NoTrade,0.0,0.0,0.0,0.0,0.0,16
10,0.1,1,2.0,Oracle,0.0,0.0,0.0,0.0,0.0,16
10,0.1,1,4.0,B1,0.0,0.0,0.0,0.0,0.0,31
10,0.1,1,4.0,CVaR,0.0,0.0,0.0,0.0,0.0,31
10,0.1,1,4.0,LCRC,4.8052620258265004e-05,0.0,0.00480526202582986,0.0,0.0,31
10,0.1,1,4.0,MA,0.0,0.0,0.0,0.0,0.0,31
10,0.1,1,4.0,MLE,0.0,0.0,0.0,0.0,0.0,31
10,0.1,1,4.0,Minimax,0.0013729320073789999,0.001372932007379,0.137293200737996,0.0,0.0,31
10,0.1,1,4.0,NoTrade,0.0,0.0,0.0,0.0,0.0,31
10,0.1,1,4.0,Oracle,0.0,0.0,0.0,0.0,0.0,31
10,0.1,1,8.0,B1,0.0,0.0,0.0,0.0,0.0,61
10,0.1,1,8.0,CVaR,0.0,0.0,0.0,0.0,0.0,61
10,0.1,1,8.0,LCRC,0.0,0.0,0.0,0.0,0.0,61
10,0.1,1,8.0,MA,0.0,0.0,0.0,0.0,0.0,61
10,0.1,1,8.0,MLE,0.0,0.0,0.0,0.0,0.0,61
10,0.1,1,8.0,Minimax,0.0013729320073789999,0.001372932007379,0.137293200737996,0.0,0.0,61
10,0.1,1,8.0,NoTrade,0.0,0.0,0.0,0.0,0.0,61
10,0.1,1,8.0,Oracle,0.0,0.0,0.0,0.0,0.0,61
20,0.01,0,0.0,B1,1.655629139072847e-05,1.655629139072847e-05,0.165562913907284,0.0,1.0,0
20,0.01,0,0.0,CVaR,1.632391987015638e-05,1.632391987015638e-05,0.163239198701563,0.0,1.0,0
20,0.01,0,0.0,LCRC,1.632391987015638e-05,1.632391987015638e-05,0.163239198701563,0.0,1.0,0
20,0.01,0,0.0,MA,1.655629139072847e-05,1.655629139072847e-05,0.165562913907284,0.0,1.0,0
20,0.01,0,0.0,MLE,0.0,0.0,0.0,0.0,0.0,0
20,0.01,0,0.0,Minimax,1.632391987015638e-05,1.632391987015638e-05,0.163239198701563,0.0,1.0,0
20,0.01,0,0.0,NoTrade,1.655629139072847e-05,1.655629139072847e-05,0.165562913907284,0.0,1.0,0
20,0.01,0,0.0,Oracle,0.0,0.0,0.0,0.0,0.0,0
20,0.01,0,0.25,B1,1.4817880794701982e-05,1.655629139072847e-05,0.14817880794701918,0.0,0.895,4
20,0.01,0,0.25,CVaR,1.3173293478705292e-05,1.655629139072847e-05,0.13173293478705225,0.0,0.82,4
20,0.01,0,0.25,LCRC,1.150836350846025e-05,1.632391987015638e-05,0.11508363508460193,0.0,0.705,4
20,0.01,0,0.25,MA,1.2837113756673263e-05,1.655629139072847e-05,0.12837113756673205,0.0,0.78,4
20,0.01,0,0.25,MLE,4.470198675496687e-06,1.655629139072847e-05,0.044701986754966686,0.0,0.27,4
20,0.01,0,0.25,Minimax,1.632391987015638e-05,1.632391987015638e-05,0.163239198701563,0.0,1.0,4
20,0.01,0,0.25,NoTrade,1.655629139072847e-05,1.655629139072847e-05,0.165562913907284,0.0,1.0,4
20,0.01,0,0.25,Oracle,0.0,0.0,0.0,0.0,0.0,4
20,0.01,0,0.5,B1,1.2996688741721848e-05,1.655629139072847e-05,0.12996688741721793,0.0,0.785,7
20,0.01,0,0.5,CVaR,1.0756012092215806e-05,1.655629139072847e-05,0.10756012092215748,0.0,0.675,7
20,0.01,0,0.5,LCRC,8.16195993507819e-06,1.632391987015638e-05,0.0816195993507815,0.0,0.5,7
20,0.01,0,0.5,MA,9.715853170531972e-06,1.655629139072847e-05,0.09715853170531923,0.0,0.605,7
20,0.01,0,0.5,MLE,2.980132450331125e-06,1.655629139072847e-05,0.029801324503311123,0.0,0.18,7
20,0.01,0,0.5,Minimax,1.632391987015638e-05,1.632391987015638e-05,0.163239198701563,0.0,1.0,7
20,0.01,0,0.5,NoTrade,1.655629139072847e-05,1.655629139072847e-05,0.165562913907284,0.0,1.0,7
20,0.01,0,0.5,Oracle,0.0,0.0,0.0,0.0,0.0,7
20,0.01,0,1.0,B1,8.112582781456949e-06,1.655629139072847e-05,0.08112582781456917,0.0,0.49,13
20,0.01,0,1.0,CVaR,5.2808279634180694e-06,1.632391987015638e-05,0.05280827963418035,0.0,0.33,13
20,0.01,0,1.0,LCRC,3.83728302708961e-06,1.632391987015638e-05,0.038372830270895913,0.0,0.235,13
20,0.01,0,1.0,MA,4.816113543634638e-06,1.655629139072847e-05,0.048161135436346064,0.0,0.3,13
20,0.01,0,1.0,MLE,7.450331125827812e-07,0.0,0.007450331125827781,0.0,0.045,13
20,0.01,0,1.0,Minimax,1.632391987015638e-05,1.632391987015638e-05,0.163239198701563,0.0,1.0,13
20,0.01,0,1.0,NoTrade,1.655629139072847e-05,1.655629139072847e-05,0.165562913907284,0.0,1.0,13
20,0.01,0,1.0,Oracle,0.0,0.0,0.0,0.0,0.0,13
20,0.01,0,2.0,B1,2.731788079470197e-06,1.655629139072847e-05,0.02731788079470186,0.0,0.165,26
20,0.01,0,2.0,CVaR,1.800703215247886e-06,1.632391987015638e-05,0.01800703215247872,0.0,0.12,26
20,0.01,0,2.0,LCRC,1.1426743909109466e-06,1.632391987015638e-05,0.011426743909109409,0.0,0.07,26
20,0.01,0,2.0,MA,1.4993396429617843e-06,1.655629139072847e-05,0.014993396429617748,0.0,0.095,26
20,0.01,0,2.0,MLE,8.278145695364235e-08,0.0,0.00082781456953642,0.0,0.005,26
20,0.01,0,2.0,Minimax,1.632391987015638e-05,1.632391987015638e-05,0.163239198701563,0.0,1.0,26
20,0.01,0,2.0,NoTrade,1.655629139072847e-05,1.655629139072847e-05,0.165562913907284,0.0,1.0,26
20,0.01,0,2.0,Oracle,0.0,0.0,0.0,0.0,0.0,26
20,0.01,0,4.0,B1,2.483443708609271e-07,0.0,0.00248344370860926,0.0,0.015,52
20,0.01,0,4.0,CVaR,1.3499289820066421e-08,2.6581099376682386e-10,0.0001349928982006505,0.0,0.0,52
20,0.01,0,4.0,LCRC,0.0,0.0,0.0,0.0,0.0,52
20,0.01,0,4.0,MA,3.368452132451873e-09,6.64508702656828e-11,3.3684521324503895e-05,0.0,0.0,52
20,0.01,0,4.0,MLE,0.0,0.0,0.0,0.0,0.0,52
20,0.01,0,4.0,Minimax,1.632391987015638e-05,1.632391987015638e-05,0.163239198701563,0.0,1.0,52
20,0.01,0,4.0,NoTrade,1.655629139072847e-05,1.655629139072847e-05,0.165562913907284,0.0,1.0,52
20,0.01,0,4.0,Oracle,0.0,0.0,0.0,0.0,0.0,52
20,0.01,0,8.0,B1,0.0,0.0,0.0,0.0,0.0,104
20,0.01,0,8.0,CVaR,7.936537227979409e-23,2.668913091847042e-31,7.936537227979409e-19,0.0,0.0,104
20,0.01,0,8.0,LCRC,0.0,0.0,0.0,0.0,0.0,104
20,0.01,0,8.0,MA,1.984134324640354e-23,6.644819984237763e-32,1.9841343246403544e-19,0.0,0.0,104
20,0.01,0,8.0,MLE,0.0,0.0,0.0,0.0,0.0,104
20,0.01,0,8.0,Minimax,1.632391987015638e-05,1.632391987015638e-05,0.163239198701563,0.0,1.0,104
20,0.01,0,8.0,NoTrade,1.655629139072847e-05,1.655629139072847e-05,0.165562913907284,0.0,1.0,104
20,0.01,0,8.0,Oracle,0.0,0.0,0.0,0.0,0.0,104
20,0.01,1,0.0,B1,0.0,0.0,0.0,0.0,0.0,0
20,0.01,1,0.0,CVaR,1.632391987015638e-05,1.632391987015638e-05,0.163239198701563,0.0,0.0,0
20,0.01,1,0.0,LCRC,1.632391987015638e-05,1.632391987015638e-05,0.163239198701563,0.0,0.0,0
20,0.01,1,0.0,MA,0.0,0.0,0.0,0.0,0.0,0
20,0.01,1,0.0,MLE,0.002326652339809,0.002326652339809,23.26652339809657,1.0,0.0,0
20,0.01,1,0.0,Minimax,1.632391987015638e-05,1.632391987015638e-05,0.163239198701563,0.0,0.0,0
20,0.01,1,0.0,NoTrade,0.0,0.0,0.0,0.0,0.0,0
20,0.01,1,0.0,Oracle,0.0,0.0,0.0,0.0,0.0,0
20,0.01,1,0.25,B1,0.0,0.0,0.0,0.0,0.0,4
20,0.01,1,0.25,CVaR,2.611827179225021e-06,1.632391987015638e-05,0.02611827179225008,0.0,0.0,4
20,0.01,1,0.25,LCRC,1.632391987015638e-05,1.632391987015638e-05,0.163239198701563,0.0,0.0,4
20,0.01,1,0.25,MA,0.0,0.0,0.0,0.0,0.0,4
20,0.01,1,0.25,MLE,0.00034899785097135006,0.002326652339809,3.4899785097144855,0.15,0.0,4
20,0.01,1,0.25,Minimax,1.632391987015638e-05,1.632391987015638e-05,0.163239198701563,0.0,0.0,4
20,0.01,1,0.25,NoTrade,0.0,0.0,0.0,0.0,0.0,4
20,0.01,1,0.25,Oracle,0.0,0.0,0.0,0.0,0.0,4
20,0.01,1,0.5,B1,0.0,0.0,0.0,0.0,0.0,7
20,0.01,1,0.5,CVaR,2.2037291824711116e-06,1.632391987015638e-05,0.022037291824711005,0.0,0.0,7
20,0.01,1,0.5,LCRC,1.5589343475999344e-05,1.632391987015638e-05,0.15589343475999265,0.0,0.0,7
20,0.01,1,0.5,MA,0.0,0.0,0.0,0.0,0.0,7
20,0.01,1,0.5,MLE,0.00031409806587421506,0.002326652339809,3.140980658743037,0.135,0.0,7
20,0.01,1,0.5,Minimax,1.632391987015638e-05,1.632391987015638e-05,0.163239198701563,0.0,0.0,7
20,0.01,1,0.5,NoTrade,0.0,0.0,0.0,0.0,0.0,7
20,0.01,1,0.5,Oracle,0.0,0.0,0.0,0.0,0.0,7
20,0.01,1,1.0,B1,0.0,0.0,0.0,0.0,0.0,13
20,0.01,1,1.0,CVaR,7.345763941570372e-07,0.0,0.0073457639415703355,0.0,0.0,13
20,0.01,1,1.0,LCRC,8.080340335727408e-06,1.632391987015638e-05,0.08080340335727369,0.0,0.0,13
20,0.01,1,1.0,MA,0.0,0.0,0.0,0.0,0.0,13
20,0.01,1,1.0,MLE,0.000104699355291405,0.0,1.0469935529143457,0.045,0.0,13
20,0.01,1,1.0,Minimax,1.632391987015638e-05,1.632391987015638e-05,0.163239198701563,0.0,0.0,13
20,0.01,1,1.0,NoTrade,0.0,0.0,0.0,0.0,0.0,13
20,0.01,1,1.0,Oracle,0.0,0.0,0.0,0.0,0.0,13
20,0.01,1,2.0,B1,0.0,0.0,0.0,0.0,0.0,26
20,0.01,1,2.0,CVaR,2.4485879805234575e-07,0.0,0.002448587980523445,0.0,0.0,26
20,0.01,1,2.0,LCRC,1.550772387664856e-06,1.632391987015638e-05,0.015507723876648484,0.0,0.0,26
20,0.01,1,2.0,MA,0.0,0.0,0.0,0.0,0.0,26
20,0.01,1,2.0,MLE,3.4899785097135e-05,0.0,0.3489978509714486,0.015,0.0,26
20,0.01,1,2.0,Minimax,1.632391987015638e-05,1.632391987015638e-05,0.163239198701563,0.0,0.0,26
20,0.01,1,2.0,NoTrade,0.0,0.0,0.0,0.0,0.0,26
20,0.01,1,2.0,Oracle,0.0,0.0,0.0,0.0,0.0,26
20,0.01,1,4.0,B1,0.0,0.0,0.0,0.0,0.0,52
20,0.01,1,4.0,CVaR,0.0,0.0,0.0,0.0,0.0,52
20,0.01,1,4.0,LCRC,2.4485879805234575e-07,0.0,0.002448587980523445,0.0,0.0,52
20,0.01,1,4.0,MA,0.0,0.0,0.0,0.0,0.0,52
20,0.01,1,4.0,MLE,0.0,0.0,0.0,0.0,0.0,52
20,0.01,1,4.0,Minimax,1.632391987015638e-05,1.632391987015638e-05,0.163239198701563,0.0,0.0,52
20,0.01,1,4.0,NoTrade,0.0,0.0,0.0,0.0,0.0,52
20,0.01,1,4.0,Oracle,0.0,0.0,0.0,0.0,0.0,52
20,0.01,1,8.0,B1,0.0,0.0,0.0,0.0,0.0,104
20,0.01,1,8.0,CVaR,0.0,0.0,0.0,0.0,0.0,104
20,0.01,1,8.0,LCRC,0.0,0.0,0.0,0.0,0.0,104
20,0.01,1,8.0,MA,0.0,0.0,0.0,0.0,0.0,104
20,0.01,1,8.0,MLE,0.0,0.0,0.0,0.0,0.0,104
20,0.01,1,8.0,Minimax,1.632391987015638e-05,1.632391987015638e-05,0.163239198701563,0.0,0.0,104
20,0.01,1,8.0,NoTrade,0.0,0.0,0.0,0.0,0.0,104
20,0.01,1,8.0,Oracle,0.0,0.0,0.0,0.0,0.0,104
20,0.03,0,0.0,B1,0.000147058823529,0.000147058823529,0.16339869281045702,0.0,1.0,0
20,0.03,0,0.0,CVaR,0.00014107620819300002,0.00014107620819300002,0.156751342437321,0.0,1.0,0
20,0.03,0,0.0,LCRC,0.00014107620819300002,0.00014107620819300002,0.156751342437321,0.0,1.0,0
20,0.03,0,0.0,MA,0.000147058823529,0.000147058823529,0.16339869281045702,0.0,1.0,0
20,0.03,0,0.0,MLE,0.0,0.0,0.0,0.0,0.0,0
20,0.03,0,0.0,Minimax,0.00014107620819300002,0.00014107620819300002,0.156751342437321,0.0,1.0,0
20,0.03,0,0.0,NoTrade,0.000147058823529,0.000147058823529,0.16339869281045702,0.0,1.0,0
20,0.03,0,0.0,Oracle,0.0,0.0,0.0,0.0,0.0,0
20,0.03,0,0.25,B1,0.00014117647058783998,0.000147058823529,0.15686274509803874,0.0,0.96,3
20,0.03,0,0.25,CVaR,0.00012648782343034441,0.000147058823529,0.14054202603421362,0.0,0.9,3
20,0.03,0,0.25,LCRC,0.00011850401488212002,0.00014107620819300002,0.13167112764734965,0.0,0.84,3
20,0.03,0,0.25,MA,0.00012280218891764694,0.000147058823529,0.1364468765755423,0.0,0.845,3
20,0.03,0,0.25,MLE,4.999999999986e-05,0.000147058823529,0.055555555555555386,0.0,0.34,3
20,0.03,0,0.25,Minimax,0.00014107620819300002,0.00014107620819300002,0.156751342437321,0.0,1.0,3
20,0.03,0,0.25,NoTrade,0.000147058823529,0.000147058823529,0.16339869281045702,0.0,1.0,3
20,0.03,0,0.25,Oracle,0.0,0.0,0.0,0.0,0.0,3
20,0.03,0,0.5,B1,0.00011176470588204,0.000147058823529,0.12418300653594734,0.0,0.76,6
20,0.03,0,0.5,CVaR,8.710524919122251e-05,0.000147058823529,0.0967836102128182,0.0,0.615,6
20,0.03,0,0.5,LCRC,7.900267658808e-05,0.00014107620819300002,0.08778075176489976,0.0,0.56,6
20,0.03,0,0.5,MA,7.969420019366232e-05,0.000147058823529,0.08854911132652,0.0,0.57,6
20,0.03,0,0.5,MLE,2.5735294117574998e-05,0.000147058823529,0.028594771241829978,0.0,0.175,6
20,0.03,0,0.5,Minimax,0.00014107620819300002,0.00014107620819300002,0.156751342437321,0.0,1.0,6
20,0.03,0,0.5,NoTrade,0.000147058823529,0.000147058823529,0.16339869281045702,0.0,1.0,6
20,0.03,0,0.5,Oracle,0.0,0.0,0.0,0.0,0.0,6
20,0.03,0,1.0,B1,8.088235294094999e-05,0.000147058823529,0.08986928104575137,0.0,0.55,11
20,0.03,0,1.0,CVaR,5.294672022649398e-05,0.000147058823529,0.05882968914076023,0.0,0.375,11
20,0.03,0,1.0,LCRC,4.732035589801501e-05,0.00014107620819300002,0.05257817322023389,0.0,0.335,11
20,0.03,0,1.0,MA,4.826143077331936e-05,0.000147058823529,0.05362381197049409,0.0,0.335,11
20,0.03,0,1.0,MLE,1.2499999999965e-05,0.000147058823529,0.013888888888888846,0.0,0.085,11
20,0.03,0,1.0,Minimax,0.00014107620819300002,0.00014107620819300002,0.156751342437321,0.0,1.0,11
20,0.03,0,1.0,NoTrade,0.000147058823529,0.000147058823529,0.16339869281045702,0.0,1.0,11
20,0.03,0,1.0,Oracle,0.0,0.0,0.0,0.0,0.0,11
20,0.03,0,2.0,B1,1.7647058823479998e-05,0.000147058823529,0.019607843137254843,0.0,0.12,22
20,0.03,0,2.0,CVaR,1.1850616829205941e-05,0.00014107620819300002,0.0131673520324994,0.0,0.085,22
20,0.03,0,2.0,LCRC,9.87533457351e-06,0.00014107620819300002,0.01097259397061247,0.0,0.07,22
20,0.03,0,2.0,MA,1.0831979412952463e-05,0.000147058823529,0.01203553268109026,0.0,0.08,22
20,0.03,0,2.0,MLE,2.94117647058e-06,0.0,0.0032679738562091405,0.0,0.02,22
20,0.03,0,2.0,Minimax,0.00014107620819300002,0.00014107620819300002,0.156751342437321,0.0,1.0,22
20,0.03,0,2.0,NoTrade,0.000147058823529,0.000147058823529,0.16339869281045702,0.0,1.0,22
20,0.03,0,2.0,Oracle,0.0,0.0,0.0,0.0,0.0,22
20,0.03,0,4.0,B1,5.147058823515e-06,0.0,0.005718954248365996,0.0,0.035,43
20,0.03,0,4.0,CVaR,2.5431037212235685e-06,1.5650717256658865e-07,0.0028256708013683312,0.0,0.02,43
20,0.03,0,4.0,LCRC,2.1161431228950003e-06,0.0,0.002351270136559815,0.0,0.015,43
20,0.03,0,4.0,MA,1.9595915525261253e-06,3.9100606937851873e-08,0.0021773239472558025,0.0,0.015,43
20,0.03,0,4.0,MLE,7.35294117645e-07,0.0,0.0008169934640522851,0.0,0.005,43
20,0.03,0,4.0,Minimax,0.00014107620819300002,0.00014107620819300002,0.156751342437321,0.0,1.0,43
20,0.03,0,4.0,NoTrade,0.000147058823529,0.000147058823529,0.16339869281045702,0.0,1.0,43
20,0.03,0,4.0,Oracle,0.0,0.0,0.0,0.0,0.0,43
20,0.03,0,8.0,B1,0.0,0.0,0.0,0.0,0.0,86
20,0.03,0,8.0,CVaR,6.673582359108888e-14,9.164279408576005e-26,7.415091510120989e-11,0.0,0.0,86
20,0.03,0,8.0,LCRC,0.0,0.0,0.0,0.0,0.0,86
20,0.03,0,8.0,MA,1.66838553724056e-14,2.2910719445061528e-26,1.8537617080450664e-11,0.0,0.0,86
20,0.03,0,8.0,MLE,0.0,0.0,0.0,0.0,0.0,86
20,0.03,0,8.0,Minimax,0.00014107620819300002,0.00014107620819300002,0.156751342437321,0.0,1.0,86
20,0.03,0,8.0,NoTrade,0.000147058823529,0.000147058823529,0.16339869281045702,0.0,1.0,86
20,0.03,0,8.0,Oracle,0.0,0.0,0.0,0.0,0.0,86
20,0.03,1,0.0,B1,0.0,0.0,0.0,0.0,0.0,0
20,0.03,1,0.0,CVaR,0.00014107620819300002,0.00014107620819300002,0.156751342437321,0.0,0.0,0
20,0.03,1,0.0,LCRC,0.00014107620819300002,0.00014107620819300002,0.156751342437321,0.0,0.0,0
20,0.03,1,0.0,MA,0.0,0.0,0.0,0.0,0.0,0
20,0.03,1,0.0,MLE,0.006939638600538001,0.006939638600538,7.710709556153615,1.0,0.0,0
20,0.03,1,0.0,Minimax,0.00014107620819300002,0.00014107620819300002,0.156751342437321,0.0,0.0,0
20,0.03,1,0.0,NoTrade,0.0,0.0,0.0,0.0,0.0,0
20,0.03,1,0.0,Oracle,0.0,0.0,0.0,0.0,0.0,0
20,0.03,1,0.25,B1,0.0,0.0,0.0,0.0,0.0,3
20,0.03,1,0.25,CVaR,2.3982955392810005e-05,0.00014107620819300002,0.02664772821434457,0.0,0.0,3
20,0.03,1,0.25,LCRC,0.00017506902015472503,0.00014107620819300002,0.1945211335059025,0.005,0.0,3
20,0.03,1,0.25,MA,3.2357023159575e-05,0.0,0.035952247955092685,0.0,0.0,3
20,0.03,1,0.25,MLE,0.0010062475970780101,0.006939638600538,1.1180528856422742,0.145,0.0,3
20,0.03,1,0.25,Minimax,0.00014107620819300002,0.00014107620819300002,0.156751342437321,0.0,0.0,3
20,0.03,1,0.25,NoTrade,0.0,0.0,0.0,0.0,0.0,3
20,0.03,1,0.25,Oracle,0.0,0.0,0.0,0.0,0.0,3
20,0.03,1,0.5,B1,3.469819300269e-05,0.0,0.038553547780768076,0.005,0.0,6
20,0.03,1,0.5,CVaR,4.8360417214180004e-05,0.00014107620819300002,0.05373379690471698,0.005,0.0,6
20,0.03,1,0.5,LCRC,0.00017295287703183,0.00014107620819300002,0.19216986336934266,0.005,0.0,6
20,0.03,1,0.5,MA,3.3770335342805e-05,0.0,0.03752259482534201,0.005,0.0,6
20,0.03,1,0.5,MLE,0.00076336024605918,0.006939638600538,0.8481780511768977,0.11,0.0,6
20,0.03,1,0.5,Minimax,0.00014107620819300002,0.00014107620819300002,0.156751342437321,0.0,0.0,6
20,0.03,1,0.5,NoTrade,0.0,0.0,0.0,0.0,0.0,6
20,0.03,1,0.5,Oracle,0.0,0.0,0.0,0.0,0.0,6
20,0.03,1,1.0,B1,0.0,0.0,0.0,0.0,0.0,11
20,0.03,1,1.0,CVaR,9.169953532545001e-06,0.00014107620819300002,0.010188837258425865,0.0,0.0,11
20,0.03,1,1.0,LCRC,8.182420075194001e-05,0.00014107620819300002,0.09091577861364618,0.0,0.0,11
20,0.03,1,1.0,MA,0.0,0.0,0.0,0.0,0.0,11
20,0.03,1,1.0,MLE,0.00038168012302959,0.006939638600538,0.42408902558844885,0.055,0.0,11
20,0.03,1,1.0,Minimax,0.00014107620819300002,0.00014107620819300002,0.156751342437321,0.0,0.0,11
20,0.03,1,1.0,NoTrade,0.0,0.0,0.0,0.0,0.0,11
20,0.03,1,1.0,Oracle,0.0,0.0,0.0,0.0,0.0,11
20,0.03,1,2.0,B1,0.0,0.0,0.0,0.0,0.0,22
20,0.03,1,2.0,CVaR,2.8215241638600003e-06,0.0,0.00313502684874642,0.0,0.0,22
20,0.03,1,2.0,LCRC,2.3277574351845002e-05,0.00014107620819300002,0.025863971502157964,0.0,0.0,22
20,0.03,1,2.0,MA,0.0,0.0,0.0,0.0,0.0,22
20,0.03,1,2.0,MLE,0.00013879277201076,0.0,0.1542141911230723,0.02,0.0,22
20,0.03,1,2.0,Minimax,0.00014107620819300002,0.00014107620819300002,0.156751342437321,0.0,0.0,22
20,0.03,1,2.0,NoTrade,0.0,0.0,0.0,0.0,0.0,22
20,0.03,1,2.0,Oracle,0.0,0.0,0.0,0.0,0.0,22
20,0.03,1,4.0,B1,0.0,0.0,0.0,0.0,0.0,43
20,0.03,1,4.0,CVaR,7.053810409650001e-07,0.0,0.000783756712186605,0.0,0.0,43
20,0.03,1,4.0,LCRC,2.8215241638600003e-06,0.0,0.00313502684874642,0.0,0.0,43
20,0.03,1,4.0,MA,0.0,0.0,0.0,0.0,0.0,43
20,0.03,1,4.0,MLE,3.469819300269e-05,0.0,0.038553547780768076,0.005,0.0,43
20,0.03,1,4.0,Minimax,0.00014107620819300002,0.00014107620819300002,0.156751342437321,0.0,0.0,43
20,0.03,1,4.0,NoTrade,0.0,0.0,0.0,0.0,0.0,43
20,0.03,1,4.0,Oracle,0.0,0.0,0.0,0.0,0.0,43
20,0.03,1,8.0,B1,0.0,0.0,0.0,0.0,0.0,86
20,0.03,1,8.0,CVaR,0.0,0.0,0.0,0.0,0.0,86
20,0.03,1,8.0,LCRC,0.0,0.0,0.0,0.0,0.0,86
20,0.03,1,8.0,MA,0.0,0.0,0.0,0.0,0.0,86
20,0.03,1,8.0,MLE,0.0,0.0,0.0,0.0,0.0,86
20,0.03,1,8.0,Minimax,0.00014107620819300002,0.00014107620819300002,0.156751342437321,0.0,0.0,86
20,0.03,1,8.0,NoTrade,0.0,0.0,0.0,0.0,0.0,86
20,0.03,1,8.0,Oracle,0.0,0.0,0.0,0.0,0.0,86
20,0.1,0,0.0,B1,0.0015625,0.0015624999999999999,0.156249999999999,0.0,1.0,0
20,0.1,0,0.0,CVaR,0.0013729320073789999,0.001372932007379,0.137293200737996,0.0,1.0,0
20,0.1,0,0.0,LCRC,0.0013729320073789999,0.001372932007379,0.137293200737996,0.0,1.0,0
20,0.1,0,0.0,MA,0.0015625,0.0015624999999999999,0.156249999999999,0.0,1.0,0
20,0.1,0,0.0,MLE,0.0,0.0,0.0,0.0,0.0,0
20,0.1,0,0.0,Minimax,0.0013729320073789999,0.001372932007379,0.137293200737996,0.0,1.0,0
20,0.1,0,0.0,NoTrade,0.0015625,0.0015624999999999999,0.156249999999999,0.0,1.0,0
20,0.1,0,0.0,Oracle,0.0,0.0,0.0,0.0,0.0,0
20,0.1,0,0.25,B1,0.001375,0.0015624999999999999,0.13749999999999912,0.0,0.88,2
20,0.1,0,0.25,CVaR,0.0011284706913352964,0.0015624999999999999,0.11284706913357581,0.0,0.79,2
20,0.1,0,0.25,LCRC,0.0010914809458663051,0.001372932007379,0.10914809458670682,0.0,0.795,2
20,0.1,0,0.25,MA,0.001143070615461369,0.0015624999999999999,0.11430706154614131,0.0,0.75,2
20,0.1,0,0.25,MLE,0.0005390624999999999,0.0015624999999999999,0.053906249999999656,0.0,0.345,2
20,0.1,0,0.25,Minimax,0.0013729320073789999,0.001372932007379,0.137293200737996,0.0,1.0,2
20,0.1,0,0.25,NoTrade,0.0015625,0.0015624999999999999,0.156249999999999,0.0,1.0,2
20,0.1,0,0.25,Oracle,0.0,0.0,0.0,0.0,0.0,2
20,0.1,0,0.5,B1,0.0012421874999999998,0.0015624999999999999,0.1242187499999992,0.0,0.795,4
20,0.1,0,0.5,CVaR,0.0009348858340129722,0.0015624999999999999,0.09348858340133648,0.0,0.645,4
20,0.1,0,0.5,LCRC,0.0009404584250546151,0.001372932007379,0.09404584250552726,0.0,0.685,4
20,0.1,0,0.5,MA,0.0008803949646013373,0.0015624999999999999,0.08803949646013992,0.0,0.605,4
20,0.1,0,0.5,MLE,0.00045312499999999997,0.0015624999999999999,0.04531249999999971,0.0,0.29,4
20,0.1,0,0.5,Minimax,0.0013729320073789999,0.001372932007379,0.137293200737996,0.0,1.0,4
20,0.1,0,0.5,NoTrade,0.0015625,0.0015624999999999999,0.156249999999999,0.0,1.0,4
20,0.1,0,0.5,Oracle,0.0,0.0,0.0,0.0,0.0,4
20,0.1,0,1.0,B1,0.0008437499999999999,0.0015624999999999999,0.08437499999999946,0.0,0.54,8
20,0.1,0,1.0,CVaR,0.0005090162894237012,0.0015624999999999999,0.05090162894239475,0.0,0.36,8
20,0.1,0,1.0,LCRC,0.000530474502767125,0.001372932007379,0.05304745027674849,0.0,0.385,8
20,0.1,0,1.0,MA,0.0004537334387346182,0.0015624999999999999,0.04537334387346716,0.0,0.31,8
20,0.1,0,1.0,MLE,0.0001875,0.0015624999999999999,0.01874999999999988,0.0,0.12,8
20,0.1,0,1.0,Minimax,0.0013729320073789999,0.001372932007379,0.137293200737996,0.0,1.0,8
20,0.1,0,1.0,NoTrade,0.0015625,0.0015624999999999999,0.156249999999999,0.0,1.0,8
20,0.1,0,1.0,Oracle,0.0,0.0,0.0,0.0,0.0,8
20,0.1,0,2.0,B1,0.00032812499999999997,0.0015624999999999999,0.03281249999999979,0.0,0.21,16
20,0.1,0,2.0,CVaR,0.00019956093398292254,0.0015624999999999999,0.019956093398300612,0.0,0.14,16
20,0.1,0,2.0,LCRC,0.000200970820996165,0.001372932007379,0.02009708209962945,0.0,0.145,16
20,0.1,0,2.0,MA,0.0001820794017838492,0.0015624999999999999,0.018207940178386305,0.0,0.12,16
20,0.1,0,2.0,MLE,9.375e-05,0.0015624999999999999,0.00937499999999994,0.0,0.06,16
20,0.1,0,2.0,Minimax,0.0013729320073789999,0.001372932007379,0.137293200737996,0.0,1.0,16
20,0.1,0,2.0,NoTrade,0.0015625,0.0015624999999999999,0.156249999999999,0.0,1.0,16
20,0.1,0,2.0,Oracle,0.0,0.0,0.0,0.0,0.0,16
20,0.1,0,4.0,B1,7.812499999999999e-05,7.812499999997334e-05,0.00781249999999995,0.0,0.05,31
20,0.1,0,4.0,CVaR,4.299907625849837e-05,9.448170347089094e-06,0.0042999076258530425,0.0,0.03,31
20,0.1,0,4.0,LCRC,4.8052620258265004e-05,0.0,0.00480526202582986,0.0,0.035,31
20,0.1,0,4.0,MA,3.8527234661085253e-05,2.347132183161309e-06,0.0038527234661089975,0.0,0.025,31
20,0.1,0,4.0,MLE,1.5625e-05,0.0,0.0015624999999999901,0.0,0.01,31
20,0.1,0,4.0,Minimax,0.0013729320073789999,0.001372932007379,0.137293200737996,0.0,1.0,31
20,0.1,0,4.0,NoTrade,0.0015625,0.0015624999999999999,0.156249999999999,0.0,1.0,31
20,0.1,0,4.0,Oracle,0.0,0.0,0.0,0.0,0.0,31
20,0.1,0,8.0,B1,0.0,0.0,0.0,0.0,0.0,61
20,0.1,0,8.0,CVaR,1.6224015071017012e-10,7.336777734027409e-15,1.6224015071017008e-08,0.0,0.0,61
20,0.1,0,8.0,LCRC,0.0,0.0,0.0,0.0,0.0,61
20,0.1,0,8.0,MA,4.0553523203202846e-11,1.8341932601765346e-15,4.055352320320284e-09,0.0,0.0,61
20,0.1,0,8.0,MLE,0.0,0.0,0.0,0.0,0.0,61
20,0.1,0,8.0,Minimax,0.0013729320073789999,0.001372932007379,0.137293200737996,0.0,1.0,61
20,0.1,0,8.0,NoTrade,0.0015625,0.0015624999999999999,0.156249999999999,0.0,1.0,61
20,0.1,0,8.0,Oracle,0.0,0.0,0.0,0.0,0.0,61
20,0.1,1,0.0,B1,0.0,0.0,0.0,0.0,0.0,0
20,0.1,1,0.0,CVaR,0.0013729320073789999,0.001372932007379,0.137293200737996,0.0,0.0,0
20,0.1,1,0.0,LCRC,0.0013729320073789999,0.001372932007379,0.137293200737996,0.0,0.0,0
20,0.1,1,0.0,MA,0.0,0.0,0.0,0.0,0.0,0
20,0.1,1,0.0,MLE,0.02265625,0.02265625,2.265624999999999,1.0,0.0,0
20,0.1,1,0.0,Minimax,0.0013729320073789999,0.001372932007379,0.137293200737996,0.0,0.0,0
20,0.1,1,0.0,NoTrade,0.0,0.0,0.0,0.0,0.0,0
20,0.1,1,0.0,Oracle,0.0,0.0,0.0,0.0,0.0,0
20,0.1,1,0.25,B1,0.0,0.0,0.0,0.0,0.0,2
20,0.1,1,0.25,CVaR,0.00031577436169717005,0.001372932007379,0.03157743616973908,0.0,0.0,2
20,0.1,1,0.25,LCRC,0.0013729320073789999,0.001372932007379,0.137293200737996,0.0,0.0,2
20,0.1,1,0.25,MA,0.0,0.0,0.0,0.0,0.0,2
20,0.1,1,0.25,MLE,0.004078124999999999,0.02265625,0.40781249999999986,0.18,0.0,2
20,0.1,1,0.25,Minimax,0.0013729320073789999,0.001372932007379,0.137293200737996,0.0,0.0,2
20,0.1,1,0.25,NoTrade,0.0,0.0,0.0,0.0,0.0,2
20,0.1,1,0.25,Oracle,0.0,0.0,0.0,0.0,0.0,2
20,0.1,1,0.5,B1,0.0,0.0,0.0,0.0,0.0,4
20,0.1,1,0.5,CVaR,0.000281451061512695,0.001372932007379,0.02814510615128918,0.0,0.0,4
20,0.1,1,0.5,LCRC,0.0013592026873052103,0.001372932007379,0.13592026873061605,0.0,0.0,4
20,0.1,1,0.5,MA,4.1618416363235e-05,0.0,0.004161841636323545,0.0,0.0,4
20,0.1,1,0.5,MLE,0.00328515625,0.02265625,0.32851562499999987,0.145,0.0,4
20,0.1,1,0.5,Minimax,0.0013729320073789999,0.001372932007379,0.137293200737996,0.0,0.0,4
20,0.1,1,0.5,NoTrade,0.0,0.0,0.0,0.0,0.0,4
20,0.1,1,0.5,Oracle,0.0,0.0,0.0,0.0,0.0,4
20,0.1,1,1.0,B1,0.0,0.0,0.0,0.0,0.0,8
20,0.1,1,1.0,CVaR,0.00012356388066411,0.001372932007379,0.012356388066419642,0.0,0.0,8
20,0.1,1,1.0,LCRC,0.001105210265940095,0.001372932007379,0.11052102659408679,0.0,0.0,8
20,0.1,1,1.0,MA,6.410562178849e-05,0.0,0.006410562178849115,0.005,0.0,8
20,0.1,1,1.0,MLE,0.00169921875,0.02265625,0.16992187499999992,0.075,0.0,8
20,0.1,1,1.0,Minimax,0.0013729320073789999,0.001372932007379,0.137293200737996,0.0,0.0,8
20,0.1,1,1.0,NoTrade,0.0,0.0,0.0,0.0,0.0,8
20,0.1,1,1.0,Oracle,0.0,0.0,0.0,0.0,0.0,8
20,0.1,1,2.0,B1,0.0,0.0,0.0,0.0,0.0,16
20,0.1,1,2.0,CVaR,6.864660036895001e-05,6.864660036892659e-05,0.0068646600368998,0.0,0.0,16
20,0.1,1,2.0,LCRC,0.000295180381586485,0.001372932007379,0.02951803815866914,0.0,0.0,16
20,0.1,1,2.0,MA,0.0,0.0,0.0,0.0,0.0,16
20,0.1,1,2.0,MLE,0.0011328125,0.0011328124999996135,0.11328124999999996,0.05,0.0,16
20,0.1,1,2.0,Minimax,0.0013729320073789999,0.001372932007379,0.137293200737996,0.0,0.0,16
20,0.1,1,2.0,NoTrade,0.0,0.0,0.0,0.0,0.0,16
20,0.1,1,2.0,Oracle,0.0,0.0,0.0,0.0,0.0,16
20,0.1,1,4.0,B1,0.0,0.0,0.0,0.0,0.0,31
20,0.1,1,4.0,CVaR,6.864660036895e-06,0.0,0.00068646600368998,0.0,0.0,31
20,0.1,1,4.0,LCRC,6.1781940332055e-05,0.0,0.006178194033209821,0.0,0.0,31
20,0.1,1,4.0,MA,0.0,0.0,0.0,0.0,0.0,31
20,0.1,1,4.0,MLE,0.00011328124999999999,0.0,0.011328124999999996,0.005,0.0,31
20,0.1,1,4.0,Minimax,0.0013729320073789999,0.001372932007379,0.137293200737996,0.0,0.0,31
20,0.1,1,4.0,NoTrade,0.0,0.0,0.0,0.0,0.0,31
20,0.1,1,4.0,Oracle,0.0,0.0,0.0,0.0,0.0,31
20,0.1,1,8.0,B1,0.0,0.0,0.0,0.0,0.0,61
20,0.1,1,8.0,CVaR,0.0,0.0,0.0,0.0,0.0,61
20,0.1,1,8.0,LCRC,0.0,0.0,0.0,0.0,0.0,61
20,0.1,1,8.0,MA,0.0,0.0,0.0,0.0,0.0,61
20,0.1,1,8.0,MLE,0.0,0.0,0.0,0.0,0.0,61
20,0.1,1,8.0,Minimax,0.0013729320073789999,0.001372932007379,0.137293200737996,0.0,0.0,61
20,0.1,1,8.0,NoTrade,0.0,0.0,0.0,0.0,0.0,61
20,0.1,1,8.0,Oracle,0.0,0.0,0.0,0.0,0.0,61
