d,t,truth,multiplier,joint_rows,n,false_unlock,false_reject,mean_scaled_regret,error_count,cp95_lower,cp95_upper
10,0.01,0,0.0,0,200,0,200,0.165562913907284,200,0.9817246596448638,1.0
10,0.01,0,0.25,4,200,0,191,0.15811258278145623,191,0.916297311924146,0.9792195777729956
10,0.01,0,0.5,7,200,0,157,0.12996688741721793,157,0.721528956115943,0.8398183046676637
10,0.01,0,1.0,13,200,0,101,0.08360927152317842,101,0.4335866549750118,0.5762629496829226
10,0.01,0,2.0,26,200,0,26,0.021523178807946918,26,0.0867083527685753,0.1846523305234126
10,0.01,0,4.0,52,200,0,5,0.0041390728476821004,5,0.008166166190842513,0.057374351126845816
10,0.01,0,8.0,104,200,0,0,0.0,0,0.0,0.018275340355136237
10,0.01,1,0.0,0,200,0,0,0.0,0,0.0,0.018275340355136237
10,0.01,1,0.25,4,200,0,0,0.0,0,0.0,0.018275340355136237
10,0.01,1,0.5,7,200,0,0,0.0,0,0.0,0.018275340355136237
10,0.01,1,1.0,13,200,0,0,0.0,0,0.0,0.018275340355136237
10,0.01,1,2.0,26,200,0,0,0.0,0,0.0,0.018275340355136237
10,0.01,1,4.0,52,200,0,0,0.0,0,0.0,0.018275340355136237
10,0.01,1,8.0,104,200,0,0,0.0,0,0.0,0.018275340355136237
10,0.03,0,0.0,0,200,0,200,0.16339869281045702,200,0.9817246596448638,1.0
10,0.03,0,0.25,3,200,0,183,0.14950980392156818,183,0.8673948341704476,0.9497040813697427
10,0.03,0,0.5,6,200,0,160,0.13071895424836563,160,0.7377736354103999,0.8531055117842412
10,0.03,0,1.0,11,200,0,113,0.09232026143790822,113,0.49326120781247285,0.6347829308303482
10,0.03,0,2.0,22,200,0,39,0.03186274509803912,39,0.1424918747790589,0.2567856875265592
10,0.03,0,4.0,43,200,0,4,0.0032679738562091405,4,0.0054755658795564485,0.05041360908989634
10,0.03,0,8.0,86,200,0,0,0.0,0,0.0,0.018275340355136237
10,0.03,1,0.0,0,200,0,0,0.0,0,0.0,0.018275340355136237
10,0.03,1,0.25,3,200,0,0,0.0,0,0.0,0.018275340355136237
10,0.03,1,0.5,6,200,0,0,0.0,0,0.0,0.018275340355136237
10,0.03,1,1.0,11,200,0,0,0.0,0,0.0,0.018275340355136237
10,0.03,1,2.0,22,200,0,0,0.0,0,0.0,0.018275340355136237
10,0.03,1,4.0,43,200,0,0,0.0,0,0.0,0.018275340355136237
10,0.03,1,8.0,86,200,0,0,0.0,0,0.0,0.018275340355136237
10,0.1,0,0.0,0,200,0,200,0.156249999999999,200,0.9817246596448638,1.0
10,0.1,0,0.25,2,200,0,186,0.14531249999999907,186,0.8853402664628895,0.9612044295704372
10,0.1,0,0.5,4,200,0,160,0.1249999999999992,160,0.7377736354103999,0.8531055117842412
10,0.1,0,1.0,8,200,0,91,0.07109374999999955,91,0.3846130420389171,0.5267407524810115
10,0.1,0,2.0,16,200,0,57,0.04453124999999972,57,0.22355439801068502,0.3529426997515398
10,0.1,0,4.0,31,200,0,12,0.00937499999999994,12,0.03138395389348344,0.10246183130832447
10,0.1,0,8.0,61,200,0,0,0.0,0,0.0,0.018275340355136237
10,0.1,1,0.0,0,200,0,0,0.0,0,0.0,0.018275340355136237
10,0.1,1,0.25,2,200,0,0,0.0,0,0.0,0.018275340355136237
10,0.1,1,0.5,4,200,0,0,0.0,0,0.0,0.018275340355136237
10,0.1,1,1.0,8,200,0,0,0.0,0,0.0,0.018275340355136237
10,0.1,1,2.0,16,200,0,0,0.0,0,0.0,0.018275340355136237
10,0.1,1,4.0,31,200,0,0,0.0,0,0.0,0.018275340355136237
10,0.1,1,8.0,61,200,0,0,0.0,0,0.0,0.018275340355136237
20,0.01,0,0.0,0,200,0,200,0.165562913907284,200,0.9817246596448638,1.0
20,0.01,0,0.25,4,200,0,179,0.14817880794701918,179,0.8439812944524971,0.9338187729712882
20,0.01,0,0.5,7,200,0,157,0.12996688741721793,157,0.721528956115943,0.8398183046676637
20,0.01,0,1.0,13,200,0,98,0.08112582781456917,98,0.41882251520548525,0.5614782774378337
20,0.01,0,2.0,26,200,0,33,0.02731788079470186,33,0.1163831199580539,0.22384346771182057
20,0.01,0,4.0,52,200,0,3,0.00248344370860926,3,0.003104107621553509,0.04320828191771261
20,0.01,0,8.0,104,200,0,0,0.0,0,0.0,0.018275340355136237
20,0.01,1,0.0,0,200,0,0,0.0,0,0.0,0.018275340355136237
20,0.01,1,0.25,4,200,0,0,0.0,0,0.0,0.018275340355136237
20,0.01,1,0.5,7,200,0,0,0.0,0,0.0,0.018275340355136237
20,0.01,1,1.0,13,200,0,0,0.0,0,0.0,0.018275340355136237
20,0.01,1,2.0,26,200,0,0,0.0,0,0.0,0.018275340355136237
20,0.01,1,4.0,52,200,0,0,0.0,0,0.0,0.018275340355136237
20,0.01,1,8.0,104,200,0,0,0.0,0,0.0,0.018275340355136237
20,0.03,0,0.0,0,200,0,200,0.16339869281045702,200,0.9817246596448638,1.0
20,0.03,0,0.25,3,200,0,192,0.15686274509803874,192,0.9227080317739839,0.9825751910055194
20,0.03,0,0.5,6,200,0,152,0.12418300653594734,152,0.6946937143528606,0.8174280961075273
20,0.03,0,1.0,11,200,0,110,0.08986928104575137,110,0.47824931099353835,0.6202464100211151
20,0.03,0,2.0,22,200,0,24,0.019607843137254843,24,0.07842024799636273,0.17327235116412226
20,0.03,0,4.0,43,200,0,7,0.005718954248365996,7,0.014185525898419246,0.07078099835097719
20,0.03,0,8.0,86,200,0,0,0.0,0,0.0,0.018275340355136237
20,0.03,1,0.0,0,200,0,0,0.0,0,0.0,0.018275340355136237
20,0.03,1,0.25,3,200,0,0,0.0,0,0.0,0.018275340355136237
20,0.03,1,0.5,6,200,1,0,0.038553547780768076,1,0.00012658102786701825,0.027541898457205637
20,0.03,1,1.0,11,200,0,0,0.0,0,0.0,0.018275340355136237
20,0.03,1,2.0,22,200,0,0,0.0,0,0.0,0.018275340355136237
20,0.03,1,4.0,43,200,0,0,0.0,0,0.0,0.018275340355136237
20,0.03,1,8.0,86,200,0,0,0.0,0,0.0,0.018275340355136237
20,0.1,0,0.0,0,200,0,200,0.156249999999999,200,0.9817246596448638,1.0
20,0.1,0,0.25,2,200,0,176,0.13749999999999912,176,0.8267276488358777,0.9215797520036373
20,0.1,0,0.5,4,200,0,159,0.1242187499999992,159,0.7323460792147148,0.8486894280044806
20,0.1,0,1.0,8,200,0,108,0.08437499999999946,108,0.46827610199195563,0.6105205699705166
20,0.1,0,2.0,16,200,0,42,0.03281249999999979,42,0.1557397567241283,0.27306870461379884
20,0.1,0,4.0,31,200,0,10,0.00781249999999995,10,0.024234165472108552,0.0900275377013513
20,0.1,0,8.0,61,200,0,0,0.0,0,0.0,0.018275340355136237
20,0.1,1,0.0,0,200,0,0,0.0,0,0.0,0.018275340355136237
20,0.1,1,0.25,2,200,0,0,0.0,0,0.0,0.018275340355136237
20,0.1,1,0.5,4,200,0,0,0.0,0,0.0,0.018275340355136237
20,0.1,1,1.0,8,200,0,0,0.0,0,0.0,0.018275340355136237
20,0.1,1,2.0,16,200,0,0,0.0,0,0.0,0.018275340355136237
20,0.1,1,4.0,31,200,0,0,0.0,0,0.0,0.018275340355136237
20,0.1,1,8.0,61,200,0,0,0.0,0,0.0,0.018275340355136237
