d,max_pilot_mass,pilot_ESS,candidate_count,entry,exit,near_cap
10,0.9999988976831382,1.0000022046362942,5,6,5,12
10,0.9999999999992042,1.0000000000015916,5,6,6,14
10,1.0,1.0,5,2,8,14
10,0.9999999950828169,1.0000000098343662,5,9,3,12
10,0.9999999996693987,1.0000000006612026,5,5,7,13
10,1.0,1.0,4,12,4,11
10,0.9999986036163564,1.000002792771187,4,1,6,10
10,0.9999999999367901,1.0000000001264198,5,2,8,13
10,0.9999999999953388,1.0000000000093223,4,6,4,10
10,1.0,1.0,5,6,6,14
10,1.0,1.0,5,4,10,13
10,1.0,1.0,5,7,3,11
10,0.9999999998932481,1.0000000002135039,5,4,6,13
10,1.0,1.0,4,12,4,11
10,0.9999999999949978,1.0000000000100044,4,1,6,10
10,0.9999999999998863,1.0000000000002274,5,2,7,12
10,1.0,1.0,4,7,5,10
10,0.9999999994109885,1.000000001178023,5,7,6,12
10,0.9999937778932542,1.0000124442909544,6,2,9,16
10,0.9999999999993179,1.0000000000013642,5,7,3,11
10,0.9999999649422768,1.0000000701154488,5,5,5,14
10,0.9999998455530322,1.0000003088939833,4,11,2,9
10,1.0,1.0,4,1,5,11
10,0.999999999917577,1.000000000164846,5,1,7,11
10,1.0,1.0,4,6,4,12
10,0.9999999991651976,1.000000001669605,5,5,6,14
10,1.0,1.0,5,2,8,14
10,0.9999999999804459,1.0000000000391083,5,7,3,11
10,1.0,1.0,5,5,6,14
10,0.9999999999990905,1.000000000001819,4,13,5,11
10,1.0,1.0,4,0,6,10
10,0.9999991433633372,1.0000017132747931,6,2,5,15
10,1.0,1.0,4,7,5,10
10,1.0,1.0,5,6,6,14
10,1.0,1.0,5,2,5,15
10,0.9999999447935595,1.0000001104128873,5,9,3,12
10,0.999999996798806,1.000000006402388,5,5,6,14
10,1.0,1.0,4,13,2,10
10,0.9999999989273647,1.0000000021452706,4,1,7,10
10,0.9999999999901092,1.0000000000197815,5,2,7,12
10,0.9999999998921112,1.0000000002157776,4,6,4,12
10,1.0,1.0,5,6,6,14
10,1.0,1.0,5,2,5,15
10,0.9999999999995453,1.0000000000009095,5,7,3,11
10,0.9999999999961346,1.0000000000077307,5,5,5,12
10,1.0,1.0,4,12,4,11
10,1.0,1.0,4,0,6,10
10,1.0,1.0,5,2,6,12
10,0.9999999999840838,1.0000000000318323,4,6,6,11
10,0.9999999999939746,1.0000000000120508,5,6,6,14
10,0.9999999969272722,1.0000000061454557,4,6,4,12
10,1.0,1.0,5,6,6,14
10,1.0,1.0,5,2,5,15
10,1.0,1.0,5,8,4,11
10,0.9999999999998863,1.0000000000002274,5,5,6,14
10,1.0,1.0,4,12,4,11
10,1.0,1.0,4,1,5,11
10,1.0,1.0,5,2,9,13
10,1.0,1.0,4,5,8,10
10,0.9999999999997726,1.0000000000004547,5,6,4,13
10,1.0,1.0,5,2,7,14
10,0.9999999967928943,1.0000000064142114,5,7,3,11
10,1.0,1.0,5,4,4,12
10,0.9999999985661816,1.0000000028676368,4,13,4,11
10,1.0,1.0,4,1,7,10
10,0.9999999996393854,1.0000000007212293,5,3,6,15
10,0.999999999752049,1.000000000495902,4,6,4,12
10,1.0,1.0,5,6,7,14
10,1.0,1.0,5,2,8,14
10,0.9999998701682755,1.0000002596634827,5,8,4,11
10,1.0,1.0,5,4,4,12
10,0.9999999999990905,1.000000000001819,4,11,2,9
10,0.9999999999457714,1.0000000001084572,4,1,7,10
10,1.0,1.0,5,2,8,13
10,0.9999999999997726,1.0000000000004547,4,6,7,9
10,0.9999999999718057,1.0000000000563887,5,5,3,15
10,1.0,1.0,5,2,5,13
10,1.0,1.0,5,8,4,11
10,0.9999999998881322,1.0000000002237357,5,5,4,14
10,1.0,1.0,4,12,2,9
10,1.0,1.0,4,1,5,11
10,0.9999999999944293,1.0000000000111413,5,2,5,12
10,1.0,1.0,4,6,4,12
10,0.9999999999533884,1.0000000000932232,5,6,6,14
10,1.0,1.0,5,2,7,14
10,1.0,1.0,5,8,4,11
10,0.9999999999959073,1.0000000000081855,5,5,8,13
10,1.0,1.0,4,12,4,11
10,0.9999999999989768,1.0000000000020464,4,1,4,11
10,0.9999999997463647,1.0000000005072707,5,2,5,12
10,1.0,1.0,4,6,6,11
10,1.0,1.0,5,5,6,14
10,0.9999999999902229,1.0000000000195541,5,3,10,13
10,0.9999999721239877,1.000000055752026,5,8,4,11
10,0.9999999999920419,1.0000000000159162,5,5,4,14
10,0.9999999999690772,1.0000000000618456,4,13,3,10
10,1.0,1.0,4,1,5,11
10,1.0,1.0,5,1,5,12
10,1.0,1.0,4,7,5,10
10,0.9999999723967224,1.0000000552065567,5,6,4,13
10,0.999999999919055,1.00000000016189,4,7,5,10
10,1.0,1.0,5,5,3,15
10,1.0,1.0,5,2,8,14
10,0.9999999999896545,1.000000000020691,5,8,3,11
10,0.9999995179094893,1.0000009641814864,6,5,8,16
10,1.0,1.0,4,13,3,10
10,1.0,1.0,4,0,6,10
10,0.9999999999996589,1.0000000000006821,5,2,7,12
10,1.0,1.0,4,6,6,9
10,0.9999999999980673,1.0000000000038654,5,5,6,14
10,0.9999999711466221,1.0000000577067576,5,3,8,14
10,0.9999380667082308,1.000123874265407,6,8,4,13
10,1.0,1.0,5,5,6,14
10,1.0,1.0,4,11,3,9
10,1.0,1.0,4,1,6,11
10,0.9999999999148486,1.0000000001703029,5,1,7,11
10,0.9999999789259848,1.0000000421480313,4,5,7,10
10,1.0,1.0,5,5,5,14
10,0.9999999999827196,1.0000000000345608,5,2,5,15
10,1.0,1.0,5,8,4,11
10,0.9999999993855226,1.0000000012289547,5,5,5,14
10,1.0,1.0,4,12,3,11
10,0.9999999936643462,1.0000000126713078,4,1,7,10
10,0.9999999999805596,1.000000000038881,5,2,7,14
10,1.0,1.0,4,7,4,10
10,1.0,1.0,5,5,3,15
10,1.0,1.0,5,2,8,14
10,0.9999984667346484,1.0000030665361093,5,8,4,11
10,1.0,1.0,5,5,5,12
10,1.0,1.0,4,11,3,11
10,1.0,1.0,4,0,6,10
10,0.9999998488393772,1.0000003023212913,6,2,6,15
10,0.9999999999998863,1.0000000000002274,4,5,6,11
10,1.0,1.0,5,6,8,13
10,0.9999999999955662,1.0000000000088676,5,3,8,14
10,0.9999999996473434,1.0000000007053131,5,8,4,11
10,0.9999999919750735,1.000000016049853,5,6,4,15
10,1.0,1.0,4,12,2,10
10,1.0,1.0,4,0,6,10
10,0.999999899003347,1.0000002019933265,6,2,8,17
10,0.9999999999996589,1.0000000000006821,4,6,4,12
10,1.0,1.0,5,6,7,14
10,1.0,1.0,5,3,9,13
10,0.999999999988745,1.00000000002251,5,8,3,11
10,0.9999999999655529,1.0000000000688942,5,4,6,11
10,1.0,1.0,4,14,4,10
10,1.0,1.0,4,1,6,10
10,1.0,1.0,5,1,5,12
10,1.0,1.0,4,6,4,12
10,0.9999999994413429,1.0000000011173142,5,6,7,14
10,1.0,1.0,4,6,6,11
10,1.0,1.0,5,5,3,15
10,1.0,1.0,5,3,8,14
10,0.9999999996121005,1.000000000775799,5,9,3,12
10,0.9999999993513029,1.0000000012973942,5,6,4,15
10,1.0,1.0,4,12,4,11
10,0.9999999997626219,1.0000000004747562,4,1,6,10
10,0.9999999615521354,1.0000000768957322,6,2,5,16
10,0.9999999999748752,1.0000000000502496,4,6,4,12
10,0.9999999884003046,1.000000023199391,5,5,3,15
10,1.0,1.0,5,2,7,14
10,1.0,1.0,5,7,3,11
10,0.999999999810484,1.000000000379032,5,5,5,14
10,0.9999999999906777,1.0000000000186446,4,11,3,11
10,0.9999999999996589,1.0000000000006821,4,0,6,10
10,0.9999999999956799,1.0000000000086402,5,1,6,12
10,1.0,1.0,4,7,5,10
10,1.0,1.0,5,6,6,14
10,1.0,1.0,5,2,7,14
10,0.9999999999965894,1.0000000000068212,5,8,4,11
10,0.9999999999974989,1.0000000000050022,5,5,6,14
10,1.0,1.0,4,13,3,10
10,1.0,1.0,4,2,5,11
10,1.0,1.0,5,2,6,12
10,1.0,1.0,4,7,4,10
10,0.999999834289397,1.000000331421261,6,5,6,17
10,0.9999999999749889,1.0000000000500222,5,2,8,14
10,0.9999999959611614,1.0000000080776772,5,7,3,11
10,1.0,1.0,5,5,6,14
10,0.999999999998181,1.000000000003638,4,13,5,11
10,1.0,1.0,4,1,5,11
10,0.9999999999913598,1.0000000000172804,5,0,6,11
10,0.9999996963893415,1.0000006072215015,4,6,6,11
10,0.9999999999992042,1.0000000000015916,5,6,7,14
10,1.0,1.0,5,3,9,13
10,0.9999999999998863,1.0000000000002274,5,8,5,13
10,0.9999887319492495,1.000022536355539,6,5,6,17
10,0.9999999999995453,1.0000000000009095,4,12,3,9
10,0.999999998551516,1.000000002896968,4,0,6,10
10,0.9999999999998863,1.0000000000002274,5,1,5,12
10,1.0,1.0,4,6,4,12
10,0.9999827790597127,1.0000344424743042,6,7,6,15
10,1.0,1.0,5,2,8,14
10,0.9999999999902229,1.0000000000195541,5,8,3,11
10,0.9999952428390236,1.0000095143672152,6,4,6,16
10,0.9999999963536084,1.0000000072927833,4,11,3,9
10,0.9999789249030144,1.0000421510822906,5,0,6,11
10,1.0,1.0,5,1,7,11
10,0.9999999999708962,1.0000000000582077,4,5,5,11
10,0.9999999999988631,1.0000000000022737,5,5,6,14
20,1.0,1.0,5,8,13,7
20,1.0,1.0,5,7,10,7
20,1.0,1.0,5,15,13,9
20,1.0,1.0,5,16,11,7
20,1.0,1.0,5,17,9,9
20,1.0,1.0,5,9,15,5
20,1.0,1.0,5,14,22,5
20,1.0,1.0,5,18,8,7
20,1.0,1.0,5,8,13,7
20,1.0,1.0,5,9,9,7
20,1.0,1.0,5,16,12,9
20,1.0,1.0,5,17,9,5
20,1.0,1.0,5,18,10,9
20,1.0,1.0,5,14,16,7
20,1.0,1.0,5,13,23,9
20,1.0,1.0,5,15,8,9
20,1.0,1.0,5,7,13,7
20,1.0,1.0,5,7,13,9
20,1.0,1.0,5,16,12,9
20,1.0,1.0,5,17,11,7
20,1.0,1.0,5,16,10,9
20,1.0,1.0,5,13,20,7
20,1.0,1.0,5,12,22,7
20,1.0,1.0,5,15,8,7
20,1.0,1.0,5,8,18,9
20,1.0,1.0,5,7,10,7
20,1.0,1.0,5,14,12,9
20,1.0,1.0,5,15,12,7
20,1.0,1.0,5,19,10,9
20,1.0,1.0,5,12,15,5
20,1.0,1.0,5,13,22,5
20,1.0,1.0,5,15,8,9
20,1.0,1.0,5,9,16,9
20,1.0,1.0,5,12,9,5
20,1.0,1.0,5,12,10,9
20,1.0,1.0,5,15,11,7
20,1.0,1.0,5,15,10,9
20,0.9999999999997726,1.0000000000004547,5,9,18,7
20,1.0,1.0,5,10,23,9
20,1.0,1.0,5,15,8,9
20,1.0,1.0,5,7,13,7
20,1.0,1.0,5,9,9,7
20,1.0,1.0,5,15,13,9
20,1.0,1.0,5,14,12,7
20,1.0,1.0,5,18,10,9
20,1.0,1.0,5,13,17,7
20,1.0,1.0,5,13,24,7
20,1.0,1.0,5,14,6,7
20,1.0,1.0,5,7,13,7
20,1.0,1.0,5,13,13,9
20,1.0,1.0,5,8,15,7
20,1.0,1.0,5,12,11,7
20,0.9999999994265636,1.0000000011468728,5,12,10,9
20,1.0,1.0,5,15,11,7
20,1.0,1.0,5,15,10,9
20,1.0,1.0,5,12,17,7
20,1.0,1.0,5,13,22,7
20,1.0,1.0,5,17,9,9
20,1.0,1.0,5,8,15,7
20,1.0,1.0,5,7,10,7
20,1.0,1.0,5,18,13,7
20,1.0,1.0,5,17,9,5
20,1.0,1.0,5,17,10,9
20,1.0,1.0,5,13,15,5
20,1.0,1.0,5,13,24,7
20,1.0,1.0,5,17,9,7
20,1.0,1.0,5,8,18,9
20,1.0,1.0,5,9,11,7
20,1.0,1.0,5,17,14,7
20,1.0,1.0,5,14,10,5
20,1.0,1.0,5,15,10,9
20,1.0,1.0,5,13,18,5
20,1.0,1.0,5,12,22,5
20,1.0,1.0,5,14,5,7
20,1.0,1.0,5,8,15,7
20,1.0,1.0,5,9,9,7
20,1.0,1.0,5,16,12,7
20,1.0,1.0,5,16,11,7
20,1.0,1.0,5,16,9,9
20,1.0,1.0,5,14,21,9
20,1.0,1.0,5,13,24,7
20,1.0,1.0,5,15,8,9
20,1.0,1.0,5,8,15,7
20,1.0,1.0,5,7,8,5
20,1.0,1.0,5,14,12,7
20,1.0,1.0,5,16,13,9
20,1.0,1.0,5,16,10,9
20,1.0,1.0,5,11,18,9
20,1.0,1.0,5,12,22,7
20,1.0,1.0,5,15,8,9
20,1.0,1.0,5,8,15,7
20,1.0,1.0,5,9,9,7
20,1.0,1.0,5,16,12,7
20,1.0,1.0,5,14,12,7
20,1.0,1.0,5,16,9,9
20,1.0,1.0,5,9,15,7
20,1.0,1.0,5,12,21,7
20,1.0,1.0,5,18,8,7
20,1.0,1.0,5,9,16,9
20,0.9999999999993179,1.0000000000013642,5,7,11,9
20,1.0,1.0,5,9,16,9
20,1.0,1.0,5,10,13,9
20,1.0,1.0,5,17,14,7
20,1.0,1.0,5,16,11,7
20,1.0,1.0,5,19,10,7
20,1.0,1.0,5,13,20,7
20,1.0,1.0,5,10,23,9
20,1.0,1.0,5,17,5,5
20,1.0,1.0,5,8,13,7
20,1.0,1.0,5,8,12,7
20,1.0,1.0,5,12,11,9
20,1.0,1.0,5,16,10,5
20,1.0,1.0,5,18,10,9
20,0.9999999999988631,1.0000000000022737,5,13,18,7
20,1.0,1.0,5,15,23,7
20,1.0,1.0,5,17,9,9
20,1.0,1.0,5,8,13,7
20,1.0,1.0,5,10,13,9
20,1.0,1.0,5,16,12,9
20,1.0,1.0,5,14,10,5
20,1.0,1.0,5,17,10,7
20,1.0,1.0,5,13,17,7
20,1.0,1.0,5,12,22,7
20,1.0,1.0,5,18,7,5
20,1.0,1.0,5,8,13,7
20,1.0,1.0,5,11,12,7
20,1.0,1.0,5,12,10,9
20,1.0,1.0,5,16,11,7
20,1.0,1.0,5,20,9,9
20,1.0,1.0,5,14,16,7
20,1.0,1.0,5,10,23,7
20,1.0,1.0,5,14,5,7
20,1.0,1.0,5,8,13,7
20,1.0,1.0,5,12,9,7
20,1.0,1.0,5,16,12,7
20,1.0,1.0,5,15,11,7
20,1.0,1.0,5,18,10,9
20,1.0,1.0,5,13,15,5
20,1.0,1.0,5,13,24,7
20,1.0,1.0,5,16,7,7
20,1.0,1.0,5,8,13,7
20,1.0,1.0,5,10,10,7
20,1.0,1.0,5,15,10,9
20,1.0,1.0,5,15,11,7
20,1.0,1.0,5,15,11,9
20,1.0,1.0,5,9,15,5
20,1.0,1.0,5,13,22,5
20,1.0,1.0,5,18,8,7
20,1.0,1.0,5,8,15,7
20,1.0,1.0,5,8,10,7
20,1.0,1.0,5,8,15,7
20,1.0,1.0,5,6,9,7
20,1.0,1.0,5,15,13,9
20,1.0,1.0,5,14,12,7
20,1.0,1.0,5,18,10,9
20,1.0,1.0,5,10,16,9
20,1.0,1.0,5,12,22,5
20,1.0,1.0,5,14,6,7
20,1.0,1.0,5,8,15,7
20,1.0,1.0,5,9,9,7
20,1.0,1.0,5,16,12,7
20,1.0,1.0,5,16,13,9
20,1.0,1.0,5,16,9,9
20,1.0,1.0,5,10,16,9
20,1.0,1.0,5,12,22,7
20,0.9999999999997726,1.0000000000004547,5,16,6,5
20,1.0,1.0,5,8,15,7
20,1.0,1.0,5,10,8,5
20,1.0,1.0,5,16,12,7
20,1.0,1.0,5,14,12,7
20,1.0,1.0,5,16,10,9
20,1.0,1.0,5,13,17,5
20,1.0,1.0,5,12,22,7
20,1.0,1.0,5,17,9,7
20,1.0,1.0,5,9,16,9
20,1.0,1.0,5,9,11,7
20,1.0,1.0,5,15,13,9
20,1.0,1.0,5,16,13,9
20,1.0,1.0,5,16,9,9
20,1.0,1.0,5,13,18,5
20,1.0,1.0,5,12,22,7
20,1.0,1.0,5,16,7,7
20,1.0,1.0,5,6,12,5
20,1.0,1.0,5,9,9,7
20,1.0,1.0,5,18,12,7
20,1.0,1.0,5,14,12,7
20,1.0,1.0,5,17,10,9
20,1.0,1.0,5,11,18,7
20,1.0,1.0,5,14,24,7
20,1.0,1.0,5,16,8,9
20,1.0,1.0,5,8,15,7
20,1.0,1.0,5,9,11,7
20,1.0,1.0,5,14,12,9
20,1.0,1.0,5,15,11,7
20,1.0,1.0,5,16,9,9
20,1.0,1.0,5,11,18,9
20,1.0,1.0,5,13,21,7
20,1.0,1.0,5,15,8,9
20,1.0,1.0,5,9,16,9
20,1.0,1.0,5,7,8,5
