method,n,mean_regret,success,p95_regret,harmful,beneficial,mean_change
A1-all,400,5.579228069124697e-12,1.0,6.088525517089494e-12,0.0,0.005,-2.540915915172359e-13
B2,400,5.8281337655258225e-12,1.0,6.026082410848232e-12,0.0,0.0,0.0
CS-Safe,400,5.8281337655258225e-12,1.0,6.026082410848232e-12,0.0,0.0,0.0
CVaR-all,400,9.803297635474495e-12,1.0,3.3021022721735345e-11,0.065,0.0025,4.676291125160769e-12
CVaR-pilot,400,1.1032018718687419e-11,1.0,3.0477647489091055e-11,0.0725,0.0,6.009151544417168e-12
Hinge-all,400,0.011166298807120055,1.0,0.01549795325174315,1.0,0.0,0.011166298806449844
LCRC-all,400,5.2048156756745456e-12,1.0,6.026082410848232e-12,0.0,0.005,-6.575385548546195e-13
LCRC-pilot,400,5.2048156756745456e-12,1.0,6.026082410848232e-12,0.0,0.005,-6.575385548546195e-13
MA-all,400,5.557685761256592e-12,1.0,6.026082410848232e-12,0.0,0.005,-2.919942065915393e-13
MA-pilot,400,5.8281337655258225e-12,1.0,6.026082410848232e-12,0.0,0.0,0.0
MLE-all,400,5.2048156756745456e-12,1.0,6.026082410848232e-12,0.0,0.005,-6.575385548546195e-13
MLE-pilot,400,5.2048156756745456e-12,1.0,6.026082410848232e-12,0.0,0.005,-6.575385548546195e-13
Minimax-all,400,0.011282868982284982,0.57,0.01713323751911,1.0,0.0,0.011282868981614727
Minimax-pilot,400,0.011282868982284982,0.57,0.01713323751911,1.0,0.0,0.011282868981614727
