stage,variant,n_blocks,joint_blocks,max_cells,baseline,n,difference,low,high
S2,base,64,0,32,Affine-MLE,20,0.0009903456157071278,-0.0007379875805328248,0.0027186788119470803
S2,base,64,0,32,EM-shrink,20,-0.023253235827674072,-0.028953357247214158,-0.017553114408133987
S2,base,64,0,32,Equal-weight,20,-0.16597639119862911,-0.17113113327504284,-0.1608216491222154
S2,base,64,0,32,Full-set-regret,20,1.7642770382651773e-12,-5.802590018214392e-13,4.108813078351794e-12
S2,base,64,0,32,Likelihood-absolute,20,-0.005959050449880587,-0.009251422781370745,-0.0026666781183904294
S2,base,64,0,32,Model-average,20,0.0013997719307983938,0.00015582465584259978,0.002643719205754188
S2,base,64,4,32,Affine-MLE,20,-0.005043105133501082,-0.008617652103929676,-0.0014685581630724878
S2,base,64,4,32,EM-shrink,20,-0.023231164716760722,-0.027013952819753724,-0.01944837661376772
S2,base,64,4,32,Equal-weight,20,-0.16871545429889895,-0.17369641116815357,-0.16373449742964433
S2,base,64,4,32,Full-set-regret,20,9.164348709696408e-13,-1.6119329702430972e-12,3.4448027121823788e-12
S2,base,64,4,32,Likelihood-absolute,20,-0.006243169417320845,-0.009683202992382702,-0.002803135842258989
S2,base,64,4,32,Model-average,20,0.0012910421811856733,0.00017021362091697626,0.00241187074145437
S2,base,64,16,32,Affine-MLE,20,-0.0030168404150875306,-0.006147773039690893,0.00011409220951583273
S2,base,64,16,32,EM-shrink,20,-0.026951985220242253,-0.03140950364977677,-0.022494466790707733
S2,base,64,16,32,Equal-weight,20,-0.16781517175984945,-0.17317704009900234,-0.16245330342069655
S2,base,64,16,32,Full-set-regret,20,-1.203390360450529e-13,-2.1693259941055155e-12,1.92864792201541e-12
S2,base,64,16,32,Likelihood-absolute,20,-0.006821049633216308,-0.010225729140513335,-0.003416370125919282
S2,base,64,16,32,Model-average,20,0.001497503947395886,0.0007042004877111022,0.0022908074070806697
S2,base,64,64,32,Affine-MLE,20,0.0032759743715539934,0.0009929338574589546,0.0055590148856490326
S2,base,64,64,32,EM-shrink,20,-0.02333668428720987,-0.0292219384257522,-0.01745143014866754
S2,base,64,64,32,Equal-weight,20,-0.16746298530654746,-0.17448065253653414,-0.1604453180765608
S2,base,64,64,32,Full-set-regret,20,2.2982709485530604e-13,-3.1851976983677203e-12,3.644851888078332e-12
S2,base,64,64,32,Likelihood-absolute,20,-0.0060690674791854275,-0.009872534576007801,-0.002265600382363054
S2,base,64,64,32,Model-average,20,0.00370962506122591,0.0022417768466716772,0.005177473275780143
S2,base,256,0,32,Affine-MLE,20,0.0014449958403320153,0.0007250339545092318,0.002164957726154799
S2,base,256,0,32,EM-shrink,20,-0.004531884052834579,-0.005760502196860896,-0.0033032659088082614
S2,base,256,0,32,Equal-weight,20,-0.1706100970663488,-0.1763619141107649,-0.1648582800219327
S2,base,256,0,32,Full-set-regret,20,-8.775764078101933e-13,-3.1393447323643273e-12,1.3841919167439409e-12
S2,base,256,0,32,Likelihood-absolute,20,-0.008646370645717733,-0.011485003316207486,-0.00580773797522798
S2,base,256,0,32,Model-average,20,0.001524821609765178,0.0008108539116279858,0.00223878930790237
S2,base,256,4,32,Affine-MLE,20,-0.0029458277089754225,-0.006374444386064242,0.00048278896811339723
S2,base,256,4,32,EM-shrink,20,-0.0030319628774474515,-0.005303762788693019,-0.0007601629662018845
S2,base,256,4,32,Equal-weight,20,-0.17133864190295123,-0.1774344286580718,-0.16524285514783066
S2,base,256,4,32,Full-set-regret,20,-1.0367786273599022e-13,-2.794577287492797e-12,2.5872215620208165e-12
S2,base,256,4,32,Likelihood-absolute,20,-0.008410740076520356,-0.011517835457374611,-0.005303644695666101
S2,base,256,4,32,Model-average,20,0.0021037320680308675,0.0009395172184856605,0.0032679469175760745
S2,base,256,16,32,Affine-MLE,20,-0.0025411646797671196,-0.005595028306747365,0.0005126989472131254
S2,base,256,16,32,EM-shrink,20,-0.0038066394068603585,-0.005448113617414487,-0.0021651651963062297
S2,base,256,16,32,Equal-weight,20,-0.1724945402733451,-0.17645923611110784,-0.16852984443558236
S2,base,256,16,32,Full-set-regret,20,-1.8183036687110556e-12,-3.3944401152964774e-12,-2.421672221256338e-13
S2,base,256,16,32,Likelihood-absolute,20,-0.009441738534349972,-0.011711839022058447,-0.007171638046641497
S2,base,256,16,32,Model-average,20,0.002231435923318703,0.0009501556207007721,0.003512716225936634
S2,base,256,64,32,Affine-MLE,20,0.0014633416958409397,-0.00017110205638187835,0.0030977854480637576
S2,base,256,64,32,EM-shrink,20,-0.004340743340532638,-0.005323261363184778,-0.0033582253178804974
S2,base,256,64,32,Equal-weight,20,-0.17114149263214445,-0.1765893500419542,-0.1656936352223347
S2,base,256,64,32,Full-set-regret,20,-6.464722095318731e-13,-3.4948233860916674e-12,2.2018789670279214e-12
S2,base,256,64,32,Likelihood-absolute,20,-0.009667300505974868,-0.012831195534072725,-0.006503405477877011
S2,base,256,64,32,Model-average,20,0.0027679285740498053,0.0017060012207159865,0.003829855927383624
S3,base,64,16,8,Affine-MLE,20,-0.0017524535929448973,-0.0049627605902072955,0.0014578534043175008
S3,base,64,16,8,EM-shrink,20,-0.032919573956082956,-0.039990545578175545,-0.02584860233399037
S3,base,64,16,8,Equal-weight,20,-0.16843895121513625,-0.17370730400148565,-0.16317059842878684
S3,base,64,16,8,Full-set-regret,20,-1.2902658696784148e-11,-8.011179981421766e-11,5.430648242064937e-11
S3,base,64,16,8,Likelihood-absolute,20,-0.007070309790859634,-0.010829487935177542,-0.003311131646541727
S3,base,64,16,8,Model-average,20,0.0019257950312261264,0.00042411174564732667,0.0034274783168049263
S3,base,64,16,32,Affine-MLE,20,-0.0017524535806211533,-0.00496276057441771,0.001457853413175403
S3,base,64,16,32,EM-shrink,20,-0.03291957394375921,-0.03999054557166282,-0.025848602315855604
S3,base,64,16,32,Equal-weight,20,-0.16843895120281246,-0.17370730393668835,-0.16317059846893658
S3,base,64,16,32,Full-set-regret,20,-5.789140434392381e-13,-3.596655046593312e-12,2.4388269597148363e-12
S3,base,64,16,32,Likelihood-absolute,20,-0.007070310938202813,-0.010829489714648663,-0.003311132161756963
S3,base,64,16,32,Model-average,20,0.0019257950435498713,0.0004241117444340821,0.0034274783426656605
S3,base,64,16,128,Affine-MLE,20,-0.0017524535806251143,-0.004962760574422693,0.0014578534131724642
S3,base,64,16,128,EM-shrink,20,-0.03291957394376317,-0.039990545571665016,-0.025848602315861325
S3,base,64,16,128,Equal-weight,20,-0.16843895120281643,-0.1737073039367085,-0.16317059846892437
S3,base,64,16,128,Full-set-regret,20,-5.828757750981142e-13,-3.620521560643148e-12,2.4547700104469196e-12
S3,base,64,16,128,Likelihood-absolute,20,-0.007070312605930376,-0.01082949236199501,-0.003311132849865742
S3,base,64,16,128,Model-average,20,0.0019257950435459096,0.0004241117444343718,0.0034274783426574474
S3,cov_misspec,64,16,32,Affine-MLE,20,-0.0024723126794548964,-0.005926081780464682,0.000981456421554889
S3,cov_misspec,64,16,32,EM-shrink,20,-0.02531449012734489,-0.03315371188918822,-0.01747526836550156
S3,cov_misspec,64,16,32,Equal-weight,20,-0.16720532872625535,-0.17370299771202516,-0.16070765974048554
S3,cov_misspec,64,16,32,Full-set-regret,20,-8.581043644748098e-13,-4.038371254095409e-12,2.3221625251457895e-12
S3,cov_misspec,64,16,32,Likelihood-absolute,20,-0.007306408392164865,-0.011229785458335792,-0.0033830313259939383
S3,cov_misspec,64,16,32,Model-average,20,0.0021502874627522305,0.0006811244477807025,0.0036194504777237587
S3,full,64,64,32,Affine-MLE,20,0.0011990028002674354,-0.0010787464931416458,0.0034767520936765167
S3,full,64,64,32,EM-shrink,20,-0.026181378090936736,-0.031903345670264566,-0.02045941051160891
S3,full,64,64,32,Equal-weight,20,-0.16711209137734728,-0.1741528271082113,-0.16007135564648325
S3,full,64,64,32,Full-set-regret,20,1.2204978781099607e-12,-1.638606898048249e-12,4.07960265426817e-12
S3,full,64,64,32,Likelihood-absolute,20,-0.007506760970419181,-0.011010753089442181,-0.004002768851396181
S3,full,64,64,32,Model-average,20,0.0026943316059807017,0.0012173584731350127,0.0041713047388263905
S3,t6,64,16,32,Affine-MLE,20,-0.004300694467698256,-0.0079902711294313,-0.0006111178059652117
S3,t6,64,16,32,EM-shrink,20,-0.04823986431587522,-0.06170563903629767,-0.03477408959545277
S3,t6,64,16,32,Equal-weight,20,-0.16843895120281246,-0.17370730393668835,-0.16317059846893658
S3,t6,64,16,32,Full-set-regret,20,-5.789140434392381e-13,-3.596655046593312e-12,2.4388269597148363e-12
S3,t6,64,16,32,Likelihood-absolute,20,-0.007070310938202813,-0.010829489714648663,-0.003311132161756963
S3,t6,64,16,32,Model-average,20,0.0014041872514503739,-0.0002928078286634176,0.003101182331564165
S3,weak,64,0,32,Affine-MLE,20,0.0005852661502671575,-0.0011799607893853705,0.002350493089919686
S3,weak,64,0,32,EM-shrink,20,-0.023464359092162972,-0.02971081594523887,-0.017217902239087073
S3,weak,64,0,32,Equal-weight,20,-0.17244780779084729,-0.17780216511704472,-0.16709345046464985
S3,weak,64,0,32,Full-set-regret,20,-2.8976011450269554e-12,-5.412508382495712e-12,-3.8269390755819855e-13
S3,weak,64,0,32,Likelihood-absolute,20,-0.010069979149866001,-0.013101570806079373,-0.007038387493652629
S3,weak,64,0,32,Model-average,20,0.0009924626399286283,-0.0002832806463970942,0.0022682059262543507
S3,wide,64,16,32,Affine-MLE,20,-0.004369970681780126,-0.00798465164595914,-0.0007552897176011128
S3,wide,64,16,32,EM-shrink,20,-0.03292861518631885,-0.03999499535137231,-0.02586223502126539
S3,wide,64,16,32,Equal-weight,20,-0.16844799244537212,-0.17375965951590475,-0.1631363253748395
S3,wide,64,16,32,Full-set-regret,20,-2.8179973824804353e-11,-2.1598295903864316e-10,1.5962301138903444e-10
S3,wide,64,16,32,Likelihood-absolute,20,-0.011438613566138685,-0.01618394196929533,-0.006693285162982041
S3,wide,64,16,32,Model-average,20,0.0014442190770669306,-0.0004901064702191133,0.0033785446243529745
