stage,variant,n_blocks,joint_blocks,max_cells,method,n,mean,median,q90,se,worst_subgroup_mean,median_seconds,p95_seconds,success_rate,certificate_rate,volume_fraction,gap_open_rate,coverage,coverage_low,coverage_high,mean_certificate_scaled
S2,base,64,0,32,Affine-MLE,20,0.012832836611872917,0.01104155217246692,0.02735998766347928,0.0020019029830364906,0.01602135638245296,0.01479395000023942,0.01752503999932742,1.0,,,0.0,,,,
S2,base,64,0,32,EM-shrink,20,0.028780701870910315,0.024716394950876804,0.04570047345504617,0.002730989657749726,0.03143555083658061,0.007059150000259251,0.009508475000075125,1.0,,,0.0,,,,
S2,base,64,0,32,Equal-weight,20,0.17150385724186537,0.17015484331634861,0.1874767274619827,0.0025503755581094923,0.1827607721018828,0.0,0.0,0.0,,,0.0,,,,
S2,base,64,0,32,Full-set-regret,20,0.0055274660414719595,0.005769182035201246,0.008297905028605676,0.0005902295019002495,0.007348634909719869,0.014181600000028993,0.0155537949992322,1.0,,,0.0,,,,
S2,base,64,0,32,LCRC,20,0.005527466043236236,0.005769182032450309,0.008297905027609848,0.0005902295021761152,0.007348634910608037,0.3080915999998979,0.38386770500064815,1.0,1.0,1.0,0.0,1.0,0.8315665290169146,1.0,0.018528410101670358
S2,base,64,0,32,Likelihood-absolute,20,0.011486516493116824,0.00970729329053983,0.025225578693889437,0.0018609893961869213,0.021138709563577014,0.22663539999985005,0.2486311549997481,1.0,,,0.0,,,,
S2,base,64,0,32,Model-average,20,0.004127694112437843,0.003052363360128841,0.008292826086433006,0.0008152296759894466,0.005150270783296553,0.02090214999998352,0.023754749999943668,1.0,,,0.0,,,,
S2,base,64,4,32,Affine-MLE,20,0.009545181074368178,0.007518667061571286,0.020828562016192147,0.00156695743383853,0.011218544644022872,0.03138074999969831,0.04241314499986402,1.0,,,0.0,,,,
S2,base,64,4,32,EM-shrink,20,0.027733240657627816,0.027316048370956258,0.0366693579168,0.0017101012691775209,0.033611285757006455,0.034463599999526195,0.03825130000018362,1.0,,,0.0,,,,
S2,base,64,4,32,Equal-weight,20,0.173217530239766,0.16868387540042046,0.19209874993091275,0.0026135868884482223,0.1860937163442788,0.0,0.0,0.0,,,0.0,,,,
S2,base,64,4,32,Full-set-regret,20,0.004502075939950659,0.00394350048859134,0.007744690994592092,0.0006152925631974128,0.006870955227261637,0.014226100000087172,0.015480965000642754,1.0,,,0.0,,,,
S2,base,64,4,32,LCRC,20,0.004502075940867093,0.003943500492825245,0.0077446909889174,0.0006152925629339465,0.006870955223376458,0.43529179999995904,0.4591210799992041,1.0,1.0,1.0,0.0,1.0,0.8315665290169146,1.0,0.018528410101670358
S2,base,64,4,32,Likelihood-absolute,20,0.010745245358187942,0.008482152312512115,0.023977086421486164,0.0019085061451878764,0.024150779569962404,0.3061458999995921,0.3189093400001184,1.0,,,0.0,,,,
S2,base,64,4,32,Model-average,20,0.0032110337596814205,0.002707169546676843,0.006398503324785292,0.0005223888737050035,0.005466825987828457,0.032796000000416825,0.03523896000010609,1.0,,,0.0,,,,
S2,base,64,16,32,Affine-MLE,20,0.007660355832605943,0.004901291996978353,0.014344705978943318,0.0015158114370649413,0.011012895067527275,0.024965500000234897,0.03797438500014323,1.0,,,0.0,,,,
S2,base,64,16,32,EM-shrink,20,0.03159550063776066,0.027928377124624287,0.046557091946023726,0.0025011947342980212,0.03549010489453873,0.035314000000198575,0.03909101999979612,1.0,,,0.0,,,,
S2,base,64,16,32,Equal-weight,20,0.17245868717736784,0.17025061845965417,0.18767962546687722,0.002505905483680705,0.18292048730390076,0.0,0.0,0.0,,,0.0,,,,
S2,base,64,16,32,Full-set-regret,20,0.004643515417638752,0.004162801065511704,0.007756597006765424,0.0005367608677162602,0.005774354556810209,0.013851199999407982,0.018400259999407354,1.0,,,0.0,,,,
S2,base,64,16,32,LCRC,20,0.004643515417518413,0.004162801062302346,0.007756596998404426,0.0005367608676552242,0.005774354554621874,0.40940660000023854,0.46666977000031695,1.0,1.0,1.0,0.0,1.0,0.8315665290169146,1.0,0.018528410101670358
S2,base,64,16,32,Likelihood-absolute,20,0.01146456505073472,0.01032830737141125,0.022962257312636507,0.0016612950444886432,0.020189925472912068,0.2971652000001086,0.31053408000129823,1.0,,,0.0,,,,
S2,base,64,16,32,Model-average,20,0.003146011470122527,0.002872869152528888,0.005574757102237296,0.00048262005566981594,0.003870753105119468,0.03209039999956076,0.038000929999680015,1.0,,,0.0,,,,
S2,base,64,64,32,Affine-MLE,20,0.0028641433945245263,0.0023381413429151105,0.0037023687687802974,0.0007235319981226063,0.0051842756732294396,0.014673550000225077,0.018047735000573085,1.0,,,0.0,,,,
S2,base,64,64,32,EM-shrink,20,0.029476802053288387,0.02972605233257003,0.040360246615485734,0.002788834320806421,0.03851268287628297,0.0016983000000436732,0.0025444100005643125,1.0,,,0.0,,,,
S2,base,64,64,32,Equal-weight,20,0.173603103072626,0.17107395123770697,0.19442687585911828,0.0033354848926025605,0.19031007931769714,0.0,0.0,0.0,,,0.0,,,,
S2,base,64,64,32,Full-set-regret,20,0.006140117765848691,0.006078641271818148,0.009992414878386542,0.000696828917646786,0.00649388797193557,0.014271800000187795,0.01828821500034792,1.0,,,0.0,,,,
S2,base,64,64,32,LCRC,20,0.006140117766078519,0.006078641271870223,0.009992414869135368,0.0006968289176013929,0.006493887969005092,0.2952787500003069,0.36470479000013256,1.0,1.0,1.0,0.0,1.0,0.8315665290169146,1.0,0.018528410101670358
S2,base,64,64,32,Likelihood-absolute,20,0.012209185245263949,0.008439645902664277,0.02351664087340207,0.0019003355020305271,0.02285687591380827,0.2074441999998271,0.22370655000022452,1.0,,,0.0,,,,
S2,base,64,64,32,Model-average,20,0.002430492704852609,0.0019546954020546966,0.00417371675780795,0.0003885145569216909,0.0037356087078506415,0.01412354999956733,0.018227004999835116,1.0,,,0.0,,,,
S2,base,256,0,32,Affine-MLE,20,0.01117207977978581,0.00691940322409493,0.02266245825873551,0.002439507289771276,0.024313404717648545,0.016117499999836582,0.01960166500016385,1.0,,,0.0,,,,
S2,base,256,0,32,EM-shrink,20,0.009002793406305526,0.007984584730368404,0.013282404084485139,0.0008413723137799083,0.010890540399629122,0.009090849999665807,0.011133490000383973,1.0,,,0.0,,,,
S2,base,256,0,32,Equal-weight,20,0.17508100641981975,0.17486773346842022,0.1919894898285844,0.002816131091335601,0.1847958914562076,0.0,0.0,0.0,,,0.0,,,,
S2,base,256,0,32,Full-set-regret,20,0.004470909354348523,0.003930835300360382,0.007622191718844236,0.0005662833879513211,0.005987626380677293,0.014488650000657799,0.019397634999677393,1.0,,,0.0,,,,
S2,base,256,0,32,LCRC,20,0.0044709093534709456,0.003930835299881004,0.0076221917138011895,0.0005662833878290266,0.005987626379079606,0.2956888999997318,0.3239845349997722,1.0,1.0,1.0,0.0,1.0,0.8315665290169146,1.0,0.018528410101670358
S2,base,256,0,32,Likelihood-absolute,20,0.01311727999918868,0.010854793952501902,0.023336232939684485,0.0016361169852760632,0.0218589820620483,0.23785459999953673,0.2584013800005323,1.0,,,0.0,,,,
S2,base,256,0,32,Model-average,20,0.002946087743705768,0.002550169443335642,0.007059540387478166,0.0005306250786679868,0.004267925478931404,0.02205820000017411,0.027067194999790448,1.0,,,0.0,,,,
S2,base,256,4,32,Affine-MLE,20,0.007873961418401094,0.0062469574031644845,0.015607515903462982,0.0014946017044781454,0.00970298519748947,0.03516170000011698,0.04715838999932204,1.0,,,0.0,,,,
S2,base,256,4,32,EM-shrink,20,0.007960096586873121,0.007201477431463696,0.011300066734634509,0.0009589440676308555,0.011014629230404993,0.040419550000024174,0.050898314999631114,1.0,,,0.0,,,,
S2,base,256,4,32,Equal-weight,20,0.17626677561237686,0.17378050844859597,0.19323545447778592,0.0030869674282191445,0.19170622957645178,0.0,0.0,0.0,,,0.0,,,,
S2,base,256,4,32,Full-set-regret,20,0.004928133709529349,0.004977356617269675,0.008460387529663242,0.0006469132371168315,0.005560600640095031,0.013995149999573187,0.017102429999749803,1.0,,,0.0,,,,
S2,base,256,4,32,LCRC,20,0.0049281337094256705,0.004977356617891428,0.008460387538457712,0.000646913237104825,0.00556060063392164,0.35940149999987625,0.40221065999940037,1.0,1.0,1.0,0.0,1.0,0.8315665290169146,1.0,0.018528410101670358
S2,base,256,4,32,Likelihood-absolute,20,0.013338873785946028,0.011329822003748975,0.02341607414718904,0.0016498030989591439,0.018856527487083,0.304279150000184,0.32018207499941126,1.0,,,0.0,,,,
S2,base,256,4,32,Model-average,20,0.002824401641394803,0.002473271042018001,0.00524139819359785,0.0004242685833916286,0.004499223806667338,0.03367209999987608,0.04200746499968773,1.0,,,0.0,,,,
S2,base,256,16,32,Affine-MLE,20,0.006544427624930701,0.00540532252233574,0.013850862571249541,0.001187641454548446,0.008044554439556694,0.03379629999972167,0.04593776499964406,1.0,,,0.0,,,,
S2,base,256,16,32,EM-shrink,20,0.00780990235202394,0.006663443920614377,0.012886762819121279,0.0007620839199931978,0.010844606119266624,0.042323299999679875,0.048762794999584004,1.0,,,0.0,,,,
S2,base,256,16,32,Equal-weight,20,0.17649780321850866,0.17299052615046803,0.18762700551983544,0.0023054317514223568,0.19027082230539627,0.0,0.0,0.0,,,0.0,,,,
S2,base,256,16,32,Full-set-regret,20,0.004003262946981884,0.0039731932632326005,0.007039901040188234,0.0006998750769429481,0.00723360756566244,0.014274099999965983,0.01582449000015913,1.0,,,0.0,,,,
S2,base,256,16,32,LCRC,20,0.004003262945163581,0.0039731932575205395,0.007039901041258308,0.0006998750766698137,0.00723360756425356,0.340462999999545,0.3867528450001373,1.0,1.0,1.0,0.0,1.0,0.8315665290169146,1.0,0.018528410101670358
S2,base,256,16,32,Likelihood-absolute,20,0.013445001479513555,0.010609759373440455,0.024680539368040728,0.0015149745266514868,0.019673207451716697,0.30069000000003143,0.31983252499990156,1.0,,,0.0,,,,
S2,base,256,16,32,Model-average,20,0.0017718270218448774,0.0017787631736997371,0.004032844177723659,0.00028528358147400724,0.001953075839419182,0.031230950000008306,0.034255899999652686,1.0,,,0.0,,,,
S2,base,256,64,32,Affine-MLE,20,0.0031842028043026346,0.0024235848734275524,0.0065478343099705846,0.0006631474297315041,0.004019665592670849,0.0314971500001775,0.03570025499934673,1.0,,,0.0,,,,
S2,base,256,64,32,EM-shrink,20,0.008988287840676212,0.007607096160944063,0.013836737440614925,0.0008154706699278802,0.010597076441369731,0.040649999999914144,0.04477041499990264,1.0,,,0.0,,,,
S2,base,256,64,32,Equal-weight,20,0.17578903713228794,0.17355614800065605,0.19149286713609107,0.0028817378413415677,0.19032267618850615,0.0,0.0,0.0,,,0.0,,,,
S2,base,256,64,32,Full-set-regret,20,0.0046475445007900466,0.00422046003455712,0.008222124630193872,0.000571973841438565,0.005951469732813423,0.013543500000196218,0.020849950000410903,1.0,,,0.0,,,,
S2,base,256,64,32,LCRC,20,0.004647544500143574,0.004220460039946434,0.008222124636585284,0.0005719738409795741,0.005951469724673802,0.3467496499997651,0.39385298999955015,1.0,1.0,1.0,0.0,1.0,0.8315665290169146,1.0,0.018528410101670358
S2,base,256,64,32,Likelihood-absolute,20,0.014314845006118446,0.014257529163895881,0.02462521222520266,0.0017231008636875685,0.019637265127239154,0.29379470000003494,0.31396793000049006,1.0,,,0.0,,,,
S2,base,256,64,32,Model-average,20,0.0018796159260937688,0.0012366532551670933,0.004527710987092451,0.0004286733600172746,0.0024892672784380936,0.029876349999995,0.03561852500038185,1.0,,,0.0,,,,
S3,base,64,16,8,Affine-MLE,20,0.007063888643874379,0.006360317379255531,0.013534707907714197,0.001335347978558469,0.011939021814725692,0.017144949999419623,0.04062358500113988,1.0,,,0.0,,,,
S3,base,64,16,8,EM-shrink,20,0.038231009007012436,0.03467417434785615,0.05748427934347056,0.0036537231597164985,0.04880810825751472,0.022963749999689753,0.039411745000506926,1.0,,,0.0,,,,
S3,base,64,16,8,Equal-weight,20,0.1737503862660657,0.16996417922548662,0.18744843338508205,0.002851859898616609,0.19224317225593102,0.0,0.0,0.0,,,0.0,,,,
S3,base,64,16,8,Full-set-regret,20,0.005311435063832141,0.00526897369528086,0.007932721388036095,0.0007368942022568577,0.007707042354917751,0.010387400000581692,0.016223540000464713,1.0,,,0.0,,,,
S3,base,64,16,8,LCRC,20,0.005311435050929482,0.005268973856624084,0.007932721477055852,0.0007368941870338198,0.007707042165405298,0.05784434999986843,0.12609765500101275,1.0,1.0,1.0,0.0,1.0,0.8315665290169146,1.0,0.018528410448297818
S3,base,64,16,8,Likelihood-absolute,20,0.012381744841789116,0.007284458203711187,0.024885563434877793,0.0021912939737720343,0.021867030529578804,0.06136779999906139,0.1016158299999006,1.0,,,0.0,,,,
S3,base,64,16,8,Model-average,20,0.003385640019703355,0.002443598806660581,0.006530991618397065,0.0005804731387774023,0.005472560377046292,0.022219749999749183,0.03941869499922177,1.0,,,0.0,,,,
S3,base,64,16,32,Affine-MLE,20,0.007063888643874379,0.006360317379255531,0.013534707907714197,0.001335347978558469,0.011939021814725692,0.028320849999545317,0.03712128500046675,1.0,,,0.0,,,,
S3,base,64,16,32,EM-shrink,20,0.038231009007012436,0.03467417434785615,0.05748427934347056,0.0036537231597164985,0.04880810825751472,0.034002700000201,0.03790870999955587,1.0,,,0.0,,,,
S3,base,64,16,32,Equal-weight,20,0.1737503862660657,0.16996417922548662,0.18744843338508205,0.002851859898616609,0.19224317225593102,0.0,0.0,0.0,,,0.0,,,,
S3,base,64,16,32,Full-set-regret,20,0.005311435063832141,0.00526897369528086,0.007932721388036095,0.0007368942022568577,0.007707042354917751,0.01486639999984618,0.0161385699987477,1.0,,,0.0,,,,
S3,base,64,16,32,LCRC,20,0.005311435063253226,0.0052689737025259425,0.007932721392033918,0.0007368942015733313,0.007707042346409041,0.40261869999903865,0.4826940999972977,1.0,1.0,1.0,0.0,1.0,0.8315665290169146,1.0,0.018528410101670358
S3,base,64,16,32,Likelihood-absolute,20,0.012381746001456037,0.0072844565199530475,0.024885567745093862,0.002191294358942307,0.021867034223712046,0.3058051500001966,0.32524948999998743,1.0,,,0.0,,,,
S3,base,64,16,32,Model-average,20,0.003385640019703355,0.002443598806660581,0.006530991618397065,0.0005804731387774023,0.005472560377046292,0.03254945000026055,0.03657556500056672,1.0,,,0.0,,,,
S3,base,64,16,128,Affine-MLE,20,0.007063888643874379,0.006360317379255531,0.013534707907714197,0.001335347978558469,0.011939021814725692,0.016727799999898707,0.029827800000020943,1.0,,,0.0,,,,
S3,base,64,16,128,EM-shrink,20,0.038231009007012436,0.03467417434785615,0.05748427934347056,0.0036537231597164985,0.04880810825751472,0.018497400000342168,0.04051080999934129,1.0,,,0.0,,,,
S3,base,64,16,128,Equal-weight,20,0.1737503862660657,0.16996417922548662,0.18744843338508205,0.002851859898616609,0.19224317225593102,0.0,0.0,0.0,,,0.0,,,,
S3,base,64,16,128,Full-set-regret,20,0.005311435063832141,0.00526897369528086,0.007932721388036095,0.0007368942022568577,0.007707042354917751,0.008471150000332273,0.016885565000393402,1.0,,,0.0,,,,
S3,base,64,16,128,LCRC,20,0.005311435063249265,0.005268973702573341,0.007932721392059893,0.0007368942015688198,0.007707042346352581,6.605196749998868,9.72523488999832,1.0,1.0,1.0,0.0,1.0,0.8315665290169146,1.0,0.018528410101779726
S3,base,64,16,128,Likelihood-absolute,20,0.012381747669179637,0.0072844540985421286,0.024885573943627805,0.0021912949128567775,0.021867039536256034,0.678517749999628,1.3685602349982218,1.0,,,0.0,,,,
S3,base,64,16,128,Model-average,20,0.003385640019703355,0.002443598806660581,0.006530991618397065,0.0005804731387774023,0.005472560377046292,0.017044249999344174,0.034455739999884834,1.0,,,0.0,,,,
S3,cov_misspec,64,16,32,Affine-MLE,20,0.010513645856128089,0.008342525941503358,0.01831186046900729,0.001492754683297738,0.013380732751159863,0.02377299999989191,0.03127729999905569,1.0,,,0.0,,,,
S3,cov_misspec,64,16,32,EM-shrink,20,0.033355823304018074,0.02934588226391269,0.056365126810357734,0.0036467753857059083,0.03717082254564595,0.0335322000000815,0.038391195000258456,1.0,,,0.0,,,,
S3,cov_misspec,64,16,32,Equal-weight,20,0.17524666190292854,0.17475805291495,0.19400576318423857,0.0033398750537852115,0.194385355687422,0.0,0.0,0.0,,,0.0,,,,
S3,cov_misspec,64,16,32,Full-set-regret,20,0.008041333177531296,0.00692729185195508,0.015237134294825172,0.000998315246910364,0.011545435471184024,0.012093150000509922,0.016565914999409872,1.0,,,0.0,,,,
S3,cov_misspec,64,16,32,LCRC,20,0.008041333176673191,0.00692729185435759,0.01523713428347639,0.0009983152460457606,0.011545435462485855,0.3538523000006535,0.403599835001387,1.0,1.0,1.0,0.0,0.95,0.7512672372279723,0.9987349105020502,0.018528410101670358
S3,cov_misspec,64,16,32,Likelihood-absolute,20,0.015347741568838058,0.009893348242126798,0.03234840900209242,0.0025265418841606945,0.026935970942745212,0.2625563500005228,0.29891029500076916,1.0,,,0.0,,,,
S3,cov_misspec,64,16,32,Model-average,20,0.005891045713920962,0.005444141530880155,0.009999318380307147,0.000765966379738941,0.008417856898089401,0.027347949999239063,0.03528584499890712,1.0,,,0.0,,,,
S3,full,64,64,32,Affine-MLE,20,0.004362772064366817,0.0029975241791444507,0.007474709085384475,0.0007482188525448488,0.005036099918231129,0.01120085000002291,0.01583901999965747,1.0,,,0.0,,,,
S3,full,64,64,32,EM-shrink,20,0.03174315295557098,0.03126958065090699,0.046422846215773306,0.0028605076478701234,0.03396296354775472,0.0014159999991534278,0.0017051350005203858,1.0,,,0.0,,,,
S3,full,64,64,32,Equal-weight,20,0.17267386624198153,0.16899027221940188,0.18906670251411453,0.0035687334136929568,0.18734272744821406,0.0,0.0,0.0,,,0.0,,,,
S3,full,64,64,32,Full-set-regret,20,0.005561774863413754,0.004574163418024799,0.010253353526597998,0.0006800168942293393,0.00676636451135888,0.01202125000054366,0.018111945001146525,1.0,,,0.0,,,,
S3,full,64,64,32,LCRC,20,0.005561774864634252,0.004574163420271939,0.010253353536974433,0.0006800168940012409,0.0067663645080999184,0.27599430000009306,0.29927823500011075,1.0,1.0,1.0,0.0,1.0,0.8315665290169146,1.0,0.018528410101670358
S3,full,64,64,32,Likelihood-absolute,20,0.013068535835053435,0.010034795595920666,0.025205315068379093,0.0019309183082851524,0.022768636552476997,0.19130519999998796,0.2009249599999748,1.0,,,0.0,,,,
S3,full,64,64,32,Model-average,20,0.00286744325865355,0.002323020261650305,0.006963123530844891,0.0005467967801100812,0.0044085628501559695,0.012750199999572942,0.017065114999422804,1.0,,,0.0,,,,
S3,t6,64,16,32,Affine-MLE,20,0.009612129530951485,0.008177007357237035,0.01587591599583057,0.0014000302138330283,0.01494485560505533,0.021687499999643478,0.027505679999649146,1.0,,,0.0,,,,
S3,t6,64,16,32,EM-shrink,20,0.053551299379128434,0.04250648328790706,0.08283633233538684,0.006609844595736495,0.07665425528893959,0.033546349999596714,0.03666556000071069,0.9,,,0.0,,,,
S3,t6,64,16,32,Equal-weight,20,0.1737503862660657,0.16996417922548662,0.18744843338508205,0.002851859898616609,0.19224317225593102,0.0,0.0,0.0,,,0.0,,,,
S3,t6,64,16,32,Full-set-regret,20,0.005311435063832141,0.00526897369528086,0.007932721388036095,0.0007368942022568577,0.007707042354917751,0.012797649999811256,0.016473055000187743,1.0,,,0.0,,,,
S3,t6,64,16,32,LCRC,20,0.005311435063253226,0.0052689737025259425,0.007932721392033918,0.0007368942015733313,0.007707042346409041,0.3470917000004192,0.41615793000046336,1.0,1.0,1.0,0.0,1.0,0.8315665290169146,1.0,0.018528410101670358
S3,t6,64,16,32,Likelihood-absolute,20,0.012381746001456037,0.0072844565199530475,0.024885567745093862,0.002191294358942307,0.021867034223712046,0.2795881999991252,0.3219215550003355,1.0,,,0.0,,,,
S3,t6,64,16,32,Model-average,20,0.003907247811802853,0.0027743092799507553,0.007509642388475583,0.0005882493680116892,0.00618693600571657,0.02996430000075634,0.036759090000578,1.0,,,0.0,,,,
S3,weak,64,0,32,Affine-MLE,20,0.012185407407402028,0.008936145183597324,0.02351466739114924,0.0020474301074115664,0.01953177592615518,0.012686699999903794,0.01829640999858384,1.0,,,0.0,,,,
S3,weak,64,0,32,EM-shrink,20,0.0284933460597659,0.024600994299481448,0.04690063905079228,0.0031985741879642982,0.03423486124004881,0.006079450000470388,0.010056349999467784,1.0,,,0.0,,,,
S3,weak,64,0,32,Equal-weight,20,0.17747679475845024,0.17919408813586224,0.1909746683065747,0.0027383867120249865,0.18588579578657016,0.0,0.0,0.0,,,0.0,,,,
S3,weak,64,0,32,Full-set-regret,20,0.005028986970500531,0.00509619007291265,0.009048552652967402,0.0006988505395877251,0.006936463025518259,0.01266254999973171,0.018804304999412123,1.0,,,0.0,,,,
S3,weak,64,0,32,LCRC,20,0.005028986967602929,0.005096190065790516,0.009048552651619801,0.0006988505393353125,0.0069364630181617875,0.3128951999979108,0.3439241949980897,1.0,1.0,1.0,0.0,1.0,0.8315665290169146,1.0,0.018528410101670358
S3,weak,64,0,32,Likelihood-absolute,20,0.015098966117468932,0.011515670352220186,0.02448897854080755,0.0017652225230408692,0.02463203038434794,0.21136789999945904,0.23499662500089472,1.0,,,0.0,,,,
S3,weak,64,0,32,Model-average,20,0.0040365243276743006,0.004283257197149729,0.0070228358322579326,0.0007642071935805247,0.005318112628563365,0.02028690000042843,0.028650690000995384,1.0,,,0.0,,,,
S3,wide,64,16,32,Affine-MLE,20,0.009672364502473706,0.009112124538130813,0.01765855205956927,0.0015271529322901638,0.013818951538246088,0.02732319999995525,0.040090859998963425,1.0,,,0.0,,,,
S3,wide,64,16,32,EM-shrink,20,0.038231009007012436,0.03467417434785615,0.05748427934347056,0.0036537231597164985,0.04880810825751472,0.03071934999934456,0.035780990000694145,1.0,,,0.0,,,,
S3,wide,64,16,32,Equal-weight,20,0.1737503862660657,0.16996417922548662,0.18744843338508205,0.002851859898616609,0.19224317225593102,0.0,0.0,0.0,,,0.0,,,,
S3,wide,64,16,32,Full-set-regret,20,0.005302393848873554,0.0053970108525202625,0.008003902967079332,0.0007252603180606827,0.00755906604413004,0.012477900000703812,0.015069790000688957,1.0,,,0.0,,,,
S3,wide,64,16,32,LCRC,20,0.005302393820693581,0.0053970113113138785,0.008003903224038452,0.0007252602779653204,0.007559065522390598,0.38640460000078747,0.4344243400008054,1.0,1.0,1.0000000000000004,0.0,1.0,0.8315665290169146,1.0,0.03193061976371543
S3,wide,64,16,32,Likelihood-absolute,20,0.016741007386832266,0.01078180024284987,0.031909206437460806,0.00262248084497814,0.028226616537083544,0.2666773499995543,0.2881774849998692,1.0,,,0.0,,,,
S3,wide,64,16,32,Model-average,20,0.00385817474362665,0.0024650338026333454,0.00861047680290234,0.0007184276923441166,0.006362649290824017,0.02865280000060011,0.035250149999956196,1.0,,,0.0,,,,
