kind,family_id,point_id,n,m,method,mean,count
G1,0,0,256,16,A-Absolute:0.5,0.0020452045070791193,30
G1,0,0,256,16,A-Mean,0.000947915685283624,30
G1,0,0,256,16,A-Tail-P:0.5,0.0007594401832668015,30
G1,0,0,256,16,B-Max,0.0005594064318155478,30
G1,0,0,256,16,B-Tail-P:0.25,0.0006438273388706745,30
G1,0,0,256,16,B-Tail-P:0.5,0.0007765714503728422,30
G1,0,0,256,16,H-Conditional-FilterThenK,0.0006131230823834628,30
G1,0,0,256,16,REF-EB,0.000556675987683749,30
G1,0,1,256,16,A-Absolute:0.5,0.010611066163214028,30
G1,0,1,256,16,A-Mean,0.008325771061924597,30
G1,0,1,256,16,A-Tail-P:0.5,0.009438784607688579,30
G1,0,1,256,16,B-Max,0.011526556581666802,30
G1,0,1,256,16,B-Tail-P:0.25,0.01018124313325288,30
G1,0,1,256,16,B-Tail-P:0.5,0.009403268587875732,30
G1,0,1,256,16,H-Conditional-FilterThenK,0.01010274556102051,30
G1,0,1,256,16,REF-EB,0.00712565150686757,30
G1,0,2,256,16,A-Absolute:0.5,0.010293378420984038,30
G1,0,2,256,16,A-Mean,0.009456311793731987,30
G1,0,2,256,16,A-Tail-P:0.5,0.009586709292798019,30
G1,0,2,256,16,B-Max,0.009700893019519976,30
G1,0,2,256,16,B-Tail-P:0.25,0.010029972397424378,30
G1,0,2,256,16,B-Tail-P:0.5,0.00952385548695266,30
G1,0,2,256,16,H-Conditional-FilterThenK,0.010019048018365041,30
G1,0,2,256,16,REF-EB,0.010907367822821461,30
G1,0,3,256,16,A-Absolute:0.5,0.009168825194631362,30
G1,0,3,256,16,A-Mean,0.004490112816483775,30
G1,0,3,256,16,A-Tail-P:0.5,0.004439327342226585,30
G1,0,3,256,16,B-Max,0.005710596082816737,30
G1,0,3,256,16,B-Tail-P:0.25,0.004826998403851945,30
G1,0,3,256,16,B-Tail-P:0.5,0.0044308554537282295,30
G1,0,3,256,16,H-Conditional-FilterThenK,0.004872954938238381,30
G1,0,3,256,16,REF-EB,0.0037806339589025466,30
G1,0,4,256,16,A-Absolute:0.5,0.0008879847486500209,30
G1,0,4,256,16,A-Mean,0.001819729369429956,30
G1,0,4,256,16,A-Tail-P:0.5,0.0017221840781371125,30
G1,0,4,256,16,B-Max,0.0014034966921158524,30
G1,0,4,256,16,B-Tail-P:0.25,0.0016936189236503303,30
G1,0,4,256,16,B-Tail-P:0.5,0.0017285602402563386,30
G1,0,4,256,16,H-Conditional-FilterThenK,0.0017336750499597525,30
G1,0,4,256,16,REF-EB,0.00316670148430881,30
G1,0,5,256,16,A-Absolute:0.5,0.010402468614605401,30
G1,0,5,256,16,A-Mean,0.0052173667676983365,30
G1,0,5,256,16,A-Tail-P:0.5,0.00516472821760967,30
G1,0,5,256,16,B-Max,0.0062356556156497964,30
G1,0,5,256,16,B-Tail-P:0.25,0.005228054632319099,30
G1,0,5,256,16,B-Tail-P:0.5,0.005110308501491945,30
G1,0,5,256,16,H-Conditional-FilterThenK,0.00527421613820398,30
G1,0,5,256,16,REF-EB,0.004618455678288924,30
G1,0,6,256,16,A-Absolute:0.5,0.0015178846629420328,30
G1,0,6,256,16,A-Mean,0.004926245530723278,30
G1,0,6,256,16,A-Tail-P:0.5,0.005553036715359603,30
G1,0,6,256,16,B-Max,0.00778118182921921,30
G1,0,6,256,16,B-Tail-P:0.25,0.006128585773170756,30
G1,0,6,256,16,B-Tail-P:0.5,0.00556056683509856,30
G1,0,6,256,16,H-Conditional-FilterThenK,0.006627437648087287,30
G1,0,6,256,16,REF-EB,0.006266674732977875,30
G1,0,7,256,16,A-Absolute:0.5,0.0031530805937445856,30
G1,0,7,256,16,A-Mean,0.0015463665911260643,30
G1,0,7,256,16,A-Tail-P:0.5,0.0012510217649850726,30
G1,0,7,256,16,B-Max,0.0009072550366727136,30
G1,0,7,256,16,B-Tail-P:0.25,0.001065585325127159,30
G1,0,7,256,16,B-Tail-P:0.5,0.0012548964557095087,30
G1,0,7,256,16,H-Conditional-FilterThenK,0.0010713176662377625,30
G1,0,7,256,16,REF-EB,0.0011825061690178627,30
G1,1,0,256,16,A-Absolute:0.5,0.0019284539789100892,30
G1,1,0,256,16,A-Mean,0.000729796250013044,30
G1,1,0,256,16,A-Tail-P:0.5,0.0006761509986970942,30
G1,1,0,256,16,B-Max,0.0004038507015921206,30
G1,1,0,256,16,B-Tail-P:0.25,0.0006504980573659947,30
G1,1,0,256,16,B-Tail-P:0.5,0.0006841083731613634,30
G1,1,0,256,16,H-Conditional-FilterThenK,0.00036953487241406273,30
G1,1,0,256,16,REF-EB,0.0005243957835351711,30
G1,1,1,256,16,A-Absolute:0.5,0.005613289457820606,30
G1,1,1,256,16,A-Mean,0.00753090624374555,30
G1,1,1,256,16,A-Tail-P:0.5,0.00769709067438662,30
G1,1,1,256,16,B-Max,0.010651302490260755,30
G1,1,1,256,16,B-Tail-P:0.25,0.008429601888387197,30
G1,1,1,256,16,B-Tail-P:0.5,0.007715659676450539,30
G1,1,1,256,16,H-Conditional-FilterThenK,0.00859713692502676,30
G1,1,1,256,16,REF-EB,0.00726240575157307,30
G1,1,2,256,16,A-Absolute:0.5,0.012264340690244263,30
G1,1,2,256,16,A-Mean,0.0075874324072955955,30
G1,1,2,256,16,A-Tail-P:0.5,0.0076552889757414335,30
G1,1,2,256,16,B-Max,0.010127334881369049,30
G1,1,2,256,16,B-Tail-P:0.25,0.007766445724268599,30
G1,1,2,256,16,B-Tail-P:0.5,0.007618401616440761,30
G1,1,2,256,16,H-Conditional-FilterThenK,0.009015470482497475,30
G1,1,2,256,16,REF-EB,0.00867009058547739,30
G1,1,3,256,16,A-Absolute:0.5,0.0017761985315259765,30
G1,1,3,256,16,A-Mean,0.0021320804481273345,30
G1,1,3,256,16,A-Tail-P:0.5,0.0021312883604414443,30
G1,1,3,256,16,B-Max,0.002924105962694712,30
G1,1,3,256,16,B-Tail-P:0.25,0.002059726553268235,30
G1,1,3,256,16,B-Tail-P:0.5,0.0021492485230178,30
G1,1,3,256,16,H-Conditional-FilterThenK,0.0017992030891514495,30
G1,1,3,256,16,REF-EB,0.00239586656143067,30
G1,1,4,256,16,A-Absolute:0.5,0.0051530453054131455,30
G1,1,4,256,16,A-Mean,0.0032600012145962056,30
G1,1,4,256,16,A-Tail-P:0.5,0.0031226414933842647,30
G1,1,4,256,16,B-Max,0.002466856084092146,30
G1,1,4,256,16,B-Tail-P:0.25,0.003170195625577327,30
G1,1,4,256,16,B-Tail-P:0.5,0.0031541016644598048,30
G1,1,4,256,16,H-Conditional-FilterThenK,0.002967820300801231,30
G1,1,4,256,16,REF-EB,0.003449235980158462,30
G1,1,5,256,16,A-Absolute:0.5,0.001625575552373802,30
G1,1,5,256,16,A-Mean,0.005302936673379066,30
G1,1,5,256,16,A-Tail-P:0.5,0.005411737857533566,30
G1,1,5,256,16,B-Max,0.00744341928596639,30
G1,1,5,256,16,B-Tail-P:0.25,0.005698184403237375,30
G1,1,5,256,16,B-Tail-P:0.5,0.005442404398874374,30
G1,1,5,256,16,H-Conditional-FilterThenK,0.0050992846150840175,30
G1,1,5,256,16,REF-EB,0.011706676391055125,30
G1,1,6,256,16,A-Absolute:0.5,0.008637683744967877,30
G1,1,6,256,16,A-Mean,0.00395042326636653,30
G1,1,6,256,16,A-Tail-P:0.5,0.003907945074678921,30
G1,1,6,256,16,B-Max,0.0034780262566067887,30
G1,1,6,256,16,B-Tail-P:0.25,0.0036421770627013384,30
G1,1,6,256,16,B-Tail-P:0.5,0.003885225333740025,30
G1,1,6,256,16,H-Conditional-FilterThenK,0.0042887308765478865,30
G1,1,6,256,16,REF-EB,0.005945753983766151,30
G1,1,7,256,16,A-Absolute:0.5,0.0048537832507087545,30
G1,1,7,256,16,A-Mean,0.005893832612966336,30
G1,1,7,256,16,A-Tail-P:0.5,0.005981176486898828,30
G1,1,7,256,16,B-Max,0.00776307109096956,30
G1,1,7,256,16,B-Tail-P:0.25,0.006537382447943009,30
G1,1,7,256,16,B-Tail-P:0.5,0.0059913060133623556,30
G1,1,7,256,16,H-Conditional-FilterThenK,0.006367768380154602,30
G1,1,7,256,16,REF-EB,0.003056531435464893,30
G1,2,0,256,16,A-Absolute:0.5,0.0017768598332387202,30
G1,2,0,256,16,A-Mean,0.0008149528420563306,30
G1,2,0,256,16,A-Tail-P:0.5,0.0007620780377011855,30
G1,2,0,256,16,B-Max,0.0005708274669722054,30
G1,2,0,256,16,B-Tail-P:0.25,0.0007029962429424869,30
G1,2,0,256,16,B-Tail-P:0.5,0.0007559986249268521,30
G1,2,0,256,16,H-Conditional-FilterThenK,0.0005983785682409563,30
G1,2,0,256,16,REF-EB,0.0005776669589013104,30
G1,2,1,256,16,A-Absolute:0.5,0.00626725137935759,30
G1,2,1,256,16,A-Mean,0.007863465180165636,30
G1,2,1,256,16,A-Tail-P:0.5,0.007538896211151124,30
G1,2,1,256,16,B-Max,0.010258329125811283,30
G1,2,1,256,16,B-Tail-P:0.25,0.00754603742203092,30
G1,2,1,256,16,B-Tail-P:0.5,0.007537948063776384,30
G1,2,1,256,16,H-Conditional-FilterThenK,0.008047550401344954,30
G1,2,1,256,16,REF-EB,0.00747084791609065,30
G1,2,2,256,16,A-Absolute:0.5,0.010717612790868532,30
G1,2,2,256,16,A-Mean,0.007239293789968309,30
G1,2,2,256,16,A-Tail-P:0.5,0.007814192000018866,30
G1,2,2,256,16,B-Max,0.007804765380804595,30
G1,2,2,256,16,B-Tail-P:0.25,0.007710401605132589,30
G1,2,2,256,16,B-Tail-P:0.5,0.007944556764895711,30
G1,2,2,256,16,H-Conditional-FilterThenK,0.00890117759604892,30
G1,2,2,256,16,REF-EB,0.007998330050492993,30
G1,2,3,256,16,A-Absolute:0.5,0.0008377398564612342,30
G1,2,3,256,16,A-Mean,0.0017379145160118675,30
G1,2,3,256,16,A-Tail-P:0.5,0.0018392406569626353,30
G1,2,3,256,16,B-Max,0.0021199250269205417,30
G1,2,3,256,16,B-Tail-P:0.25,0.002065817700415775,30
G1,2,3,256,16,B-Tail-P:0.5,0.0018090647660609386,30
G1,2,3,256,16,H-Conditional-FilterThenK,0.0017004231266167051,30
G1,2,3,256,16,REF-EB,0.002161929047116927,30
G1,2,4,256,16,A-Absolute:0.5,0.004512216456970036,30
G1,2,4,256,16,A-Mean,0.001727281364236876,30
G1,2,4,256,16,A-Tail-P:0.5,0.0017746752637261961,30
G1,2,4,256,16,B-Max,0.0013519645438566526,30
G1,2,4,256,16,B-Tail-P:0.25,0.001653736884365925,30
G1,2,4,256,16,B-Tail-P:0.5,0.0017736198057940402,30
G1,2,4,256,16,H-Conditional-FilterThenK,0.0018620887071769071,30
G1,2,4,256,16,REF-EB,0.0025162320135001617,30
G1,2,5,256,16,A-Absolute:0.5,0.0009605731830639889,30
G1,2,5,256,16,A-Mean,0.002796747221095799,30
G1,2,5,256,16,A-Tail-P:0.5,0.0028480562152332508,30
G1,2,5,256,16,B-Max,0.004002737347648128,30
G1,2,5,256,16,B-Tail-P:0.25,0.0032267189422364915,30
G1,2,5,256,16,B-Tail-P:0.5,0.0028282451397637475,30
G1,2,5,256,16,H-Conditional-FilterThenK,0.00286914251531406,30
G1,2,5,256,16,REF-EB,0.0030798996776213814,30
G1,2,6,256,16,A-Absolute:0.5,0.0049889064391381195,30
G1,2,6,256,16,A-Mean,0.0028499758831718827,30
G1,2,6,256,16,A-Tail-P:0.5,0.0026549924371755424,30
G1,2,6,256,16,B-Max,0.003049256962152404,30
G1,2,6,256,16,B-Tail-P:0.25,0.0023420870329249,30
G1,2,6,256,16,B-Tail-P:0.5,0.0026616030424040015,30
G1,2,6,256,16,H-Conditional-FilterThenK,0.002698679074535802,30
G1,2,6,256,16,REF-EB,0.005477258113113353,30
G1,2,7,256,16,A-Absolute:0.5,0.0013186191028138202,30
G1,2,7,256,16,A-Mean,0.001749888140204379,30
G1,2,7,256,16,A-Tail-P:0.5,0.0015394027476788692,30
G1,2,7,256,16,B-Max,0.0027264112503036925,30
G1,2,7,256,16,B-Tail-P:0.25,0.0016025857763721269,30
G1,2,7,256,16,B-Tail-P:0.5,0.001568291855887498,30
G1,2,7,256,16,H-Conditional-FilterThenK,0.001654874212915944,30
G1,2,7,256,16,REF-EB,0.0038851935798833465,30
G2,0,0,64,0,A-Absolute:0.5,0.0007455726482330374,30
G2,0,0,64,0,A-Mean,0.0008770933110885681,30
G2,0,0,64,0,A-Tail-P:0.5,0.0008717025227160426,30
G2,0,0,64,0,B-Max,0.0011477812297439984,30
G2,0,0,64,0,B-Tail-P:0.25,0.0009056373094201697,30
G2,0,0,64,0,B-Tail-P:0.5,0.0008835369101525872,30
G2,0,0,64,0,H-Conditional-FilterThenK,0.0008835369101525419,30
G2,0,0,64,0,REF-EB,0.0008183313772117379,30
G2,0,0,64,4,A-Absolute:0.5,0.0008148215375800029,30
G2,0,0,64,4,A-Mean,0.0017452170388780359,30
G2,0,0,64,4,A-Tail-P:0.5,0.0018030483053837712,30
G2,0,0,64,4,B-Max,0.0018869194828600533,30
G2,0,0,64,4,B-Tail-P:0.25,0.0019278892492536638,30
G2,0,0,64,4,B-Tail-P:0.5,0.0018228418151261896,30
G2,0,0,64,4,H-Conditional-FilterThenK,0.002358694423568052,30
G2,0,0,64,4,REF-EB,0.0011531511740210517,30
G2,0,0,64,16,A-Absolute:0.5,0.0007961654787721675,30
G2,0,0,64,16,A-Mean,0.0015156035963257012,30
G2,0,0,64,16,A-Tail-P:0.5,0.0015353497918054206,30
G2,0,0,64,16,B-Max,0.0015720987842872398,30
G2,0,0,64,16,B-Tail-P:0.25,0.0015649449390082667,30
G2,0,0,64,16,B-Tail-P:0.5,0.001507356946817455,30
G2,0,0,64,16,H-Conditional-FilterThenK,0.0017115154144590557,30
G2,0,0,64,16,REF-EB,0.0011711592050766323,30
G2,0,0,64,64,A-Absolute:0.5,0.0004608404665243222,30
G2,0,0,64,64,A-Mean,0.0008463447848408537,30
G2,0,0,64,64,A-Tail-P:0.5,0.0008229678206379964,30
G2,0,0,64,64,B-Max,0.0009919802057848325,30
G2,0,0,64,64,B-Tail-P:0.25,0.0008459964690252467,30
G2,0,0,64,64,B-Tail-P:0.5,0.0008468420162674652,30
G2,0,0,64,64,H-Conditional-FilterThenK,0.0008518384989945262,30
G2,0,0,64,64,REF-EB,0.0007548138855013322,30
G2,0,0,256,0,A-Absolute:0.5,0.0005270278137726846,30
G2,0,0,256,0,A-Mean,0.00034013664773375075,30
G2,0,0,256,0,A-Tail-P:0.5,0.00034124697951482577,30
G2,0,0,256,0,B-Max,0.0006443449931701061,30
G2,0,0,256,0,B-Tail-P:0.25,0.0003568992215362601,30
G2,0,0,256,0,B-Tail-P:0.5,0.00035046144236016205,30
G2,0,0,256,0,H-Conditional-FilterThenK,0.00035046144236016504,30
G2,0,0,256,0,REF-EB,0.00033427123699576055,30
G2,0,0,256,4,A-Absolute:0.5,0.0006585518398713927,30
G2,0,0,256,4,A-Mean,0.00169871764268317,30
G2,0,0,256,4,A-Tail-P:0.5,0.0017866206143342573,30
G2,0,0,256,4,B-Max,0.0011570214694682855,30
G2,0,0,256,4,B-Tail-P:0.25,0.0019353509835368617,30
G2,0,0,256,4,B-Tail-P:0.5,0.0017803386255559397,30
G2,0,0,256,4,H-Conditional-FilterThenK,0.0023026620573381126,30
G2,0,0,256,4,REF-EB,0.0006643742066408901,30
G2,0,0,256,16,A-Absolute:0.5,0.0005205231330959083,30
G2,0,0,256,16,A-Mean,0.00077872346281117,30
G2,0,0,256,16,A-Tail-P:0.5,0.0007970657550931908,30
G2,0,0,256,16,B-Max,0.0007028476660069948,30
G2,0,0,256,16,B-Tail-P:0.25,0.0008757765680711631,30
G2,0,0,256,16,B-Tail-P:0.5,0.0007807473036392012,30
G2,0,0,256,16,H-Conditional-FilterThenK,0.0009205678183139385,30
G2,0,0,256,16,REF-EB,0.0005846282627203055,30
G2,0,0,256,64,A-Absolute:0.5,0.00030846696351557453,30
G2,0,0,256,64,A-Mean,0.00041751046568220146,30
G2,0,0,256,64,A-Tail-P:0.5,0.00041842157626824497,30
G2,0,0,256,64,B-Max,0.0005472008244450516,30
G2,0,0,256,64,B-Tail-P:0.25,0.0004205047687278221,30
G2,0,0,256,64,B-Tail-P:0.5,0.0004195225339781032,30
G2,0,0,256,64,H-Conditional-FilterThenK,0.00043113844990538196,30
G2,0,0,256,64,REF-EB,0.00039074116427855485,30
G2,0,1,64,0,A-Absolute:0.5,0.01655464473241829,30
G2,0,1,64,0,A-Mean,0.014875707366128295,30
G2,0,1,64,0,A-Tail-P:0.5,0.014704644465705288,30
G2,0,1,64,0,B-Max,0.012850467468103153,30
G2,0,1,64,0,B-Tail-P:0.25,0.01434652396184504,30
G2,0,1,64,0,B-Tail-P:0.5,0.014461118027762353,30
G2,0,1,64,0,H-Conditional-FilterThenK,0.014461118027762293,30
G2,0,1,64,0,REF-EB,0.014517385068689154,30
G2,0,1,64,4,A-Absolute:0.5,0.011949043749707356,30
G2,0,1,64,4,A-Mean,0.009213167342309382,30
G2,0,1,64,4,A-Tail-P:0.5,0.00906004099234128,30
G2,0,1,64,4,B-Max,0.011008585433900773,30
G2,0,1,64,4,B-Tail-P:0.25,0.008936941711711754,30
G2,0,1,64,4,B-Tail-P:0.5,0.009071737235130791,30
G2,0,1,64,4,H-Conditional-FilterThenK,0.008261814348853118,30
G2,0,1,64,4,REF-EB,0.010454034601593599,30
G2,0,1,64,16,A-Absolute:0.5,0.005381486545156678,30
G2,0,1,64,16,A-Mean,0.0037444867838223963,30
G2,0,1,64,16,A-Tail-P:0.5,0.0036350427465222297,30
G2,0,1,64,16,B-Max,0.010610399110590578,30
G2,0,1,64,16,B-Tail-P:0.25,0.0035924245337838937,30
G2,0,1,64,16,B-Tail-P:0.5,0.003721431640521079,30
G2,0,1,64,16,H-Conditional-FilterThenK,0.0027714618192752408,30
G2,0,1,64,16,REF-EB,0.004587778859365837,30
G2,0,1,64,64,A-Absolute:0.5,0.001784182360063811,30
G2,0,1,64,64,A-Mean,0.0012546755816027373,30
G2,0,1,64,64,A-Tail-P:0.5,0.0012662604914375967,30
G2,0,1,64,64,B-Max,0.010335825525828336,30
G2,0,1,64,64,B-Tail-P:0.25,0.0012975690105985556,30
G2,0,1,64,64,B-Tail-P:0.5,0.0012536883250958808,30
G2,0,1,64,64,H-Conditional-FilterThenK,0.0012171607863871252,30
G2,0,1,64,64,REF-EB,0.001556110702276562,30
G2,0,1,256,0,A-Absolute:0.5,0.016551017397957665,30
G2,0,1,256,0,A-Mean,0.014430167296174367,30
G2,0,1,256,0,A-Tail-P:0.5,0.014037412205651616,30
G2,0,1,256,0,B-Max,0.012302689040596483,30
G2,0,1,256,0,B-Tail-P:0.25,0.014106313606420581,30
G2,0,1,256,0,B-Tail-P:0.5,0.013978731800867466,30
G2,0,1,256,0,H-Conditional-FilterThenK,0.013978731800867426,30
G2,0,1,256,0,REF-EB,0.014112914577277062,30
G2,0,1,256,4,A-Absolute:0.5,0.01122572455366102,30
G2,0,1,256,4,A-Mean,0.008181364359361792,30
G2,0,1,256,4,A-Tail-P:0.5,0.008004830395853209,30
G2,0,1,256,4,B-Max,0.010108417673482637,30
G2,0,1,256,4,B-Tail-P:0.25,0.007736500939697993,30
G2,0,1,256,4,B-Tail-P:0.5,0.008001886927084109,30
G2,0,1,256,4,H-Conditional-FilterThenK,0.007098891984268542,30
G2,0,1,256,4,REF-EB,0.009668064681672006,30
G2,0,1,256,16,A-Absolute:0.5,0.005182659249689511,30
G2,0,1,256,16,A-Mean,0.0029788814221084546,30
G2,0,1,256,16,A-Tail-P:0.5,0.002853881322893607,30
G2,0,1,256,16,B-Max,0.009580109766355038,30
G2,0,1,256,16,B-Tail-P:0.25,0.0026612367118917864,30
G2,0,1,256,16,B-Tail-P:0.5,0.002910561423405643,30
G2,0,1,256,16,H-Conditional-FilterThenK,0.0019111380396767967,30
G2,0,1,256,16,REF-EB,0.004021040098432111,30
G2,0,1,256,64,A-Absolute:0.5,0.0012872196358485358,30
G2,0,1,256,64,A-Mean,0.0007742713960382455,30
G2,0,1,256,64,A-Tail-P:0.5,0.000760580729002416,30
G2,0,1,256,64,B-Max,0.00953837134075161,30
G2,0,1,256,64,B-Tail-P:0.25,0.0007781623840484635,30
G2,0,1,256,64,B-Tail-P:0.5,0.000757876358670953,30
G2,0,1,256,64,H-Conditional-FilterThenK,0.0007281272299432434,30
G2,0,1,256,64,REF-EB,0.000846744829915634,30
G2,0,2,64,0,A-Absolute:0.5,0.007956976400509151,30
G2,0,2,64,0,A-Mean,0.009735257598115589,30
G2,0,2,64,0,A-Tail-P:0.5,0.009881689487298461,30
G2,0,2,64,0,B-Max,0.012164958654613084,30
G2,0,2,64,0,B-Tail-P:0.25,0.010284836550962056,30
G2,0,2,64,0,B-Tail-P:0.5,0.01016725463138593,30
G2,0,2,64,0,H-Conditional-FilterThenK,0.010167254631385942,30
G2,0,2,64,0,REF-EB,0.010087369403422555,30
G2,0,2,64,4,A-Absolute:0.5,0.00615861445908141,30
G2,0,2,64,4,A-Mean,0.005838929528896998,30
G2,0,2,64,4,A-Tail-P:0.5,0.005827354950842334,30
G2,0,2,64,4,B-Max,0.007646001169320354,30
G2,0,2,64,4,B-Tail-P:0.25,0.005903486272908283,30
G2,0,2,64,4,B-Tail-P:0.5,0.0058178143580325985,30
G2,0,2,64,4,H-Conditional-FilterThenK,0.006169436739886668,30
G2,0,2,64,4,REF-EB,0.006806429455404883,30
G2,0,2,64,16,A-Absolute:0.5,0.003159570484014418,30
G2,0,2,64,16,A-Mean,0.0026876763753839504,30
G2,0,2,64,16,A-Tail-P:0.5,0.002622583688813241,30
G2,0,2,64,16,B-Max,0.006265155546204456,30
G2,0,2,64,16,B-Tail-P:0.25,0.0025970556609562477,30
G2,0,2,64,16,B-Tail-P:0.5,0.002572127586805011,30
G2,0,2,64,16,H-Conditional-FilterThenK,0.002281004760287028,30
G2,0,2,64,16,REF-EB,0.002879753639204964,30
G2,0,2,64,64,A-Absolute:0.5,0.00111753545685005,30
G2,0,2,64,64,A-Mean,0.0012824296137591963,30
G2,0,2,64,64,A-Tail-P:0.5,0.0013033298087715103,30
G2,0,2,64,64,B-Max,0.006269984812351359,30
G2,0,2,64,64,B-Tail-P:0.25,0.0013156598145964615,30
G2,0,2,64,64,B-Tail-P:0.5,0.0013207306297681387,30
G2,0,2,64,64,H-Conditional-FilterThenK,0.001324507043550741,30
G2,0,2,64,64,REF-EB,0.0014583642360269933,30
G2,0,2,256,0,A-Absolute:0.5,0.007894648044078413,30
G2,0,2,256,0,A-Mean,0.00971969795504433,30
G2,0,2,256,0,A-Tail-P:0.5,0.010122354826394082,30
G2,0,2,256,0,B-Max,0.012498578562130871,30
G2,0,2,256,0,B-Tail-P:0.25,0.01008956103769251,30
G2,0,2,256,0,B-Tail-P:0.5,0.010205771881974256,30
G2,0,2,256,0,H-Conditional-FilterThenK,0.010205771881974217,30
G2,0,2,256,0,REF-EB,0.010026228686408995,30
G2,0,2,256,4,A-Absolute:0.5,0.00596812310470963,30
G2,0,2,256,4,A-Mean,0.005299511141960421,30
G2,0,2,256,4,A-Tail-P:0.5,0.0051751824784990064,30
G2,0,2,256,4,B-Max,0.007715064315004118,30
G2,0,2,256,4,B-Tail-P:0.25,0.0053790452806060434,30
G2,0,2,256,4,B-Tail-P:0.5,0.005158148472912823,30
G2,0,2,256,4,H-Conditional-FilterThenK,0.005549625727267935,30
G2,0,2,256,4,REF-EB,0.006517633290835509,30
G2,0,2,256,16,A-Absolute:0.5,0.002627751564602662,30
G2,0,2,256,16,A-Mean,0.0017001913814982683,30
G2,0,2,256,16,A-Tail-P:0.5,0.0016138979821670168,30
G2,0,2,256,16,B-Max,0.005459286246447185,30
G2,0,2,256,16,B-Tail-P:0.25,0.0016008575204612572,30
G2,0,2,256,16,B-Tail-P:0.5,0.0016321209486231533,30
G2,0,2,256,16,H-Conditional-FilterThenK,0.0014638992422668633,30
G2,0,2,256,16,REF-EB,0.0019350172864488447,30
G2,0,2,256,64,A-Absolute:0.5,0.0007184297742532971,30
G2,0,2,256,64,A-Mean,0.0005285203681345166,30
G2,0,2,256,64,A-Tail-P:0.5,0.0005515564875413012,30
G2,0,2,256,64,B-Max,0.005315919762316376,30
G2,0,2,256,64,B-Tail-P:0.25,0.0005665989584505162,30
G2,0,2,256,64,B-Tail-P:0.5,0.0005655038894722881,30
G2,0,2,256,64,H-Conditional-FilterThenK,0.0005644885130775823,30
G2,0,2,256,64,REF-EB,0.00047323415457232944,30
G2,0,3,64,0,A-Absolute:0.5,0.000704293242105926,30
G2,0,3,64,0,A-Mean,0.0017947375373893024,30
G2,0,3,64,0,A-Tail-P:0.5,0.001884246352814336,30
G2,0,3,64,0,B-Max,0.0031742817390067253,30
G2,0,3,64,0,B-Tail-P:0.25,0.0021712156519985443,30
G2,0,3,64,0,B-Tail-P:0.5,0.0019895996521293834,30
G2,0,3,64,0,H-Conditional-FilterThenK,0.0019895996521293955,30
G2,0,3,64,0,REF-EB,0.0018629748623961485,30
G2,0,3,64,4,A-Absolute:0.5,0.0014328140171493955,30
G2,0,3,64,4,A-Mean,0.0031007852719439344,30
G2,0,3,64,4,A-Tail-P:0.5,0.0032232313681537306,30
G2,0,3,64,4,B-Max,0.0031552082625546057,30
G2,0,3,64,4,B-Tail-P:0.25,0.00348318625964296,30
G2,0,3,64,4,B-Tail-P:0.5,0.0031939701202970665,30
G2,0,3,64,4,H-Conditional-FilterThenK,0.0039200568904537965,30
G2,0,3,64,4,REF-EB,0.002734654258170518,30
G2,0,3,64,16,A-Absolute:0.5,0.0008795243634565983,30
G2,0,3,64,16,A-Mean,0.001649649359114797,30
G2,0,3,64,16,A-Tail-P:0.5,0.0017434996032624605,30
G2,0,3,64,16,B-Max,0.0016343592007794997,30
G2,0,3,64,16,B-Tail-P:0.25,0.0018182534339857153,30
G2,0,3,64,16,B-Tail-P:0.5,0.0016920716989402246,30
G2,0,3,64,16,H-Conditional-FilterThenK,0.001963475830963152,30
G2,0,3,64,16,REF-EB,0.0015132423973171617,30
G2,0,3,64,64,A-Absolute:0.5,0.0005044287482576937,30
G2,0,3,64,64,A-Mean,0.0009099031290878154,30
G2,0,3,64,64,A-Tail-P:0.5,0.0009073110489297605,30
G2,0,3,64,64,B-Max,0.0011690634053255395,30
G2,0,3,64,64,B-Tail-P:0.25,0.0009270865608124439,30
G2,0,3,64,64,B-Tail-P:0.5,0.000913094438522755,30
G2,0,3,64,64,H-Conditional-FilterThenK,0.0009371300883876425,30
G2,0,3,64,64,REF-EB,0.0008267700967117703,30
G2,0,3,256,0,A-Absolute:0.5,0.0003594876327592353,30
G2,0,3,256,0,A-Mean,0.001225641428033718,30
G2,0,3,256,0,A-Tail-P:0.5,0.0014187622431818384,30
G2,0,3,256,0,B-Max,0.002730646094543432,30
G2,0,3,256,0,B-Tail-P:0.25,0.0014792935829713238,30
G2,0,3,256,0,B-Tail-P:0.5,0.0014324841050738807,30
G2,0,3,256,0,H-Conditional-FilterThenK,0.0014324841050738293,30
G2,0,3,256,0,REF-EB,0.0013536655619591942,30
G2,0,3,256,4,A-Absolute:0.5,0.000528912421904981,30
G2,0,3,256,4,A-Mean,0.0014307618626379233,30
G2,0,3,256,4,A-Tail-P:0.5,0.0014479958367015799,30
G2,0,3,256,4,B-Max,0.0015930114097058143,30
G2,0,3,256,4,B-Tail-P:0.25,0.0017698306833103324,30
G2,0,3,256,4,B-Tail-P:0.5,0.0014800985789522355,30
G2,0,3,256,4,H-Conditional-FilterThenK,0.0016716865717369379,30
G2,0,3,256,4,REF-EB,0.0012489156845485428,30
G2,0,3,256,16,A-Absolute:0.5,0.0005397762626587147,30
G2,0,3,256,16,A-Mean,0.001025525370746457,30
G2,0,3,256,16,A-Tail-P:0.5,0.0010596594697737374,30
G2,0,3,256,16,B-Max,0.0006976708136199355,30
G2,0,3,256,16,B-Tail-P:0.25,0.001128888036538851,30
G2,0,3,256,16,B-Tail-P:0.5,0.0010342760170053025,30
G2,0,3,256,16,H-Conditional-FilterThenK,0.0013275314635352018,30
G2,0,3,256,16,REF-EB,0.0008577424225321523,30
G2,0,3,256,64,A-Absolute:0.5,0.0003822502242517209,30
G2,0,3,256,64,A-Mean,0.0006152926639259747,30
G2,0,3,256,64,A-Tail-P:0.5,0.0006321433945374102,30
G2,0,3,256,64,B-Max,0.0008535572463123498,30
G2,0,3,256,64,B-Tail-P:0.25,0.0006375357438786908,30
G2,0,3,256,64,B-Tail-P:0.5,0.0006246231092523841,30
G2,0,3,256,64,H-Conditional-FilterThenK,0.0006401726013276528,30
G2,0,3,256,64,REF-EB,0.0006080317584693005,30
G2,0,4,64,0,A-Absolute:0.5,0.0030480632570964727,30
G2,0,4,64,0,A-Mean,0.002593414428856461,30
G2,0,4,64,0,A-Tail-P:0.5,0.0024652096303445113,30
G2,0,4,64,0,B-Max,0.002001175056083765,30
G2,0,4,64,0,B-Tail-P:0.25,0.002281009752445899,30
G2,0,4,64,0,B-Tail-P:0.5,0.0024681182056711256,30
G2,0,4,64,0,H-Conditional-FilterThenK,0.0024681182056711525,30
G2,0,4,64,0,REF-EB,0.0023836083455346787,30
G2,0,4,64,4,A-Absolute:0.5,0.001884833984510043,30
G2,0,4,64,4,A-Mean,0.0019622218492308563,30
G2,0,4,64,4,A-Tail-P:0.5,0.0018652670205472571,30
G2,0,4,64,4,B-Max,0.0018577804306027315,30
G2,0,4,64,4,B-Tail-P:0.25,0.0018261708631556552,30
G2,0,4,64,4,B-Tail-P:0.5,0.0018869750867352283,30
G2,0,4,64,4,H-Conditional-FilterThenK,0.0021026069465870556,30
G2,0,4,64,4,REF-EB,0.001749713371308866,30
G2,0,4,64,16,A-Absolute:0.5,0.0012084633598946964,30
G2,0,4,64,16,A-Mean,0.0016157159886775135,30
G2,0,4,64,16,A-Tail-P:0.5,0.0015859452147954155,30
G2,0,4,64,16,B-Max,0.001810584392266591,30
G2,0,4,64,16,B-Tail-P:0.25,0.0015801709038265068,30
G2,0,4,64,16,B-Tail-P:0.5,0.0015935701739615304,30
G2,0,4,64,16,H-Conditional-FilterThenK,0.00167718731530239,30
G2,0,4,64,16,REF-EB,0.0014014441247500275,30
G2,0,4,64,64,A-Absolute:0.5,0.0006710635013743351,30
G2,0,4,64,64,A-Mean,0.0010470735465061645,30
G2,0,4,64,64,A-Tail-P:0.5,0.0010394096333751447,30
G2,0,4,64,64,B-Max,0.0024374358736031594,30
G2,0,4,64,64,B-Tail-P:0.25,0.0010493383895760987,30
G2,0,4,64,64,B-Tail-P:0.5,0.001049195781200059,30
G2,0,4,64,64,H-Conditional-FilterThenK,0.0010506505934849233,30
G2,0,4,64,64,REF-EB,0.0009449981212202362,30
G2,0,4,256,0,A-Absolute:0.5,0.0028850839916180404,30
G2,0,4,256,0,A-Mean,0.0017064155573681583,30
G2,0,4,256,0,A-Tail-P:0.5,0.0015520339569437378,30
G2,0,4,256,0,B-Max,0.0010398042183035131,30
G2,0,4,256,0,B-Tail-P:0.25,0.0014739888745830291,30
G2,0,4,256,0,B-Tail-P:0.5,0.0015783616887721423,30
G2,0,4,256,0,H-Conditional-FilterThenK,0.0015783616887721484,30
G2,0,4,256,0,REF-EB,0.0015884562610384084,30
G2,0,4,256,4,A-Absolute:0.5,0.0015808330175996247,30
G2,0,4,256,4,A-Mean,0.0012537237792169368,30
G2,0,4,256,4,A-Tail-P:0.5,0.001179426229476785,30
G2,0,4,256,4,B-Max,0.0012290765176255446,30
G2,0,4,256,4,B-Tail-P:0.25,0.00113807850246784,30
G2,0,4,256,4,B-Tail-P:0.5,0.001184361372373689,30
G2,0,4,256,4,H-Conditional-FilterThenK,0.001529987030892665,30
G2,0,4,256,4,REF-EB,0.0011763124504718004,30
G2,0,4,256,16,A-Absolute:0.5,0.001054779082907605,30
G2,0,4,256,16,A-Mean,0.001187305536878407,30
G2,0,4,256,16,A-Tail-P:0.5,0.0012028629018086899,30
G2,0,4,256,16,B-Max,0.0010333501562050237,30
G2,0,4,256,16,B-Tail-P:0.25,0.0011526860294382906,30
G2,0,4,256,16,B-Tail-P:0.5,0.0011995128878181948,30
G2,0,4,256,16,H-Conditional-FilterThenK,0.0013991260195885397,30
G2,0,4,256,16,REF-EB,0.0010285869261757127,30
G2,0,4,256,64,A-Absolute:0.5,0.0004455888769866018,30
G2,0,4,256,64,A-Mean,0.000607280530303999,30
G2,0,4,256,64,A-Tail-P:0.5,0.0006209117519831732,30
G2,0,4,256,64,B-Max,0.0017218207305461654,30
G2,0,4,256,64,B-Tail-P:0.25,0.0006245547629640164,30
G2,0,4,256,64,B-Tail-P:0.5,0.0006261255928389372,30
G2,0,4,256,64,H-Conditional-FilterThenK,0.0006052417542129652,30
G2,0,4,256,64,REF-EB,0.0005596220974731938,30
G2,0,5,64,0,A-Absolute:0.5,0.004663877552042032,30
G2,0,5,64,0,A-Mean,0.0034178033378742807,30
G2,0,5,64,0,A-Tail-P:0.5,0.003328184656657474,30
G2,0,5,64,0,B-Max,0.003340336919495494,30
G2,0,5,64,0,B-Tail-P:0.25,0.002940833724952236,30
G2,0,5,64,0,B-Tail-P:0.5,0.0032540948824923348,30
G2,0,5,64,0,H-Conditional-FilterThenK,0.0032540948620802036,30
G2,0,5,64,0,REF-EB,0.006760810790824164,30
G2,0,5,64,4,A-Absolute:0.5,0.003788181801480541,30
G2,0,5,64,4,A-Mean,0.0021428793289361434,30
G2,0,5,64,4,A-Tail-P:0.5,0.0020312698192363116,30
G2,0,5,64,4,B-Max,0.002161646236578982,30
G2,0,5,64,4,B-Tail-P:0.25,0.001892416143629699,30
G2,0,5,64,4,B-Tail-P:0.5,0.0020057895578135454,30
G2,0,5,64,4,H-Conditional-FilterThenK,0.0018651857459011205,30
G2,0,5,64,4,REF-EB,0.004568751623989888,30
G2,0,5,64,16,A-Absolute:0.5,0.0038671181139483825,30
G2,0,5,64,16,A-Mean,0.002276264161550741,30
G2,0,5,64,16,A-Tail-P:0.5,0.002270990965154999,30
G2,0,5,64,16,B-Max,0.0023985392263202077,30
G2,0,5,64,16,B-Tail-P:0.25,0.0021629740664426984,30
G2,0,5,64,16,B-Tail-P:0.5,0.002300674881258173,30
G2,0,5,64,16,H-Conditional-FilterThenK,0.0022828130133689395,30
G2,0,5,64,16,REF-EB,0.003566019503694834,30
G2,0,5,64,64,A-Absolute:0.5,0.0021600322028474854,30
G2,0,5,64,64,A-Mean,0.0009618812602429562,30
G2,0,5,64,64,A-Tail-P:0.5,0.0009804510600713592,30
G2,0,5,64,64,B-Max,0.0018656428647887023,30
G2,0,5,64,64,B-Tail-P:0.25,0.0009575197448890362,30
G2,0,5,64,64,B-Tail-P:0.5,0.0009749073017811111,30
G2,0,5,64,64,H-Conditional-FilterThenK,0.0009420814159755877,30
G2,0,5,64,64,REF-EB,0.0019710959370515257,30
G2,0,5,256,0,A-Absolute:0.5,0.0037082626418993947,30
G2,0,5,256,0,A-Mean,0.003027215235685411,30
G2,0,5,256,0,A-Tail-P:0.5,0.0029617144865348487,30
G2,0,5,256,0,B-Max,0.0030396950381735436,30
G2,0,5,256,0,B-Tail-P:0.25,0.002520317948519985,30
G2,0,5,256,0,B-Tail-P:0.5,0.002917064102565872,30
G2,0,5,256,0,H-Conditional-FilterThenK,0.002917068608402595,30
G2,0,5,256,0,REF-EB,0.006110613742865501,30
G2,0,5,256,4,A-Absolute:0.5,0.0017179634509436215,30
G2,0,5,256,4,A-Mean,0.0012254539862047646,30
G2,0,5,256,4,A-Tail-P:0.5,0.0010518932760575463,30
G2,0,5,256,4,B-Max,0.001411492226008955,30
G2,0,5,256,4,B-Tail-P:0.25,0.0009471896634088952,30
G2,0,5,256,4,B-Tail-P:0.5,0.0010744507540599924,30
G2,0,5,256,4,H-Conditional-FilterThenK,0.0009245359560908218,30
G2,0,5,256,4,REF-EB,0.0030084511156513866,30
G2,0,5,256,16,A-Absolute:0.5,0.0016261135476418542,30
G2,0,5,256,16,A-Mean,0.0012952046323887515,30
G2,0,5,256,16,A-Tail-P:0.5,0.001291475752270773,30
G2,0,5,256,16,B-Max,0.0013004684420318256,30
G2,0,5,256,16,B-Tail-P:0.25,0.0012663417810900826,30
G2,0,5,256,16,B-Tail-P:0.5,0.001303872124731878,30
G2,0,5,256,16,H-Conditional-FilterThenK,0.001439075674192816,30
G2,0,5,256,16,REF-EB,0.0019244538346202473,30
G2,0,5,256,64,A-Absolute:0.5,0.0006482744448978063,30
G2,0,5,256,64,A-Mean,0.00041728603787866174,30
G2,0,5,256,64,A-Tail-P:0.5,0.0004182304045355975,30
G2,0,5,256,64,B-Max,0.0011578053930238242,30
G2,0,5,256,64,B-Tail-P:0.25,0.00041117227009646176,30
G2,0,5,256,64,B-Tail-P:0.5,0.00042863595216884146,30
G2,0,5,256,64,H-Conditional-FilterThenK,0.00040828252977243766,30
G2,0,5,256,64,REF-EB,0.0006274092542554609,30
G2,0,6,64,0,A-Absolute:0.5,0.009690280130752887,30
G2,0,6,64,0,A-Mean,0.006562900830114572,30
G2,0,6,64,0,A-Tail-P:0.5,0.006064684493629226,30
G2,0,6,64,0,B-Max,0.0034164032460073717,30
G2,0,6,64,0,B-Tail-P:0.25,0.005488814606764414,30
G2,0,6,64,0,B-Tail-P:0.5,0.006034872456825898,30
G2,0,6,64,0,H-Conditional-FilterThenK,0.006034872486613721,30
G2,0,6,64,0,REF-EB,0.019049000145297038,30
G2,0,6,64,4,A-Absolute:0.5,0.006113912821132922,30
G2,0,6,64,4,A-Mean,0.003559946473333982,30
G2,0,6,64,4,A-Tail-P:0.5,0.0036066799503009827,30
G2,0,6,64,4,B-Max,0.00329962516117534,30
G2,0,6,64,4,B-Tail-P:0.25,0.0031307462911196377,30
G2,0,6,64,4,B-Tail-P:0.5,0.003581745578391043,30
G2,0,6,64,4,H-Conditional-FilterThenK,0.0030603861466676316,30
G2,0,6,64,4,REF-EB,0.007861200601820953,30
G2,0,6,64,16,A-Absolute:0.5,0.002815767582492081,30
G2,0,6,64,16,A-Mean,0.0014482888363719958,30
G2,0,6,64,16,A-Tail-P:0.5,0.0014877329572309038,30
G2,0,6,64,16,B-Max,0.00263818267146321,30
G2,0,6,64,16,B-Tail-P:0.25,0.001406047173661346,30
G2,0,6,64,16,B-Tail-P:0.5,0.0014530171780008608,30
G2,0,6,64,16,H-Conditional-FilterThenK,0.0015517386994905072,30
G2,0,6,64,16,REF-EB,0.0036208721647460313,30
G2,0,6,64,64,A-Absolute:0.5,0.0013725540636570755,30
G2,0,6,64,64,A-Mean,0.0007564221597591662,30
G2,0,6,64,64,A-Tail-P:0.5,0.00075600264198572,30
G2,0,6,64,64,B-Max,0.0034505777762406436,30
G2,0,6,64,64,B-Tail-P:0.25,0.000768034880461414,30
G2,0,6,64,64,B-Tail-P:0.5,0.0007445757440680628,30
G2,0,6,64,64,H-Conditional-FilterThenK,0.0007231115784733865,30
G2,0,6,64,64,REF-EB,0.0016108091979361804,30
G2,0,6,256,0,A-Absolute:0.5,0.008879592586349957,30
G2,0,6,256,0,A-Mean,0.006050027209240323,30
G2,0,6,256,0,A-Tail-P:0.5,0.005507738703095749,30
G2,0,6,256,0,B-Max,0.002864443652607676,30
G2,0,6,256,0,B-Tail-P:0.25,0.005110313959375469,30
G2,0,6,256,0,B-Tail-P:0.5,0.005504717821678722,30
G2,0,6,256,0,H-Conditional-FilterThenK,0.005504717896780872,30
G2,0,6,256,0,REF-EB,0.0225337032869259,30
G2,0,6,256,4,A-Absolute:0.5,0.005894935824465887,30
G2,0,6,256,4,A-Mean,0.003942611399233547,30
G2,0,6,256,4,A-Tail-P:0.5,0.00384823643256649,30
G2,0,6,256,4,B-Max,0.002915706361251206,30
G2,0,6,256,4,B-Tail-P:0.25,0.0034759227241957453,30
G2,0,6,256,4,B-Tail-P:0.5,0.0038518099042296147,30
G2,0,6,256,4,H-Conditional-FilterThenK,0.003246849063968772,30
G2,0,6,256,4,REF-EB,0.0083304486860873,30
G2,0,6,256,16,A-Absolute:0.5,0.0024370954905658503,30
G2,0,6,256,16,A-Mean,0.0016585787410153265,30
G2,0,6,256,16,A-Tail-P:0.5,0.0015807924057765774,30
G2,0,6,256,16,B-Max,0.002583968666655242,30
G2,0,6,256,16,B-Tail-P:0.25,0.0016257333323816522,30
G2,0,6,256,16,B-Tail-P:0.5,0.001588847442969972,30
G2,0,6,256,16,H-Conditional-FilterThenK,0.0017617138456722122,30
G2,0,6,256,16,REF-EB,0.0033254161033699175,30
G2,0,6,256,64,A-Absolute:0.5,0.0009438309033631254,30
G2,0,6,256,64,A-Mean,0.0007127737959547866,30
G2,0,6,256,64,A-Tail-P:0.5,0.0006772810061413339,30
G2,0,6,256,64,B-Max,0.003407809548178958,30
G2,0,6,256,64,B-Tail-P:0.25,0.0006649250444864921,30
G2,0,6,256,64,B-Tail-P:0.5,0.0006859465925784472,30
G2,0,6,256,64,H-Conditional-FilterThenK,0.0007221771846432412,30
G2,0,6,256,64,REF-EB,0.0009410108971995794,30
G2,0,7,64,0,A-Absolute:0.5,0.002986692778454101,30
G2,0,7,64,0,A-Mean,0.001478997282780653,30
G2,0,7,64,0,A-Tail-P:0.5,0.0014140380621421428,30
G2,0,7,64,0,B-Max,0.0013040411820842105,30
G2,0,7,64,0,B-Tail-P:0.25,0.0014087993467571394,30
G2,0,7,64,0,B-Tail-P:0.5,0.0013752736638805952,30
G2,0,7,64,0,H-Conditional-FilterThenK,0.0013752736616587905,30
G2,0,7,64,0,REF-EB,0.003070104602520364,30
G2,0,7,64,4,A-Absolute:0.5,0.002169977020417613,30
G2,0,7,64,4,A-Mean,0.0018318276314762375,30
G2,0,7,64,4,A-Tail-P:0.5,0.001921204441557948,30
G2,0,7,64,4,B-Max,0.0012987178349764613,30
G2,0,7,64,4,B-Tail-P:0.25,0.001960238313338552,30
G2,0,7,64,4,B-Tail-P:0.5,0.0019475005940060297,30
G2,0,7,64,4,H-Conditional-FilterThenK,0.0025843016079168195,30
G2,0,7,64,4,REF-EB,0.0012450364059114116,30
G2,0,7,64,16,A-Absolute:0.5,0.0015587344545858227,30
G2,0,7,64,16,A-Mean,0.0015959002238348067,30
G2,0,7,64,16,A-Tail-P:0.5,0.0015509353566820884,30
G2,0,7,64,16,B-Max,0.0014196771741427226,30
G2,0,7,64,16,B-Tail-P:0.25,0.0016250714229823532,30
G2,0,7,64,16,B-Tail-P:0.5,0.0015903619698440631,30
G2,0,7,64,16,H-Conditional-FilterThenK,0.0019321040119217254,30
G2,0,7,64,16,REF-EB,0.0008812896690297203,30
G2,0,7,64,64,A-Absolute:0.5,0.0016767957296442552,30
G2,0,7,64,64,A-Mean,0.0010338706863476884,30
G2,0,7,64,64,A-Tail-P:0.5,0.0010212675605822093,30
G2,0,7,64,64,B-Max,0.0014632930220728015,30
G2,0,7,64,64,B-Tail-P:0.25,0.0010317913136989976,30
G2,0,7,64,64,B-Tail-P:0.5,0.0010298880523015835,30
G2,0,7,64,64,H-Conditional-FilterThenK,0.0010353509080192533,30
G2,0,7,64,64,REF-EB,0.0010385663435245778,30
G2,0,7,256,0,A-Absolute:0.5,0.0017437882774192063,30
G2,0,7,256,0,A-Mean,0.0007585118195774534,30
G2,0,7,256,0,A-Tail-P:0.5,0.0006665268252978188,30
G2,0,7,256,0,B-Max,0.0006609753093500803,30
G2,0,7,256,0,B-Tail-P:0.25,0.0007046831169695828,30
G2,0,7,256,0,B-Tail-P:0.5,0.0006508902067360162,30
G2,0,7,256,0,H-Conditional-FilterThenK,0.0006508902091322047,30
G2,0,7,256,0,REF-EB,0.0020938990151853393,30
G2,0,7,256,4,A-Absolute:0.5,0.0013794706031625555,30
G2,0,7,256,4,A-Mean,0.00159732430199506,30
G2,0,7,256,4,A-Tail-P:0.5,0.001582177986249118,30
G2,0,7,256,4,B-Max,0.0011054184990834254,30
G2,0,7,256,4,B-Tail-P:0.25,0.0015783315851748767,30
G2,0,7,256,4,B-Tail-P:0.5,0.001566615052212333,30
G2,0,7,256,4,H-Conditional-FilterThenK,0.0021433012062421273,30
G2,0,7,256,4,REF-EB,0.0008950091033133184,30
G2,0,7,256,16,A-Absolute:0.5,0.0011388192897123733,30
G2,0,7,256,16,A-Mean,0.0013546795369227165,30
G2,0,7,256,16,A-Tail-P:0.5,0.0013495517576672942,30
G2,0,7,256,16,B-Max,0.000531668515026791,30
G2,0,7,256,16,B-Tail-P:0.25,0.0013851216501149937,30
G2,0,7,256,16,B-Tail-P:0.5,0.0013664490046505673,30
G2,0,7,256,16,H-Conditional-FilterThenK,0.00133612165350293,30
G2,0,7,256,16,REF-EB,0.0004970529213384729,30
G2,0,7,256,64,A-Absolute:0.5,0.0007286822644679484,30
G2,0,7,256,64,A-Mean,0.0003681715593968341,30
G2,0,7,256,64,A-Tail-P:0.5,0.00036116106875902525,30
G2,0,7,256,64,B-Max,0.000873797143563464,30
G2,0,7,256,64,B-Tail-P:0.25,0.0003489384217832353,30
G2,0,7,256,64,B-Tail-P:0.5,0.0003609632778348674,30
G2,0,7,256,64,H-Conditional-FilterThenK,0.00035311767097725093,30
G2,0,7,256,64,REF-EB,0.00041988644223839614,30
G2,1,0,64,0,A-Absolute:0.5,0.0088555916573904,30
G2,1,0,64,0,A-Mean,0.0005760862690893622,30
G2,1,0,64,0,A-Tail-P:0.5,0.001023455658157611,30
G2,1,0,64,0,B-Max,0.005186144933181347,30
G2,1,0,64,0,B-Tail-P:0.25,0.00239601361459221,30
G2,1,0,64,0,B-Tail-P:0.5,0.0010810664020161156,30
G2,1,0,64,0,H-Conditional-FilterThenK,0.0010810656020497898,30
G2,1,0,64,0,REF-EB,0.0009245749663785305,30
G2,1,0,64,4,A-Absolute:0.5,0.011924245519566588,30
G2,1,0,64,4,A-Mean,0.01712006551586505,30
G2,1,0,64,4,A-Tail-P:0.5,0.015768645118622204,30
G2,1,0,64,4,B-Max,0.005335902250813153,30
G2,1,0,64,4,B-Tail-P:0.25,0.015574440258857665,30
G2,1,0,64,4,B-Tail-P:0.5,0.01583884788291178,30
G2,1,0,64,4,H-Conditional-FilterThenK,0.024103533649983615,30
G2,1,0,64,4,REF-EB,0.005336751146785715,30
G2,1,0,64,16,A-Absolute:0.5,0.007221524438757047,30
G2,1,0,64,16,A-Mean,0.006996621692444781,30
G2,1,0,64,16,A-Tail-P:0.5,0.007252448631631227,30
G2,1,0,64,16,B-Max,0.0025728502463114367,30
G2,1,0,64,16,B-Tail-P:0.25,0.006329085831248495,30
G2,1,0,64,16,B-Tail-P:0.5,0.007296848944501731,30
G2,1,0,64,16,H-Conditional-FilterThenK,0.008102052913531608,30
G2,1,0,64,16,REF-EB,0.00437289998381426,30
G2,1,0,64,64,A-Absolute:0.5,0.0034921423922918706,30
G2,1,0,64,64,A-Mean,0.0030930750418325264,30
G2,1,0,64,64,A-Tail-P:0.5,0.003084102268274398,30
G2,1,0,64,64,B-Max,0.002528008501609324,30
G2,1,0,64,64,B-Tail-P:0.25,0.002867545117313265,30
G2,1,0,64,64,B-Tail-P:0.5,0.0031234287881122536,30
G2,1,0,64,64,H-Conditional-FilterThenK,0.0031507895775005957,30
G2,1,0,64,64,REF-EB,0.0027315034288881877,30
G2,1,0,256,0,A-Absolute:0.5,0.008594347157480798,30
G2,1,0,256,0,A-Mean,0.00021460693458847117,30
G2,1,0,256,0,A-Tail-P:0.5,0.0006576142531708103,30
G2,1,0,256,0,B-Max,0.00493762160458277,30
G2,1,0,256,0,B-Tail-P:0.25,0.0019432598466549182,30
G2,1,0,256,0,B-Tail-P:0.5,0.0006619891246113396,30
G2,1,0,256,0,H-Conditional-FilterThenK,0.0006619892533675975,30
G2,1,0,256,0,REF-EB,0.0004563516633989264,30
G2,1,0,256,4,A-Absolute:0.5,0.016362791614359048,30
G2,1,0,256,4,A-Mean,0.0277966344000422,30
G2,1,0,256,4,A-Tail-P:0.5,0.02554629125691527,30
G2,1,0,256,4,B-Max,0.005085896279147183,30
G2,1,0,256,4,B-Tail-P:0.25,0.02128808146245682,30
G2,1,0,256,4,B-Tail-P:0.5,0.025499373311405407,30
G2,1,0,256,4,H-Conditional-FilterThenK,0.03410260198810675,30
G2,1,0,256,4,REF-EB,0.00602607977793232,30
G2,1,0,256,16,A-Absolute:0.5,0.008106319902452554,30
G2,1,0,256,16,A-Mean,0.00731904445781699,30
G2,1,0,256,16,A-Tail-P:0.5,0.007872729015088446,30
G2,1,0,256,16,B-Max,0.002167362729071062,30
G2,1,0,256,16,B-Tail-P:0.25,0.006407407656671029,30
G2,1,0,256,16,B-Tail-P:0.5,0.007892099468597962,30
G2,1,0,256,16,H-Conditional-FilterThenK,0.008930052010281398,30
G2,1,0,256,16,REF-EB,0.0038206639492790262,30
G2,1,0,256,64,A-Absolute:0.5,0.0019590977752287023,30
G2,1,0,256,64,A-Mean,0.0017470126060827426,30
G2,1,0,256,64,A-Tail-P:0.5,0.0018062821151031284,30
G2,1,0,256,64,B-Max,0.001847445354407812,30
G2,1,0,256,64,B-Tail-P:0.25,0.0016833966529583592,30
G2,1,0,256,64,B-Tail-P:0.5,0.0018039029324062009,30
G2,1,0,256,64,H-Conditional-FilterThenK,0.0018127808519260787,30
G2,1,0,256,64,REF-EB,0.0014709576940472586,30
G2,1,1,64,0,A-Absolute:0.5,0.037632474020426666,30
G2,1,1,64,0,A-Mean,0.07720957822206444,30
G2,1,1,64,0,A-Tail-P:0.5,0.08667994139270854,30
G2,1,1,64,0,B-Max,0.09898966660883633,30
G2,1,1,64,0,B-Tail-P:0.25,0.09980791136773105,30
G2,1,1,64,0,B-Tail-P:0.5,0.08680139019404445,30
G2,1,1,64,0,H-Conditional-FilterThenK,0.08680139014889789,30
G2,1,1,64,0,REF-EB,0.0679491394306464,30
G2,1,1,64,4,A-Absolute:0.5,0.016479953532014147,30
G2,1,1,64,4,A-Mean,0.033369022188671146,30
G2,1,1,64,4,A-Tail-P:0.5,0.03608368530025549,30
G2,1,1,64,4,B-Max,0.074509596559738,30
G2,1,1,64,4,B-Tail-P:0.25,0.03983111357426826,30
G2,1,1,64,4,B-Tail-P:0.5,0.03615671615207119,30
G2,1,1,64,4,H-Conditional-FilterThenK,0.02658427199750216,30
G2,1,1,64,4,REF-EB,0.03138935222669806,30
G2,1,1,64,16,A-Absolute:0.5,0.002707735596792941,30
G2,1,1,64,16,A-Mean,0.0023520621720344572,30
G2,1,1,64,16,A-Tail-P:0.5,0.002635612966916514,30
G2,1,1,64,16,B-Max,0.07041633887823526,30
G2,1,1,64,16,B-Tail-P:0.25,0.0035403196322198872,30
G2,1,1,64,16,B-Tail-P:0.5,0.0025944051891189372,30
G2,1,1,64,16,H-Conditional-FilterThenK,0.002003589447437224,30
G2,1,1,64,16,REF-EB,0.0026791619289082396,30
G2,1,1,64,64,A-Absolute:0.5,0.00075562606355224,30
G2,1,1,64,64,A-Mean,0.0006177739811273691,30
G2,1,1,64,64,A-Tail-P:0.5,0.0006647204813506246,30
G2,1,1,64,64,B-Max,0.06819059680227468,30
G2,1,1,64,64,B-Tail-P:0.25,0.0007429713280027087,30
G2,1,1,64,64,B-Tail-P:0.5,0.0006288727250129035,30
G2,1,1,64,64,H-Conditional-FilterThenK,0.0005998976946001863,30
G2,1,1,64,64,REF-EB,0.0006196933889768576,30
G2,1,1,256,0,A-Absolute:0.5,0.03638481520783635,30
G2,1,1,256,0,A-Mean,0.07594005562603638,30
G2,1,1,256,0,A-Tail-P:0.5,0.08545425076051713,30
G2,1,1,256,0,B-Max,0.0977819385655995,30
G2,1,1,256,0,B-Tail-P:0.25,0.09850577018734191,30
G2,1,1,256,0,B-Tail-P:0.5,0.08547411534447127,30
G2,1,1,256,0,H-Conditional-FilterThenK,0.08547411330915784,30
G2,1,1,256,0,REF-EB,0.06873788380746317,30
G2,1,1,256,4,A-Absolute:0.5,0.01103435643496967,30
G2,1,1,256,4,A-Mean,0.026807471029858525,30
G2,1,1,256,4,A-Tail-P:0.5,0.031049182306092604,30
G2,1,1,256,4,B-Max,0.07278493323548876,30
G2,1,1,256,4,B-Tail-P:0.25,0.03546124102080368,30
G2,1,1,256,4,B-Tail-P:0.5,0.031219353331815483,30
G2,1,1,256,4,H-Conditional-FilterThenK,0.022696586860444356,30
G2,1,1,256,4,REF-EB,0.028743792759854725,30
G2,1,1,256,16,A-Absolute:0.5,0.002565550540236561,30
G2,1,1,256,16,A-Mean,0.0015502953470012697,30
G2,1,1,256,16,A-Tail-P:0.5,0.0017865613066862,30
G2,1,1,256,16,B-Max,0.06959839987782811,30
G2,1,1,256,16,B-Tail-P:0.25,0.002463970261453678,30
G2,1,1,256,16,B-Tail-P:0.5,0.0017910862595594908,30
G2,1,1,256,16,H-Conditional-FilterThenK,0.0012355152498802933,30
G2,1,1,256,16,REF-EB,0.002055564549419085,30
G2,1,1,256,64,A-Absolute:0.5,0.0009334898526909565,30
G2,1,1,256,64,A-Mean,0.0006032198057644986,30
G2,1,1,256,64,A-Tail-P:0.5,0.0006241852181828815,30
G2,1,1,256,64,B-Max,0.06858147810383923,30
G2,1,1,256,64,B-Tail-P:0.25,0.00075846531144909,30
G2,1,1,256,64,B-Tail-P:0.5,0.0006144679345247456,30
G2,1,1,256,64,H-Conditional-FilterThenK,0.0005545895661428497,30
G2,1,1,256,64,REF-EB,0.0006054870880655745,30
G2,1,2,64,0,A-Absolute:0.5,0.2139095913426688,30
G2,1,2,64,0,A-Mean,0.1578558891848247,30
G2,1,2,64,0,A-Tail-P:0.5,0.1492770222801982,30
G2,1,2,64,0,B-Max,0.14521025986564495,30
G2,1,2,64,0,B-Tail-P:0.25,0.13893473516493138,30
G2,1,2,64,0,B-Tail-P:0.5,0.14929348484397972,30
G2,1,2,64,0,H-Conditional-FilterThenK,0.1492934839864655,30
G2,1,2,64,0,REF-EB,0.168445926300368,30
G2,1,2,64,4,A-Absolute:0.5,0.09109002887183633,30
G2,1,2,64,4,A-Mean,0.05737729031011659,30
G2,1,2,64,4,A-Tail-P:0.5,0.06146639154311022,30
G2,1,2,64,4,B-Max,0.10346493525161984,30
G2,1,2,64,4,B-Tail-P:0.25,0.06731407299886515,30
G2,1,2,64,4,B-Tail-P:0.5,0.06136547500102832,30
G2,1,2,64,4,H-Conditional-FilterThenK,0.05748194547373151,30
G2,1,2,64,4,REF-EB,0.08637382832073347,30
G2,1,2,64,16,A-Absolute:0.5,0.01699064461004235,30
G2,1,2,64,16,A-Mean,0.008731391650221259,30
G2,1,2,64,16,A-Tail-P:0.5,0.010138146004143181,30
G2,1,2,64,16,B-Max,0.09015591237717822,30
G2,1,2,64,16,B-Tail-P:0.25,0.011013649131769391,30
G2,1,2,64,16,B-Tail-P:0.5,0.010189048648114653,30
G2,1,2,64,16,H-Conditional-FilterThenK,0.006939451004807389,30
G2,1,2,64,16,REF-EB,0.008459666158096336,30
G2,1,2,64,64,A-Absolute:0.5,0.003409513798153391,30
G2,1,2,64,64,A-Mean,0.0019670178442852356,30
G2,1,2,64,64,A-Tail-P:0.5,0.002202271749236864,30
G2,1,2,64,64,B-Max,0.08934820289137564,30
G2,1,2,64,64,B-Tail-P:0.25,0.002107923607832423,30
G2,1,2,64,64,B-Tail-P:0.5,0.002212368117332555,30
G2,1,2,64,64,H-Conditional-FilterThenK,0.002054442601016328,30
G2,1,2,64,64,REF-EB,0.001823482963454407,30
G2,1,2,256,0,A-Absolute:0.5,0.21367002027785081,30
G2,1,2,256,0,A-Mean,0.15746160654049984,30
G2,1,2,256,0,A-Tail-P:0.5,0.14890674751061642,30
G2,1,2,256,0,B-Max,0.14494532703005084,30
G2,1,2,256,0,B-Tail-P:0.25,0.13846605484820734,30
G2,1,2,256,0,B-Tail-P:0.5,0.14888406766114543,30
G2,1,2,256,0,H-Conditional-FilterThenK,0.14888406442843244,30
G2,1,2,256,0,REF-EB,0.16489862570179256,30
G2,1,2,256,4,A-Absolute:0.5,0.08515395503005564,30
G2,1,2,256,4,A-Mean,0.05533091357859717,30
G2,1,2,256,4,A-Tail-P:0.5,0.05353384918814133,30
G2,1,2,256,4,B-Max,0.10192206688502282,30
G2,1,2,256,4,B-Tail-P:0.25,0.055847865793087106,30
G2,1,2,256,4,B-Tail-P:0.5,0.05348457025209822,30
G2,1,2,256,4,H-Conditional-FilterThenK,0.05406290868401011,30
G2,1,2,256,4,REF-EB,0.07805916486331764,30
G2,1,2,256,16,A-Absolute:0.5,0.021517797086260945,30
G2,1,2,256,16,A-Mean,0.012077283743382784,30
G2,1,2,256,16,A-Tail-P:0.5,0.012064826252664718,30
G2,1,2,256,16,B-Max,0.09006080681649554,30
G2,1,2,256,16,B-Tail-P:0.25,0.012005347059060275,30
G2,1,2,256,16,B-Tail-P:0.5,0.012082177552608058,30
G2,1,2,256,16,H-Conditional-FilterThenK,0.008910141417580925,30
G2,1,2,256,16,REF-EB,0.012417501120805084,30
G2,1,2,256,64,A-Absolute:0.5,0.004192184396989593,30
G2,1,2,256,64,A-Mean,0.002566209797900101,30
G2,1,2,256,64,A-Tail-P:0.5,0.0027467430080070523,30
G2,1,2,256,64,B-Max,0.0894522882425225,30
G2,1,2,256,64,B-Tail-P:0.25,0.002618633538778728,30
G2,1,2,256,64,B-Tail-P:0.5,0.002740921593273336,30
G2,1,2,256,64,H-Conditional-FilterThenK,0.0026159668674004045,30
G2,1,2,256,64,REF-EB,0.002356076314964664,30
G2,1,3,64,0,A-Absolute:0.5,0.09246286151121498,30
G2,1,3,64,0,A-Mean,0.058424725364327745,30
G2,1,3,64,0,A-Tail-P:0.5,0.051117457417101254,30
G2,1,3,64,0,B-Max,0.061488270380916664,30
G2,1,3,64,0,B-Tail-P:0.25,0.044132460312192645,30
G2,1,3,64,0,B-Tail-P:0.5,0.050937628998174195,30
G2,1,3,64,0,H-Conditional-FilterThenK,0.05093762899820948,30
G2,1,3,64,0,REF-EB,0.07325286934939551,30
G2,1,3,64,4,A-Absolute:0.5,0.048686808397296215,30
G2,1,3,64,4,A-Mean,0.032090336298446875,30
G2,1,3,64,4,A-Tail-P:0.5,0.03027437328430531,30
G2,1,3,64,4,B-Max,0.03848643945006888,30
G2,1,3,64,4,B-Tail-P:0.25,0.028963203365362265,30
G2,1,3,64,4,B-Tail-P:0.5,0.030316989449377964,30
G2,1,3,64,4,H-Conditional-FilterThenK,0.03252897409775251,30
G2,1,3,64,4,REF-EB,0.04783497311165368,30
G2,1,3,64,16,A-Absolute:0.5,0.02178079485348733,30
G2,1,3,64,16,A-Mean,0.016648747904431167,30
G2,1,3,64,16,A-Tail-P:0.5,0.016355270570930266,30
G2,1,3,64,16,B-Max,0.028608223588163426,30
G2,1,3,64,16,B-Tail-P:0.25,0.017014251783731515,30
G2,1,3,64,16,B-Tail-P:0.5,0.016342153000507748,30
G2,1,3,64,16,H-Conditional-FilterThenK,0.014173288417742628,30
G2,1,3,64,16,REF-EB,0.02208533171100849,30
G2,1,3,64,64,A-Absolute:0.5,0.006633670864542878,30
G2,1,3,64,64,A-Mean,0.005207514502803294,30
G2,1,3,64,64,A-Tail-P:0.5,0.005285739287545959,30
G2,1,3,64,64,B-Max,0.03938295192874709,30
G2,1,3,64,64,B-Tail-P:0.25,0.005426664120174575,30
G2,1,3,64,64,B-Tail-P:0.5,0.00530259179334489,30
G2,1,3,64,64,H-Conditional-FilterThenK,0.004931787472518366,30
G2,1,3,64,64,REF-EB,0.005694498559087474,30
G2,1,3,256,0,A-Absolute:0.5,0.09216527179976536,30
G2,1,3,256,0,A-Mean,0.058055613856086735,30
G2,1,3,256,0,A-Tail-P:0.5,0.05054297166627355,30
G2,1,3,256,0,B-Max,0.061267827462936394,30
G2,1,3,256,0,B-Tail-P:0.25,0.04373708863302452,30
G2,1,3,256,0,B-Tail-P:0.5,0.050568023228617635,30
G2,1,3,256,0,H-Conditional-FilterThenK,0.050568023338848876,30
G2,1,3,256,0,REF-EB,0.07214255662856943,30
G2,1,3,256,4,A-Absolute:0.5,0.057575732547363014,30
G2,1,3,256,4,A-Mean,0.04104720837852102,30
G2,1,3,256,4,A-Tail-P:0.5,0.038437623187589046,30
G2,1,3,256,4,B-Max,0.03558010870772713,30
G2,1,3,256,4,B-Tail-P:0.25,0.034600776215181206,30
G2,1,3,256,4,B-Tail-P:0.5,0.038437916786826155,30
G2,1,3,256,4,H-Conditional-FilterThenK,0.03893512243986375,30
G2,1,3,256,4,REF-EB,0.05377928189626265,30
G2,1,3,256,16,A-Absolute:0.5,0.01826267803355178,30
G2,1,3,256,16,A-Mean,0.0128492414883837,30
G2,1,3,256,16,A-Tail-P:0.5,0.012849948785223142,30
G2,1,3,256,16,B-Max,0.030169846478769698,30
G2,1,3,256,16,B-Tail-P:0.25,0.012161180976167692,30
G2,1,3,256,16,B-Tail-P:0.5,0.012859606110688638,30
G2,1,3,256,16,H-Conditional-FilterThenK,0.011060743475932232,30
G2,1,3,256,16,REF-EB,0.017734606325041587,30
G2,1,3,256,64,A-Absolute:0.5,0.005074179009241276,30
G2,1,3,256,64,A-Mean,0.004166252058521647,30
G2,1,3,256,64,A-Tail-P:0.5,0.004315990951408536,30
G2,1,3,256,64,B-Max,0.03728764230214275,30
G2,1,3,256,64,B-Tail-P:0.25,0.0043405332660619075,30
G2,1,3,256,64,B-Tail-P:0.5,0.004321897158940024,30
G2,1,3,256,64,H-Conditional-FilterThenK,0.003867597409172892,30
G2,1,3,256,64,REF-EB,0.0046816749447394735,30
G2,1,4,64,0,A-Absolute:0.5,0.01212820451368838,30
G2,1,4,64,0,A-Mean,0.03699935507516188,30
G2,1,4,64,0,A-Tail-P:0.5,0.04436022093449984,30
G2,1,4,64,0,B-Max,0.051965930754361706,30
G2,1,4,64,0,B-Tail-P:0.25,0.05552210625983712,30
G2,1,4,64,0,B-Tail-P:0.5,0.04443946223219694,30
G2,1,4,64,0,H-Conditional-FilterThenK,0.04443947356484328,30
G2,1,4,64,0,REF-EB,0.09625331865796988,30
G2,1,4,64,4,A-Absolute:0.5,0.007733335259444183,30
G2,1,4,64,4,A-Mean,0.019592720770676617,30
G2,1,4,64,4,A-Tail-P:0.5,0.020670946570926486,30
G2,1,4,64,4,B-Max,0.03925594255227533,30
G2,1,4,64,4,B-Tail-P:0.25,0.023405005653280034,30
G2,1,4,64,4,B-Tail-P:0.5,0.020714119624832404,30
G2,1,4,64,4,H-Conditional-FilterThenK,0.017150801854118245,30
G2,1,4,64,4,REF-EB,0.029225520163551243,30
G2,1,4,64,16,A-Absolute:0.5,0.0022022377532644943,30
G2,1,4,64,16,A-Mean,0.003974007655319655,30
G2,1,4,64,16,A-Tail-P:0.5,0.004125118246028719,30
G2,1,4,64,16,B-Max,0.039952341773463844,30
G2,1,4,64,16,B-Tail-P:0.25,0.004562021981520596,30
G2,1,4,64,16,B-Tail-P:0.5,0.004126567956436347,30
G2,1,4,64,16,H-Conditional-FilterThenK,0.0034315840774038083,30
G2,1,4,64,16,REF-EB,0.0064819147649045955,30
G2,1,4,64,64,A-Absolute:0.5,0.001981605793596042,30
G2,1,4,64,64,A-Mean,0.0017074260573590174,30
G2,1,4,64,64,A-Tail-P:0.5,0.001615441258631772,30
G2,1,4,64,64,B-Max,0.04580897830136936,30
G2,1,4,64,64,B-Tail-P:0.25,0.0016339810542162565,30
G2,1,4,64,64,B-Tail-P:0.5,0.0016545962639324685,30
G2,1,4,64,64,H-Conditional-FilterThenK,0.0016161038719464775,30
G2,1,4,64,64,REF-EB,0.002286524268523846,30
G2,1,4,256,0,A-Absolute:0.5,0.011380105493120591,30
G2,1,4,256,0,A-Mean,0.03637137840262792,30
G2,1,4,256,0,A-Tail-P:0.5,0.04377876060209211,30
G2,1,4,256,0,B-Max,0.05129831672797168,30
G2,1,4,256,0,B-Tail-P:0.25,0.054865446967677,30
G2,1,4,256,0,B-Tail-P:0.5,0.04378222886541975,30
G2,1,4,256,0,H-Conditional-FilterThenK,0.043782228865566805,30
G2,1,4,256,0,REF-EB,0.10044094493093633,30
G2,1,4,256,4,A-Absolute:0.5,0.0061638858447156785,30
G2,1,4,256,4,A-Mean,0.01891760964890398,30
G2,1,4,256,4,A-Tail-P:0.5,0.02108991457742703,30
G2,1,4,256,4,B-Max,0.038796320758736416,30
G2,1,4,256,4,B-Tail-P:0.25,0.02379217328792691,30
G2,1,4,256,4,B-Tail-P:0.5,0.021182850904089976,30
G2,1,4,256,4,H-Conditional-FilterThenK,0.015970680947049506,30
G2,1,4,256,4,REF-EB,0.03075450913671063,30
G2,1,4,256,16,A-Absolute:0.5,0.002424602741287017,30
G2,1,4,256,16,A-Mean,0.006366217867619152,30
G2,1,4,256,16,A-Tail-P:0.5,0.006819837280461935,30
G2,1,4,256,16,B-Max,0.0419028216717573,30
G2,1,4,256,16,B-Tail-P:0.25,0.006593761998345988,30
G2,1,4,256,16,B-Tail-P:0.5,0.006809765427983091,30
G2,1,4,256,16,H-Conditional-FilterThenK,0.005451293641533694,30
G2,1,4,256,16,REF-EB,0.008523046075791543,30
G2,1,4,256,64,A-Absolute:0.5,0.0007601672651787988,30
G2,1,4,256,64,A-Mean,0.00096398546725847,30
G2,1,4,256,64,A-Tail-P:0.5,0.000929857199465932,30
G2,1,4,256,64,B-Max,0.04638446379850742,30
G2,1,4,256,64,B-Tail-P:0.25,0.0010084019895103982,30
G2,1,4,256,64,B-Tail-P:0.5,0.0009291757465561072,30
G2,1,4,256,64,H-Conditional-FilterThenK,0.0009226174944655449,30
G2,1,4,256,64,REF-EB,0.0009043924251386885,30
G2,1,5,64,0,A-Absolute:0.5,0.11105833668373105,30
G2,1,5,64,0,A-Mean,0.06900884291718448,30
G2,1,5,64,0,A-Tail-P:0.5,0.06585066311905668,30
G2,1,5,64,0,B-Max,0.05426390822918192,30
G2,1,5,64,0,B-Tail-P:0.25,0.06099889069625962,30
G2,1,5,64,0,B-Tail-P:0.5,0.06603809853027709,30
G2,1,5,64,0,H-Conditional-FilterThenK,0.06603810721861791,30
G2,1,5,64,0,REF-EB,0.07253565515010461,30
G2,1,5,64,4,A-Absolute:0.5,0.05240510373236382,30
G2,1,5,64,4,A-Mean,0.029309644362415867,30
G2,1,5,64,4,A-Tail-P:0.5,0.03043361302582808,30
G2,1,5,64,4,B-Max,0.04528724477614317,30
G2,1,5,64,4,B-Tail-P:0.25,0.02907103327569045,30
G2,1,5,64,4,B-Tail-P:0.5,0.03042660823674328,30
G2,1,5,64,4,H-Conditional-FilterThenK,0.02906577470406579,30
G2,1,5,64,4,REF-EB,0.04373435452027445,30
G2,1,5,64,16,A-Absolute:0.5,0.014442746683265045,30
G2,1,5,64,16,A-Mean,0.010791942264835484,30
G2,1,5,64,16,A-Tail-P:0.5,0.010754044485266933,30
G2,1,5,64,16,B-Max,0.04100166801633349,30
G2,1,5,64,16,B-Tail-P:0.25,0.010307164301351025,30
G2,1,5,64,16,B-Tail-P:0.5,0.010769930678243956,30
G2,1,5,64,16,H-Conditional-FilterThenK,0.012774390816670337,30
G2,1,5,64,16,REF-EB,0.012109375479705814,30
G2,1,5,64,64,A-Absolute:0.5,0.003594897927291114,30
G2,1,5,64,64,A-Mean,0.003918058343575812,30
G2,1,5,64,64,A-Tail-P:0.5,0.003891174634885146,30
G2,1,5,64,64,B-Max,0.04213856676250886,30
G2,1,5,64,64,B-Tail-P:0.25,0.0039929470617615665,30
G2,1,5,64,64,B-Tail-P:0.5,0.0039022057868684603,30
G2,1,5,64,64,H-Conditional-FilterThenK,0.003771269708173239,30
G2,1,5,64,64,REF-EB,0.003934565058057854,30
G2,1,5,256,0,A-Absolute:0.5,0.11011660403528856,30
G2,1,5,256,0,A-Mean,0.0680057958298133,30
G2,1,5,256,0,A-Tail-P:0.5,0.06509693689183275,30
G2,1,5,256,0,B-Max,0.05332382703919074,30
G2,1,5,256,0,B-Tail-P:0.25,0.059958989696091015,30
G2,1,5,256,0,B-Tail-P:0.5,0.06505613954651049,30
G2,1,5,256,0,H-Conditional-FilterThenK,0.06505612670691445,30
G2,1,5,256,0,REF-EB,0.07056369807182632,30
G2,1,5,256,4,A-Absolute:0.5,0.0539904076628438,30
G2,1,5,256,4,A-Mean,0.03101700191760211,30
G2,1,5,256,4,A-Tail-P:0.5,0.03182263486356438,30
G2,1,5,256,4,B-Max,0.04598328956635385,30
G2,1,5,256,4,B-Tail-P:0.25,0.032006553191956284,30
G2,1,5,256,4,B-Tail-P:0.5,0.031840551419127595,30
G2,1,5,256,4,H-Conditional-FilterThenK,0.032060509481885914,30
G2,1,5,256,4,REF-EB,0.04748532022158855,30
G2,1,5,256,16,A-Absolute:0.5,0.009869391096363709,30
G2,1,5,256,16,A-Mean,0.006990729363213876,30
G2,1,5,256,16,A-Tail-P:0.5,0.007031456945656735,30
G2,1,5,256,16,B-Max,0.04040361204219855,30
G2,1,5,256,16,B-Tail-P:0.25,0.0073942274727599715,30
G2,1,5,256,16,B-Tail-P:0.5,0.0070148604469702685,30
G2,1,5,256,16,H-Conditional-FilterThenK,0.009678062871828276,30
G2,1,5,256,16,REF-EB,0.008494501405940956,30
G2,1,5,256,64,A-Absolute:0.5,0.004580222857791935,30
G2,1,5,256,64,A-Mean,0.004075786519480654,30
G2,1,5,256,64,A-Tail-P:0.5,0.0039652044827375625,30
G2,1,5,256,64,B-Max,0.0429641394419239,30
G2,1,5,256,64,B-Tail-P:0.25,0.004179712784131715,30
G2,1,5,256,64,B-Tail-P:0.5,0.003988109978187425,30
G2,1,5,256,64,H-Conditional-FilterThenK,0.004027130179858571,30
G2,1,5,256,64,REF-EB,0.004028347201743352,30
G2,1,6,64,0,A-Absolute:0.5,0.007426854970901074,30
G2,1,6,64,0,A-Mean,0.005954990187460054,30
G2,1,6,64,0,A-Tail-P:0.5,0.010650705504470136,30
G2,1,6,64,0,B-Max,0.0054641970692302635,30
G2,1,6,64,0,B-Tail-P:0.25,0.015275690064678727,30
G2,1,6,64,0,B-Tail-P:0.5,0.010928627510927833,30
G2,1,6,64,0,H-Conditional-FilterThenK,0.010928654355050952,30
G2,1,6,64,0,REF-EB,0.004801612558739882,30
G2,1,6,64,4,A-Absolute:0.5,0.009494078189305144,30
G2,1,6,64,4,A-Mean,0.014715584896707148,30
G2,1,6,64,4,A-Tail-P:0.5,0.014542538742319056,30
G2,1,6,64,4,B-Max,0.008885008500394151,30
G2,1,6,64,4,B-Tail-P:0.25,0.014238239506769305,30
G2,1,6,64,4,B-Tail-P:0.5,0.014523759996495463,30
G2,1,6,64,4,H-Conditional-FilterThenK,0.02177358901791944,30
G2,1,6,64,4,REF-EB,0.00807553549708291,30
G2,1,6,64,16,A-Absolute:0.5,0.011508282002927401,30
G2,1,6,64,16,A-Mean,0.016187203034848337,30
G2,1,6,64,16,A-Tail-P:0.5,0.016187772030785273,30
G2,1,6,64,16,B-Max,0.009150461403343711,30
G2,1,6,64,16,B-Tail-P:0.25,0.016679740988211508,30
G2,1,6,64,16,B-Tail-P:0.5,0.016258735151111273,30
G2,1,6,64,16,H-Conditional-FilterThenK,0.01714180693703846,30
G2,1,6,64,16,REF-EB,0.009921897061490078,30
G2,1,6,64,64,A-Absolute:0.5,0.002938597848742662,30
G2,1,6,64,64,A-Mean,0.002779817320548054,30
G2,1,6,64,64,A-Tail-P:0.5,0.002879426199419229,30
G2,1,6,64,64,B-Max,0.01471688780861085,30
G2,1,6,64,64,B-Tail-P:0.25,0.0029362605836757024,30
G2,1,6,64,64,B-Tail-P:0.5,0.002892659742628931,30
G2,1,6,64,64,H-Conditional-FilterThenK,0.002881724524266804,30
G2,1,6,64,64,REF-EB,0.002481512247383049,30
G2,1,6,256,0,A-Absolute:0.5,0.006930733728812957,30
G2,1,6,256,0,A-Mean,0.005610737639065557,30
G2,1,6,256,0,A-Tail-P:0.5,0.01047631189694563,30
G2,1,6,256,0,B-Max,0.005087348452072103,30
G2,1,6,256,0,B-Tail-P:0.25,0.014927426864913385,30
G2,1,6,256,0,B-Tail-P:0.5,0.010598367524480993,30
G2,1,6,256,0,H-Conditional-FilterThenK,0.010598380512509374,30
G2,1,6,256,0,REF-EB,0.0043654820809194235,30
G2,1,6,256,4,A-Absolute:0.5,0.010509997477343234,30
G2,1,6,256,4,A-Mean,0.01790286136295596,30
G2,1,6,256,4,A-Tail-P:0.5,0.01873106489607376,30
G2,1,6,256,4,B-Max,0.011356129531173459,30
G2,1,6,256,4,B-Tail-P:0.25,0.01882884390270907,30
G2,1,6,256,4,B-Tail-P:0.5,0.018735960355597894,30
G2,1,6,256,4,H-Conditional-FilterThenK,0.02079535224252169,30
G2,1,6,256,4,REF-EB,0.006171993364535741,30
G2,1,6,256,16,A-Absolute:0.5,0.007255669048242721,30
G2,1,6,256,16,A-Mean,0.00975312901392272,30
G2,1,6,256,16,A-Tail-P:0.5,0.009927645294554609,30
G2,1,6,256,16,B-Max,0.010066795389988637,30
G2,1,6,256,16,B-Tail-P:0.25,0.01073609763181141,30
G2,1,6,256,16,B-Tail-P:0.5,0.009962223804209304,30
G2,1,6,256,16,H-Conditional-FilterThenK,0.012205248289400073,30
G2,1,6,256,16,REF-EB,0.006310448227577187,30
G2,1,6,256,64,A-Absolute:0.5,0.0027733477512449905,30
G2,1,6,256,64,A-Mean,0.0022461405831843985,30
G2,1,6,256,64,A-Tail-P:0.5,0.002359732788537248,30
G2,1,6,256,64,B-Max,0.01444728710077507,30
G2,1,6,256,64,B-Tail-P:0.25,0.0022510110842008726,30
G2,1,6,256,64,B-Tail-P:0.5,0.00235214075726724,30
G2,1,6,256,64,H-Conditional-FilterThenK,0.0024155540697512645,30
G2,1,6,256,64,REF-EB,0.002157757128803767,30
G2,1,7,64,0,A-Absolute:0.5,0.03085858692846503,30
G2,1,7,64,0,A-Mean,0.055870447418069076,30
G2,1,7,64,0,A-Tail-P:0.5,0.05468677354999982,30
G2,1,7,64,0,B-Max,0.09537801335987606,30
G2,1,7,64,0,B-Tail-P:0.25,0.059741572656024325,30
G2,1,7,64,0,B-Tail-P:0.5,0.05394859098013656,30
G2,1,7,64,0,H-Conditional-FilterThenK,0.05394859815109636,30
G2,1,7,64,0,REF-EB,0.030568815970851745,30
G2,1,7,64,4,A-Absolute:0.5,0.021779185427326177,30
G2,1,7,64,4,A-Mean,0.02429343215580572,30
G2,1,7,64,4,A-Tail-P:0.5,0.02863740300711321,30
G2,1,7,64,4,B-Max,0.05020243780803488,30
G2,1,7,64,4,B-Tail-P:0.25,0.03231475736028744,30
G2,1,7,64,4,B-Tail-P:0.5,0.02862377734550354,30
G2,1,7,64,4,H-Conditional-FilterThenK,0.027530064576273886,30
G2,1,7,64,4,REF-EB,0.02209653509293515,30
G2,1,7,64,16,A-Absolute:0.5,0.006007965766005939,30
G2,1,7,64,16,A-Mean,0.0033462481859994134,30
G2,1,7,64,16,A-Tail-P:0.5,0.0037913715323779824,30
G2,1,7,64,16,B-Max,0.046129450242327494,30
G2,1,7,64,16,B-Tail-P:0.25,0.004592705978003586,30
G2,1,7,64,16,B-Tail-P:0.5,0.0037371369187077603,30
G2,1,7,64,16,H-Conditional-FilterThenK,0.0033208914634534404,30
G2,1,7,64,16,REF-EB,0.005556087783024193,30
G2,1,7,64,64,A-Absolute:0.5,0.0011493186578019933,30
G2,1,7,64,64,A-Mean,0.0011945237651385975,30
G2,1,7,64,64,A-Tail-P:0.5,0.001223334734185823,30
G2,1,7,64,64,B-Max,0.052222874891577495,30
G2,1,7,64,64,B-Tail-P:0.25,0.0012857371651273845,30
G2,1,7,64,64,B-Tail-P:0.5,0.0011546506151876587,30
G2,1,7,64,64,H-Conditional-FilterThenK,0.0013699884478505767,30
G2,1,7,64,64,REF-EB,0.000930311650854079,30
G2,1,7,256,0,A-Absolute:0.5,0.030747005808880037,30
G2,1,7,256,0,A-Mean,0.05570824773076725,30
G2,1,7,256,0,A-Tail-P:0.5,0.053864846343480564,30
G2,1,7,256,0,B-Max,0.09543747166483708,30
G2,1,7,256,0,B-Tail-P:0.25,0.059680281231310944,30
G2,1,7,256,0,B-Tail-P:0.5,0.0538061224462023,30
G2,1,7,256,0,H-Conditional-FilterThenK,0.05380612257911336,30
G2,1,7,256,0,REF-EB,0.029586313816976705,30
G2,1,7,256,4,A-Absolute:0.5,0.020639308057028977,30
G2,1,7,256,4,A-Mean,0.022139882533838924,30
G2,1,7,256,4,A-Tail-P:0.5,0.02198369953368484,30
G2,1,7,256,4,B-Max,0.054013120110452846,30
G2,1,7,256,4,B-Tail-P:0.25,0.024921122012890047,30
G2,1,7,256,4,B-Tail-P:0.5,0.021919971273987374,30
G2,1,7,256,4,H-Conditional-FilterThenK,0.03235007090364966,30
G2,1,7,256,4,REF-EB,0.02038893646190387,30
G2,1,7,256,16,A-Absolute:0.5,0.005483537338502583,30
G2,1,7,256,16,A-Mean,0.0060315173282058,30
G2,1,7,256,16,A-Tail-P:0.5,0.006263547156940935,30
G2,1,7,256,16,B-Max,0.04582511183282908,30
G2,1,7,256,16,B-Tail-P:0.25,0.006649833567128058,30
G2,1,7,256,16,B-Tail-P:0.5,0.006273943839419237,30
G2,1,7,256,16,H-Conditional-FilterThenK,0.007651998479106289,30
G2,1,7,256,16,REF-EB,0.005367474291669119,30
G2,1,7,256,64,A-Absolute:0.5,0.0013898044370826712,30
G2,1,7,256,64,A-Mean,0.0015792780901844542,30
G2,1,7,256,64,A-Tail-P:0.5,0.0015503961295913562,30
G2,1,7,256,64,B-Max,0.05196767901010061,30
G2,1,7,256,64,B-Tail-P:0.25,0.0016466576188106517,30
G2,1,7,256,64,B-Tail-P:0.5,0.0015328497354111978,30
G2,1,7,256,64,H-Conditional-FilterThenK,0.0016921157932852668,30
G2,1,7,256,64,REF-EB,0.0012743849132456715,30
G2,2,0,64,0,A-Absolute:0.5,0.008043604420278528,30
G2,2,0,64,0,A-Mean,0.0008979287756000115,30
G2,2,0,64,0,A-Tail-P:0.5,0.001176333342185895,30
G2,2,0,64,0,B-Max,0.007976623707897973,30
G2,2,0,64,0,B-Tail-P:0.25,0.001518038560845804,30
G2,2,0,64,0,B-Tail-P:0.5,0.0011803681441682366,30
G2,2,0,64,0,H-Conditional-FilterThenK,0.0011803680130594992,30
G2,2,0,64,0,REF-EB,0.001526848641071714,30
G2,2,0,64,4,A-Absolute:0.5,0.011302961250023391,30
G2,2,0,64,4,A-Mean,0.016198786050940484,30
G2,2,0,64,4,A-Tail-P:0.5,0.015836723022621516,30
G2,2,0,64,4,B-Max,0.013485590500158828,30
G2,2,0,64,4,B-Tail-P:0.25,0.01579866188893234,30
G2,2,0,64,4,B-Tail-P:0.5,0.015990981472850215,30
G2,2,0,64,4,H-Conditional-FilterThenK,0.024983730862430865,30
G2,2,0,64,4,REF-EB,0.0037960297084953048,30
G2,2,0,64,16,A-Absolute:0.5,0.004845632581279684,30
G2,2,0,64,16,A-Mean,0.007389847910154346,30
G2,2,0,64,16,A-Tail-P:0.5,0.007367493110574202,30
G2,2,0,64,16,B-Max,0.005996627617958582,30
G2,2,0,64,16,B-Tail-P:0.25,0.007964832606651347,30
G2,2,0,64,16,B-Tail-P:0.5,0.00732839925051585,30
G2,2,0,64,16,H-Conditional-FilterThenK,0.010422698593916532,30
G2,2,0,64,16,REF-EB,0.003368048329868436,30
G2,2,0,64,64,A-Absolute:0.5,0.0026818164071544647,30
G2,2,0,64,64,A-Mean,0.0032051566479646488,30
G2,2,0,64,64,A-Tail-P:0.5,0.0031673687499669105,30
G2,2,0,64,64,B-Max,0.000864374832389916,30
G2,2,0,64,64,B-Tail-P:0.25,0.0030851548585262584,30
G2,2,0,64,64,B-Tail-P:0.5,0.003194229550627935,30
G2,2,0,64,64,H-Conditional-FilterThenK,0.003309836815624508,30
G2,2,0,64,64,REF-EB,0.002695553401570933,30
G2,2,0,256,0,A-Absolute:0.5,0.007449567451862327,30
G2,2,0,256,0,A-Mean,0.00022429727573594253,30
G2,2,0,256,0,A-Tail-P:0.5,0.00048953304894672,30
G2,2,0,256,0,B-Max,0.007542471443094143,30
G2,2,0,256,0,B-Tail-P:0.25,0.0008408424212340973,30
G2,2,0,256,0,B-Tail-P:0.5,0.0004893210320049275,30
G2,2,0,256,0,H-Conditional-FilterThenK,0.0004893179567018632,30
G2,2,0,256,0,REF-EB,0.000788544817314985,30
G2,2,0,256,4,A-Absolute:0.5,0.009008542227390792,30
G2,2,0,256,4,A-Mean,0.019613815604271816,30
G2,2,0,256,4,A-Tail-P:0.5,0.019150582207296315,30
G2,2,0,256,4,B-Max,0.013452920941148163,30
G2,2,0,256,4,B-Tail-P:0.25,0.020209789384787083,30
G2,2,0,256,4,B-Tail-P:0.5,0.019244380849952676,30
G2,2,0,256,4,H-Conditional-FilterThenK,0.027823563086999552,30
G2,2,0,256,4,REF-EB,0.0028864351228896612,30
G2,2,0,256,16,A-Absolute:0.5,0.004788333087795105,30
G2,2,0,256,16,A-Mean,0.0057826293479791594,30
G2,2,0,256,16,A-Tail-P:0.5,0.005886236748679211,30
G2,2,0,256,16,B-Max,0.0048616389273743055,30
G2,2,0,256,16,B-Tail-P:0.25,0.005999820557290782,30
G2,2,0,256,16,B-Tail-P:0.5,0.005862789558581319,30
G2,2,0,256,16,H-Conditional-FilterThenK,0.007862390967231491,30
G2,2,0,256,16,REF-EB,0.0030126973618513995,30
G2,2,0,256,64,A-Absolute:0.5,0.0019043190692585876,30
G2,2,0,256,64,A-Mean,0.0019229442456460473,30
G2,2,0,256,64,A-Tail-P:0.5,0.0019138318790979383,30
G2,2,0,256,64,B-Max,0.0004889769817732054,30
G2,2,0,256,64,B-Tail-P:0.25,0.0017856778931910004,30
G2,2,0,256,64,B-Tail-P:0.5,0.0019337516424191273,30
G2,2,0,256,64,H-Conditional-FilterThenK,0.0021017053751269054,30
G2,2,0,256,64,REF-EB,0.0017038542909068913,30
G2,2,1,64,0,A-Absolute:0.5,0.025132909757398632,30
G2,2,1,64,0,A-Mean,0.06073308290238586,30
G2,2,1,64,0,A-Tail-P:0.5,0.07035624305166951,30
G2,2,1,64,0,B-Max,0.10757648615316777,30
G2,2,1,64,0,B-Tail-P:0.25,0.07039073394751141,30
G2,2,1,64,0,B-Tail-P:0.5,0.07046389567617219,30
G2,2,1,64,0,H-Conditional-FilterThenK,0.07046389769475837,30
G2,2,1,64,0,REF-EB,0.04946967719313299,30
G2,2,1,64,4,A-Absolute:0.5,0.005730398846973873,30
G2,2,1,64,4,A-Mean,0.016043868011027272,30
G2,2,1,64,4,A-Tail-P:0.5,0.01720433005458173,30
G2,2,1,64,4,B-Max,0.07378142748732255,30
G2,2,1,64,4,B-Tail-P:0.25,0.018880518220929687,30
G2,2,1,64,4,B-Tail-P:0.5,0.017182772734693246,30
G2,2,1,64,4,H-Conditional-FilterThenK,0.01632383818692049,30
G2,2,1,64,4,REF-EB,0.022652495236849028,30
G2,2,1,64,16,A-Absolute:0.5,0.0016281919978702532,30
G2,2,1,64,16,A-Mean,0.002846371544540466,30
G2,2,1,64,16,A-Tail-P:0.5,0.00302595072310771,30
G2,2,1,64,16,B-Max,0.07093468434054548,30
G2,2,1,64,16,B-Tail-P:0.25,0.0031265717003924717,30
G2,2,1,64,16,B-Tail-P:0.5,0.0031173381603556527,30
G2,2,1,64,16,H-Conditional-FilterThenK,0.00233627414445575,30
G2,2,1,64,16,REF-EB,0.0029251362874298296,30
G2,2,1,64,64,A-Absolute:0.5,0.001146249857074058,30
G2,2,1,64,64,A-Mean,0.0012870897497241664,30
G2,2,1,64,64,A-Tail-P:0.5,0.0013548178771433743,30
G2,2,1,64,64,B-Max,0.06995547022515532,30
G2,2,1,64,64,B-Tail-P:0.25,0.0014731473384074273,30
G2,2,1,64,64,B-Tail-P:0.5,0.0013018253244245534,30
G2,2,1,64,64,H-Conditional-FilterThenK,0.0012592080895750988,30
G2,2,1,64,64,REF-EB,0.0013989693722556043,30
G2,2,1,256,0,A-Absolute:0.5,0.024922032613578147,30
G2,2,1,256,0,A-Mean,0.060787794325245524,30
G2,2,1,256,0,A-Tail-P:0.5,0.07048289112938515,30
G2,2,1,256,0,B-Max,0.10904108538153816,30
G2,2,1,256,0,B-Tail-P:0.25,0.07032956742874096,30
G2,2,1,256,0,B-Tail-P:0.5,0.07047034574946807,30
G2,2,1,256,0,H-Conditional-FilterThenK,0.07047033384491824,30
G2,2,1,256,0,REF-EB,0.04941686936836228,30
G2,2,1,256,4,A-Absolute:0.5,0.009036145001335922,30
G2,2,1,256,4,A-Mean,0.023849028066701403,30
G2,2,1,256,4,A-Tail-P:0.5,0.02843269444289575,30
G2,2,1,256,4,B-Max,0.07735147321250986,30
G2,2,1,256,4,B-Tail-P:0.25,0.030806636583294834,30
G2,2,1,256,4,B-Tail-P:0.5,0.028254841722987263,30
G2,2,1,256,4,H-Conditional-FilterThenK,0.024427951404830808,30
G2,2,1,256,4,REF-EB,0.026912450049293837,30
G2,2,1,256,16,A-Absolute:0.5,0.0008839829161073746,30
G2,2,1,256,16,A-Mean,0.001497150957883777,30
G2,2,1,256,16,A-Tail-P:0.5,0.0016664399021711174,30
G2,2,1,256,16,B-Max,0.06969131175778782,30
G2,2,1,256,16,B-Tail-P:0.25,0.001838899781218391,30
G2,2,1,256,16,B-Tail-P:0.5,0.0016914071337941856,30
G2,2,1,256,16,H-Conditional-FilterThenK,0.0010449500684278626,30
G2,2,1,256,16,REF-EB,0.0017362970030959895,30
G2,2,1,256,64,A-Absolute:0.5,0.00028710257156032746,30
G2,2,1,256,64,A-Mean,0.00022394266390170456,30
G2,2,1,256,64,A-Tail-P:0.5,0.00025980900029981834,30
G2,2,1,256,64,B-Max,0.0691525738736546,30
G2,2,1,256,64,B-Tail-P:0.25,0.0003338100332158248,30
G2,2,1,256,64,B-Tail-P:0.5,0.00024834969812572436,30
G2,2,1,256,64,H-Conditional-FilterThenK,0.000251207566670174,30
G2,2,1,256,64,REF-EB,0.0002587017303364519,30
G2,2,2,64,0,A-Absolute:0.5,0.20353814181600544,30
G2,2,2,64,0,A-Mean,0.15317463043040924,30
G2,2,2,64,0,A-Tail-P:0.5,0.1439596397743562,30
G2,2,2,64,0,B-Max,0.12032251828607067,30
G2,2,2,64,0,B-Tail-P:0.25,0.14482043717579574,30
G2,2,2,64,0,B-Tail-P:0.5,0.14389819531688905,30
G2,2,2,64,0,H-Conditional-FilterThenK,0.14389819559593836,30
G2,2,2,64,0,REF-EB,0.166553628517407,30
G2,2,2,64,4,A-Absolute:0.5,0.10277969468496603,30
G2,2,2,64,4,A-Mean,0.06475246048264792,30
G2,2,2,64,4,A-Tail-P:0.5,0.06928336203219083,30
G2,2,2,64,4,B-Max,0.1267585857312779,30
G2,2,2,64,4,B-Tail-P:0.25,0.07293976937772134,30
G2,2,2,64,4,B-Tail-P:0.5,0.06931125368542293,30
G2,2,2,64,4,H-Conditional-FilterThenK,0.06251568752761653,30
G2,2,2,64,4,REF-EB,0.1283523637521112,30
G2,2,2,64,16,A-Absolute:0.5,0.015211851514470416,30
G2,2,2,64,16,A-Mean,0.008973182307142915,30
G2,2,2,64,16,A-Tail-P:0.5,0.008861285457104446,30
G2,2,2,64,16,B-Max,0.11526431824490507,30
G2,2,2,64,16,B-Tail-P:0.25,0.008473892405693077,30
G2,2,2,64,16,B-Tail-P:0.5,0.008859233275742598,30
G2,2,2,64,16,H-Conditional-FilterThenK,0.007882740228076454,30
G2,2,2,64,16,REF-EB,0.010599943835211208,30
G2,2,2,64,64,A-Absolute:0.5,0.003956001245889296,30
G2,2,2,64,64,A-Mean,0.002672013218191894,30
G2,2,2,64,64,A-Tail-P:0.5,0.002804963639382466,30
G2,2,2,64,64,B-Max,0.1135858782454329,30
G2,2,2,64,64,B-Tail-P:0.25,0.0031103588407836317,30
G2,2,2,64,64,B-Tail-P:0.5,0.002844019375922902,30
G2,2,2,64,64,H-Conditional-FilterThenK,0.0025115094029628205,30
G2,2,2,64,64,REF-EB,0.002733049346990723,30
G2,2,2,256,0,A-Absolute:0.5,0.20290224071211915,30
G2,2,2,256,0,A-Mean,0.15243941114539616,30
G2,2,2,256,0,A-Tail-P:0.5,0.14325939650352362,30
G2,2,2,256,0,B-Max,0.11892623555518568,30
G2,2,2,256,0,B-Tail-P:0.25,0.14411606800334067,30
G2,2,2,256,0,B-Tail-P:0.5,0.14325958403255667,30
G2,2,2,256,0,H-Conditional-FilterThenK,0.14325958415276724,30
G2,2,2,256,0,REF-EB,0.16533600758861666,30
G2,2,2,256,4,A-Absolute:0.5,0.08434741181740275,30
G2,2,2,256,4,A-Mean,0.0516518046247029,30
G2,2,2,256,4,A-Tail-P:0.5,0.05644723579171072,30
G2,2,2,256,4,B-Max,0.12331826738579837,30
G2,2,2,256,4,B-Tail-P:0.25,0.06053665645371001,30
G2,2,2,256,4,B-Tail-P:0.5,0.05638090584342364,30
G2,2,2,256,4,H-Conditional-FilterThenK,0.0554070201073876,30
G2,2,2,256,4,REF-EB,0.11061129413156694,30
G2,2,2,256,16,A-Absolute:0.5,0.013483282087354017,30
G2,2,2,256,16,A-Mean,0.0077840651545930265,30
G2,2,2,256,16,A-Tail-P:0.5,0.00772829778809755,30
G2,2,2,256,16,B-Max,0.11443333865781063,30
G2,2,2,256,16,B-Tail-P:0.25,0.007316724737518456,30
G2,2,2,256,16,B-Tail-P:0.5,0.007738433656821439,30
G2,2,2,256,16,H-Conditional-FilterThenK,0.0068113236376125515,30
G2,2,2,256,16,REF-EB,0.009098769681398871,30
G2,2,2,256,64,A-Absolute:0.5,0.004056445022846256,30
G2,2,2,256,64,A-Mean,0.002402321360297038,30
G2,2,2,256,64,A-Tail-P:0.5,0.002594517688688366,30
G2,2,2,256,64,B-Max,0.11218866567194906,30
G2,2,2,256,64,B-Tail-P:0.25,0.0028035754517505883,30
G2,2,2,256,64,B-Tail-P:0.5,0.0026075380608772195,30
G2,2,2,256,64,H-Conditional-FilterThenK,0.002245614666700304,30
G2,2,2,256,64,REF-EB,0.0023099077177555125,30
G2,2,3,64,0,A-Absolute:0.5,0.027201171647381006,30
G2,2,3,64,0,A-Mean,0.0427971172882247,30
G2,2,3,64,0,A-Tail-P:0.5,0.0455332947189859,30
G2,2,3,64,0,B-Max,0.0478391416586427,30
G2,2,3,64,0,B-Tail-P:0.25,0.054657812528340434,30
G2,2,3,64,0,B-Tail-P:0.5,0.04625976121101269,30
G2,2,3,64,0,H-Conditional-FilterThenK,0.046259763159449324,30
G2,2,3,64,0,REF-EB,0.07749197172255652,30
G2,2,3,64,4,A-Absolute:0.5,0.017176923895813254,30
G2,2,3,64,4,A-Mean,0.01697687604245564,30
G2,2,3,64,4,A-Tail-P:0.5,0.017684881256158254,30
G2,2,3,64,4,B-Max,0.020640318629926005,30
G2,2,3,64,4,B-Tail-P:0.25,0.019765196190206103,30
G2,2,3,64,4,B-Tail-P:0.5,0.017785199774821382,30
G2,2,3,64,4,H-Conditional-FilterThenK,0.019403972595850028,30
G2,2,3,64,4,REF-EB,0.030329414845553362,30
G2,2,3,64,16,A-Absolute:0.5,0.008844701787311515,30
G2,2,3,64,16,A-Mean,0.012754032672724546,30
G2,2,3,64,16,A-Tail-P:0.5,0.012917722330583295,30
G2,2,3,64,16,B-Max,0.019092505634244552,30
G2,2,3,64,16,B-Tail-P:0.25,0.013363352388174893,30
G2,2,3,64,16,B-Tail-P:0.5,0.013017477402358452,30
G2,2,3,64,16,H-Conditional-FilterThenK,0.014013948716855637,30
G2,2,3,64,16,REF-EB,0.01094318415577891,30
G2,2,3,64,64,A-Absolute:0.5,0.0020987466657868335,30
G2,2,3,64,64,A-Mean,0.0024394392796902834,30
G2,2,3,64,64,A-Tail-P:0.5,0.0024186964728389196,30
G2,2,3,64,64,B-Max,0.039485204677881545,30
G2,2,3,64,64,B-Tail-P:0.25,0.0025082457601083475,30
G2,2,3,64,64,B-Tail-P:0.5,0.002416486426111804,30
G2,2,3,64,64,H-Conditional-FilterThenK,0.002456324510770262,30
G2,2,3,64,64,REF-EB,0.0027935417976516835,30
G2,2,3,256,0,A-Absolute:0.5,0.027685242757014054,30
G2,2,3,256,0,A-Mean,0.04253656667977778,30
G2,2,3,256,0,A-Tail-P:0.5,0.04573047891109571,30
G2,2,3,256,0,B-Max,0.048380000265532325,30
G2,2,3,256,0,B-Tail-P:0.25,0.053652575424659,30
G2,2,3,256,0,B-Tail-P:0.5,0.04607359819582073,30
G2,2,3,256,0,H-Conditional-FilterThenK,0.04607359850640955,30
G2,2,3,256,0,REF-EB,0.0786947184448243,30
G2,2,3,256,4,A-Absolute:0.5,0.019755502640943036,30
G2,2,3,256,4,A-Mean,0.025210379450542837,30
G2,2,3,256,4,A-Tail-P:0.5,0.029231019347445816,30
G2,2,3,256,4,B-Max,0.02439909916621723,30
G2,2,3,256,4,B-Tail-P:0.25,0.030793743007389168,30
G2,2,3,256,4,B-Tail-P:0.5,0.02928699457291107,30
G2,2,3,256,4,H-Conditional-FilterThenK,0.02914862510009342,30
G2,2,3,256,4,REF-EB,0.04555694386195172,30
G2,2,3,256,16,A-Absolute:0.5,0.007094708687030032,30
G2,2,3,256,16,A-Mean,0.0077398263242001155,30
G2,2,3,256,16,A-Tail-P:0.5,0.007955796854360299,30
G2,2,3,256,16,B-Max,0.023954581799617212,30
G2,2,3,256,16,B-Tail-P:0.25,0.008232181667311692,30
G2,2,3,256,16,B-Tail-P:0.5,0.007939782094656126,30
G2,2,3,256,16,H-Conditional-FilterThenK,0.008368508312420964,30
G2,2,3,256,16,REF-EB,0.00993700696101483,30
G2,2,3,256,64,A-Absolute:0.5,0.002932171357400613,30
G2,2,3,256,64,A-Mean,0.0027210943020422613,30
G2,2,3,256,64,A-Tail-P:0.5,0.0027610777091600807,30
G2,2,3,256,64,B-Max,0.04151728769724105,30
G2,2,3,256,64,B-Tail-P:0.25,0.0027426841250884687,30
G2,2,3,256,64,B-Tail-P:0.5,0.002749334083201685,30
G2,2,3,256,64,H-Conditional-FilterThenK,0.0027950216553186834,30
G2,2,3,256,64,REF-EB,0.0027753998226119282,30
G2,2,4,64,0,A-Absolute:0.5,0.01206549954137805,30
G2,2,4,64,0,A-Mean,0.0024140671277213276,30
G2,2,4,64,0,A-Tail-P:0.5,0.002308026533500316,30
G2,2,4,64,0,B-Max,0.011338853152370189,30
G2,2,4,64,0,B-Tail-P:0.25,0.0009318322959477601,30
G2,2,4,64,0,B-Tail-P:0.5,0.002273757370127106,30
G2,2,4,64,0,H-Conditional-FilterThenK,0.002273758337753324,30
G2,2,4,64,0,REF-EB,0.004996982187408266,30
G2,2,4,64,4,A-Absolute:0.5,0.014748969487011545,30
G2,2,4,64,4,A-Mean,0.016985995083663902,30
G2,2,4,64,4,A-Tail-P:0.5,0.017459866503626423,30
G2,2,4,64,4,B-Max,0.014363658128045458,30
G2,2,4,64,4,B-Tail-P:0.25,0.018213419459198334,30
G2,2,4,64,4,B-Tail-P:0.5,0.01743407484930218,30
G2,2,4,64,4,H-Conditional-FilterThenK,0.023727421744493268,30
G2,2,4,64,4,REF-EB,0.006332558391387964,30
G2,2,4,64,16,A-Absolute:0.5,0.007956431251713542,30
G2,2,4,64,16,A-Mean,0.00827498712119067,30
G2,2,4,64,16,A-Tail-P:0.5,0.00795781729302464,30
G2,2,4,64,16,B-Max,0.008746368770589536,30
G2,2,4,64,16,B-Tail-P:0.25,0.00840693165153163,30
G2,2,4,64,16,B-Tail-P:0.5,0.007882806369408036,30
G2,2,4,64,16,H-Conditional-FilterThenK,0.0097073068932883,30
G2,2,4,64,16,REF-EB,0.005169770950299831,30
G2,2,4,64,64,A-Absolute:0.5,0.0035884534780187254,30
G2,2,4,64,64,A-Mean,0.003454875207214283,30
G2,2,4,64,64,A-Tail-P:0.5,0.0033946003656885712,30
G2,2,4,64,64,B-Max,0.0021250700386530475,30
G2,2,4,64,64,B-Tail-P:0.25,0.003273057629615438,30
G2,2,4,64,64,B-Tail-P:0.5,0.003401522421200891,30
G2,2,4,64,64,H-Conditional-FilterThenK,0.003547609107885311,30
G2,2,4,64,64,REF-EB,0.003041780710472806,30
G2,2,4,256,0,A-Absolute:0.5,0.011781159188401807,30
G2,2,4,256,0,A-Mean,0.0020427452757758517,30
G2,2,4,256,0,A-Tail-P:0.5,0.0018059612911371314,30
G2,2,4,256,0,B-Max,0.011056907016427928,30
G2,2,4,256,0,B-Tail-P:0.25,0.0005801362574733407,30
G2,2,4,256,0,B-Tail-P:0.5,0.0018053759113562634,30
G2,2,4,256,0,H-Conditional-FilterThenK,0.0018053771366309556,30
G2,2,4,256,0,REF-EB,0.004513700130992855,30
G2,2,4,256,4,A-Absolute:0.5,0.010325701190519346,30
G2,2,4,256,4,A-Mean,0.008702060968720105,30
G2,2,4,256,4,A-Tail-P:0.5,0.010600629426196008,30
G2,2,4,256,4,B-Max,0.01167890358920805,30
G2,2,4,256,4,B-Tail-P:0.25,0.011031082965154315,30
G2,2,4,256,4,B-Tail-P:0.5,0.010535735063611447,30
G2,2,4,256,4,H-Conditional-FilterThenK,0.017486067329777456,30
G2,2,4,256,4,REF-EB,0.003883431820298137,30
G2,2,4,256,16,A-Absolute:0.5,0.005840531088299568,30
G2,2,4,256,16,A-Mean,0.00609632890296704,30
G2,2,4,256,16,A-Tail-P:0.5,0.005963697874396263,30
G2,2,4,256,16,B-Max,0.00943762129319087,30
G2,2,4,256,16,B-Tail-P:0.25,0.005501664553902897,30
G2,2,4,256,16,B-Tail-P:0.5,0.005955686267800502,30
G2,2,4,256,16,H-Conditional-FilterThenK,0.007960638419130197,30
G2,2,4,256,16,REF-EB,0.0035619465321152692,30
G2,2,4,256,64,A-Absolute:0.5,0.0032692716217656774,30
G2,2,4,256,64,A-Mean,0.0030607104463567765,30
G2,2,4,256,64,A-Tail-P:0.5,0.0030055315902867866,30
G2,2,4,256,64,B-Max,0.0012133059811004093,30
G2,2,4,256,64,B-Tail-P:0.25,0.0027083637743284383,30
G2,2,4,256,64,B-Tail-P:0.5,0.002992964261555345,30
G2,2,4,256,64,H-Conditional-FilterThenK,0.0031182767532052648,30
G2,2,4,256,64,REF-EB,0.0027698559502179155,30
G2,2,5,64,0,A-Absolute:0.5,0.13362224841188042,30
G2,2,5,64,0,A-Mean,0.1188932776670637,30
G2,2,5,64,0,A-Tail-P:0.5,0.11772222766371886,30
G2,2,5,64,0,B-Max,0.0895424901870483,30
G2,2,5,64,0,B-Tail-P:0.25,0.12978439431932615,30
G2,2,5,64,0,B-Tail-P:0.5,0.11790482185814509,30
G2,2,5,64,0,H-Conditional-FilterThenK,0.11790482185811828,30
G2,2,5,64,0,REF-EB,0.14397697050974992,30
G2,2,5,64,4,A-Absolute:0.5,0.0961177151527234,30
G2,2,5,64,4,A-Mean,0.06804707602571552,30
G2,2,5,64,4,A-Tail-P:0.5,0.06598743211671355,30
G2,2,5,64,4,B-Max,0.07396579569621281,30
G2,2,5,64,4,B-Tail-P:0.25,0.06048863338226716,30
G2,2,5,64,4,B-Tail-P:0.5,0.06597460112162887,30
G2,2,5,64,4,H-Conditional-FilterThenK,0.05342187970472075,30
G2,2,5,64,4,REF-EB,0.11326952230513629,30
G2,2,5,64,16,A-Absolute:0.5,0.02920651090255412,30
G2,2,5,64,16,A-Mean,0.019688305210650386,30
G2,2,5,64,16,A-Tail-P:0.5,0.020458883747976764,30
G2,2,5,64,16,B-Max,0.07002250964921228,30
G2,2,5,64,16,B-Tail-P:0.25,0.02131438000306045,30
G2,2,5,64,16,B-Tail-P:0.5,0.0204911403606025,30
G2,2,5,64,16,H-Conditional-FilterThenK,0.017805682919530455,30
G2,2,5,64,16,REF-EB,0.05299882566299996,30
G2,2,5,64,64,A-Absolute:0.5,0.0026633261022771045,30
G2,2,5,64,64,A-Mean,0.0012949337201693795,30
G2,2,5,64,64,A-Tail-P:0.5,0.00126228178008269,30
G2,2,5,64,64,B-Max,0.06771457641502186,30
G2,2,5,64,64,B-Tail-P:0.25,0.0014435141111123048,30
G2,2,5,64,64,B-Tail-P:0.5,0.0012413598476712052,30
G2,2,5,64,64,H-Conditional-FilterThenK,0.0011791472603541837,30
G2,2,5,64,64,REF-EB,0.002883269134562882,30
G2,2,5,256,0,A-Absolute:0.5,0.1331672395216509,30
G2,2,5,256,0,A-Mean,0.118213133677941,30
G2,2,5,256,0,A-Tail-P:0.5,0.11768178800156417,30
G2,2,5,256,0,B-Max,0.08889296156688377,30
G2,2,5,256,0,B-Tail-P:0.25,0.12928530945558295,30
G2,2,5,256,0,B-Tail-P:0.5,0.11768170198673643,30
G2,2,5,256,0,H-Conditional-FilterThenK,0.11768193658427277,30
G2,2,5,256,0,REF-EB,0.1448673492969537,30
G2,2,5,256,4,A-Absolute:0.5,0.07705937757078993,30
G2,2,5,256,4,A-Mean,0.05247418653365388,30
G2,2,5,256,4,A-Tail-P:0.5,0.05303942810348765,30
G2,2,5,256,4,B-Max,0.07453576459409851,30
G2,2,5,256,4,B-Tail-P:0.25,0.0531170500443323,30
G2,2,5,256,4,B-Tail-P:0.5,0.05307285281957829,30
G2,2,5,256,4,H-Conditional-FilterThenK,0.04913573526919097,30
G2,2,5,256,4,REF-EB,0.10088963113490891,30
G2,2,5,256,16,A-Absolute:0.5,0.013734902513611405,30
G2,2,5,256,16,A-Mean,0.007370926473496393,30
G2,2,5,256,16,A-Tail-P:0.5,0.007593131943980426,30
G2,2,5,256,16,B-Max,0.0677985672833324,30
G2,2,5,256,16,B-Tail-P:0.25,0.009292404506715323,30
G2,2,5,256,16,B-Tail-P:0.5,0.007597401897966987,30
G2,2,5,256,16,H-Conditional-FilterThenK,0.006095343744165766,30
G2,2,5,256,16,REF-EB,0.04307634120629846,30
G2,2,5,256,64,A-Absolute:0.5,0.002437585506412284,30
G2,2,5,256,64,A-Mean,0.000894956431522717,30
G2,2,5,256,64,A-Tail-P:0.5,0.0008629558537837161,30
G2,2,5,256,64,B-Max,0.06730852287716867,30
G2,2,5,256,64,B-Tail-P:0.25,0.0011772206155867204,30
G2,2,5,256,64,B-Tail-P:0.5,0.0008743949129809348,30
G2,2,5,256,64,H-Conditional-FilterThenK,0.0008401765683727486,30
G2,2,5,256,64,REF-EB,0.0024305160778444117,30
G2,2,6,64,0,A-Absolute:0.5,0.0920479102501456,30
G2,2,6,64,0,A-Mean,0.07956936081507983,30
G2,2,6,64,0,A-Tail-P:0.5,0.08050847045649992,30
G2,2,6,64,0,B-Max,0.11109512144217135,30
G2,2,6,64,0,B-Tail-P:0.25,0.06873000439970262,30
G2,2,6,64,0,B-Tail-P:0.5,0.08027759089709299,30
G2,2,6,64,0,H-Conditional-FilterThenK,0.08027759084567794,30
G2,2,6,64,0,REF-EB,0.08089170301343394,30
G2,2,6,64,4,A-Absolute:0.5,0.05977691623279549,30
G2,2,6,64,4,A-Mean,0.03968982779039399,30
G2,2,6,64,4,A-Tail-P:0.5,0.04014779268077547,30
G2,2,6,64,4,B-Max,0.04558431482059431,30
G2,2,6,64,4,B-Tail-P:0.25,0.039667387999111306,30
G2,2,6,64,4,B-Tail-P:0.5,0.040174915150070226,30
G2,2,6,64,4,H-Conditional-FilterThenK,0.03348365235732948,30
G2,2,6,64,4,REF-EB,0.060559972672380794,30
G2,2,6,64,16,A-Absolute:0.5,0.022414373883110857,30
G2,2,6,64,16,A-Mean,0.014048131559356407,30
G2,2,6,64,16,A-Tail-P:0.5,0.013662392581553424,30
G2,2,6,64,16,B-Max,0.034075868108978856,30
G2,2,6,64,16,B-Tail-P:0.25,0.013981047045664855,30
G2,2,6,64,16,B-Tail-P:0.5,0.013594917899588962,30
G2,2,6,64,16,H-Conditional-FilterThenK,0.012589484756788318,30
G2,2,6,64,16,REF-EB,0.02434997697233399,30
G2,2,6,64,64,A-Absolute:0.5,0.004509215825316806,30
G2,2,6,64,64,A-Mean,0.003318810585421369,30
G2,2,6,64,64,A-Tail-P:0.5,0.0033299628618009736,30
G2,2,6,64,64,B-Max,0.041892260794501285,30
G2,2,6,64,64,B-Tail-P:0.25,0.0033997926546055993,30
G2,2,6,64,64,B-Tail-P:0.5,0.003409790652835454,30
G2,2,6,64,64,H-Conditional-FilterThenK,0.003243169265880205,30
G2,2,6,64,64,REF-EB,0.0036901019033236306,30
G2,2,6,256,0,A-Absolute:0.5,0.09080581980630259,30
G2,2,6,256,0,A-Mean,0.07854127338980327,30
G2,2,6,256,0,A-Tail-P:0.5,0.07865121156678473,30
G2,2,6,256,0,B-Max,0.11086387096010678,30
G2,2,6,256,0,B-Tail-P:0.25,0.06791949003018684,30
G2,2,6,256,0,B-Tail-P:0.5,0.07867543978983225,30
G2,2,6,256,0,H-Conditional-FilterThenK,0.078675437357292,30
G2,2,6,256,0,REF-EB,0.07979456993945191,30
G2,2,6,256,4,A-Absolute:0.5,0.05859112509080687,30
G2,2,6,256,4,A-Mean,0.04192516956817043,30
G2,2,6,256,4,A-Tail-P:0.5,0.04266967720846932,30
G2,2,6,256,4,B-Max,0.0462633577985949,30
G2,2,6,256,4,B-Tail-P:0.25,0.040938232785468244,30
G2,2,6,256,4,B-Tail-P:0.5,0.04263884979230069,30
G2,2,6,256,4,H-Conditional-FilterThenK,0.03747844431691116,30
G2,2,6,256,4,REF-EB,0.05943312356341421,30
G2,2,6,256,16,A-Absolute:0.5,0.01899016014334889,30
G2,2,6,256,16,A-Mean,0.012788694275850252,30
G2,2,6,256,16,A-Tail-P:0.5,0.012853668992877171,30
G2,2,6,256,16,B-Max,0.031163843171218123,30
G2,2,6,256,16,B-Tail-P:0.25,0.013656713840604264,30
G2,2,6,256,16,B-Tail-P:0.5,0.012867534906324161,30
G2,2,6,256,16,H-Conditional-FilterThenK,0.011671890564104332,30
G2,2,6,256,16,REF-EB,0.02086864804777061,30
G2,2,6,256,64,A-Absolute:0.5,0.005085128809879138,30
G2,2,6,256,64,A-Mean,0.003160707259246185,30
G2,2,6,256,64,A-Tail-P:0.5,0.003175952337615725,30
G2,2,6,256,64,B-Max,0.0443317224822705,30
G2,2,6,256,64,B-Tail-P:0.25,0.0030672200814695276,30
G2,2,6,256,64,B-Tail-P:0.5,0.0031917971824008814,30
G2,2,6,256,64,H-Conditional-FilterThenK,0.002998048762316172,30
G2,2,6,256,64,REF-EB,0.004047527062418041,30
G2,2,7,64,0,A-Absolute:0.5,0.0825612367728493,30
G2,2,7,64,0,A-Mean,0.05001564789887568,30
G2,2,7,64,0,A-Tail-P:0.5,0.04365459050738941,30
G2,2,7,64,0,B-Max,0.027705953738168018,30
G2,2,7,64,0,B-Tail-P:0.25,0.046310416911690064,30
G2,2,7,64,0,B-Tail-P:0.5,0.043692606147505156,30
G2,2,7,64,0,H-Conditional-FilterThenK,0.04369260581436743,30
G2,2,7,64,0,REF-EB,0.048139595701037194,30
G2,2,7,64,4,A-Absolute:0.5,0.045143763502150415,30
G2,2,7,64,4,A-Mean,0.02972775790046943,30
G2,2,7,64,4,A-Tail-P:0.5,0.028096571974718734,30
G2,2,7,64,4,B-Max,0.04048684275774513,30
G2,2,7,64,4,B-Tail-P:0.25,0.026122718631057175,30
G2,2,7,64,4,B-Tail-P:0.5,0.02809995833484495,30
G2,2,7,64,4,H-Conditional-FilterThenK,0.027750974837101854,30
G2,2,7,64,4,REF-EB,0.03603031743925908,30
G2,2,7,64,16,A-Absolute:0.5,0.014161105404777332,30
G2,2,7,64,16,A-Mean,0.013989628006405849,30
G2,2,7,64,16,A-Tail-P:0.5,0.014078212625711635,30
G2,2,7,64,16,B-Max,0.037855932562207185,30
G2,2,7,64,16,B-Tail-P:0.25,0.013942279668814722,30
G2,2,7,64,16,B-Tail-P:0.5,0.014030007730101966,30
G2,2,7,64,16,H-Conditional-FilterThenK,0.015338936283128286,30
G2,2,7,64,16,REF-EB,0.013575554104519575,30
G2,2,7,64,64,A-Absolute:0.5,0.004236192651401255,30
G2,2,7,64,64,A-Mean,0.004420073515908284,30
G2,2,7,64,64,A-Tail-P:0.5,0.004323728546410608,30
G2,2,7,64,64,B-Max,0.040281998147457816,30
G2,2,7,64,64,B-Tail-P:0.25,0.004323651192122591,30
G2,2,7,64,64,B-Tail-P:0.5,0.00437327652020869,30
G2,2,7,64,64,H-Conditional-FilterThenK,0.004351049251676574,30
G2,2,7,64,64,REF-EB,0.004148491479478008,30
G2,2,7,256,0,A-Absolute:0.5,0.08217963512739734,30
G2,2,7,256,0,A-Mean,0.04925645667035467,30
G2,2,7,256,0,A-Tail-P:0.5,0.04315751981839514,30
G2,2,7,256,0,B-Max,0.026161117818583945,30
G2,2,7,256,0,B-Tail-P:0.25,0.045687597781570416,30
G2,2,7,256,0,B-Tail-P:0.5,0.04317640837126615,30
G2,2,7,256,0,H-Conditional-FilterThenK,0.043176406258387874,30
G2,2,7,256,0,REF-EB,0.048987987507579815,30
G2,2,7,256,4,A-Absolute:0.5,0.03647879824331738,30
G2,2,7,256,4,A-Mean,0.02430657592237306,30
G2,2,7,256,4,A-Tail-P:0.5,0.023062542640390624,30
G2,2,7,256,4,B-Max,0.037658970011337695,30
G2,2,7,256,4,B-Tail-P:0.25,0.022633249424584913,30
G2,2,7,256,4,B-Tail-P:0.5,0.023114486060994244,30
G2,2,7,256,4,H-Conditional-FilterThenK,0.02329082531820362,30
G2,2,7,256,4,REF-EB,0.029253199475256304,30
G2,2,7,256,16,A-Absolute:0.5,0.01803283030302024,30
G2,2,7,256,16,A-Mean,0.019589023673810893,30
G2,2,7,256,16,A-Tail-P:0.5,0.01964291541358114,30
G2,2,7,256,16,B-Max,0.03761401173284487,30
G2,2,7,256,16,B-Tail-P:0.25,0.0187048767456956,30
G2,2,7,256,16,B-Tail-P:0.5,0.019601107810813166,30
G2,2,7,256,16,H-Conditional-FilterThenK,0.02038547001437756,30
G2,2,7,256,16,REF-EB,0.020191822129041324,30
G2,2,7,256,64,A-Absolute:0.5,0.002982194607961941,30
G2,2,7,256,64,A-Mean,0.0032193133247628296,30
G2,2,7,256,64,A-Tail-P:0.5,0.0032211040521231585,30
G2,2,7,256,64,B-Max,0.039206298257413605,30
G2,2,7,256,64,B-Tail-P:0.25,0.003144649703234466,30
G2,2,7,256,64,B-Tail-P:0.5,0.003229362008531969,30
G2,2,7,256,64,H-Conditional-FilterThenK,0.003297149282827053,30
G2,2,7,256,64,REF-EB,0.0030463824337834348,30
