kind,method,baseline,difference,low,high,resamples,interpretation
G1,A-Absolute:0.5,A-Mean,0.0008923039495801995,0.0005631934162821826,0.0014067633155904619,1000,"descriptive hierarchical bootstrap; family resampling, fixed parameter/information strata, paired repetition resampling; only three families"
G1,A-Tail-P:0.5,A-Mean,5.7222417653288624e-05,-5.782618144348707e-06,0.00014007567091186277,1000,"descriptive hierarchical bootstrap; family resampling, fixed parameter/information strata, paired repetition resampling; only three families"
G1,B-Max,A-Mean,0.0008779365615706375,0.0006415275445233638,0.0011167129192592687,1000,"descriptive hierarchical bootstrap; family resampling, fixed parameter/information strata, paired repetition resampling; only three families"
G1,B-Tail-P:0.25,A-Mean,0.00019607215112646474,2.0926233664164223e-05,0.0003871631032416484,1000,"descriptive hierarchical bootstrap; family resampling, fixed parameter/information strata, paired repetition resampling; only three families"
G1,B-Tail-P:0.5,A-Mean,5.882995852915208e-05,2.4782371367886278e-06,0.00012384353760528272,1000,"descriptive hierarchical bootstrap; family resampling, fixed parameter/information strata, paired repetition resampling; only three families"
G1,H-Conditional-FilterThenK,A-Mean,0.0003022930906902314,0.000179528326524327,0.00045069882088756086,1000,"descriptive hierarchical bootstrap; family resampling, fixed parameter/information strata, paired repetition resampling; only three families"
G1,A-Absolute:0.5,REF-EB,0.0003137108870698871,-0.0002704130263219315,0.0012363766240107259,1000,"descriptive hierarchical bootstrap; family resampling, fixed parameter/information strata, paired repetition resampling; only three families"
G1,A-Tail-P:0.5,REF-EB,-0.0005213706448570238,-0.0008753907763136106,1.7960438800590902e-05,1000,"descriptive hierarchical bootstrap; family resampling, fixed parameter/information strata, paired repetition resampling; only three families"
G1,B-Max,REF-EB,0.00029934349906032495,-0.0001302702284702548,0.0007430642925172575,1000,"descriptive hierarchical bootstrap; family resampling, fixed parameter/information strata, paired repetition resampling; only three families"
G1,B-Tail-P:0.25,REF-EB,-0.0003825209113838477,-0.0008130776550410849,0.00022596110226249394,1000,"descriptive hierarchical bootstrap; family resampling, fixed parameter/information strata, paired repetition resampling; only three families"
G1,B-Tail-P:0.5,REF-EB,-0.0005197631039811604,-0.0008746932779369858,9.488843708599146e-06,1000,"descriptive hierarchical bootstrap; family resampling, fixed parameter/information strata, paired repetition resampling; only three families"
G1,H-Conditional-FilterThenK,REF-EB,-0.0002762999718200811,-0.0006747211983755407,0.00030943709542081906,1000,"descriptive hierarchical bootstrap; family resampling, fixed parameter/information strata, paired repetition resampling; only three families"
G2,A-Absolute:0.5,A-Mean,0.0028737233974512394,0.00045695378698990045,0.005133953986364371,1000,"descriptive hierarchical bootstrap; family resampling, fixed parameter/information strata, paired repetition resampling; only three families"
G2,A-Tail-P:0.5,A-Mean,0.00015611074544371071,-3.630675392909612e-05,0.00030972604221354654,1000,"descriptive hierarchical bootstrap; family resampling, fixed parameter/information strata, paired repetition resampling; only three families"
G2,B-Max,A-Mean,0.01688476986307646,0.0009780337900793844,0.025193858711543025,1000,"descriptive hierarchical bootstrap; family resampling, fixed parameter/information strata, paired repetition resampling; only three families"
G2,B-Tail-P:0.25,A-Mean,0.0005702861217250876,-6.600098114253151e-05,0.0010301302794224127,1000,"descriptive hierarchical bootstrap; family resampling, fixed parameter/information strata, paired repetition resampling; only three families"
G2,B-Tail-P:0.5,A-Mean,0.000165402782824552,-3.238343744224112e-05,0.00032815873804982704,1000,"descriptive hierarchical bootstrap; family resampling, fixed parameter/information strata, paired repetition resampling; only three families"
G2,H-Conditional-FilterThenK,A-Mean,0.00015169909839263037,-5.116292430311856e-05,0.00042231396755787714,1000,"descriptive hierarchical bootstrap; family resampling, fixed parameter/information strata, paired repetition resampling; only three families"
G2,A-Absolute:0.5,REF-EB,-0.0009104145002323421,-0.0022448266659505366,-3.720350684197006e-07,1000,"descriptive hierarchical bootstrap; family resampling, fixed parameter/information strata, paired repetition resampling; only three families"
G2,A-Tail-P:0.5,REF-EB,-0.0036280271522398716,-0.007222762875686404,-0.000977309065203192,1000,"descriptive hierarchical bootstrap; family resampling, fixed parameter/information strata, paired repetition resampling; only three families"
G2,B-Max,REF-EB,0.013100631965392871,4.552297274031407e-05,0.021482555614495656,1000,"descriptive hierarchical bootstrap; family resampling, fixed parameter/information strata, paired repetition resampling; only three families"
G2,B-Tail-P:0.25,REF-EB,-0.0032138517759584947,-0.006719137214476337,-0.0010234368113117762,1000,"descriptive hierarchical bootstrap; family resampling, fixed parameter/information strata, paired repetition resampling; only three families"
G2,B-Tail-P:0.5,REF-EB,-0.003618735114859031,-0.007156514297247853,-0.0009821431006031799,1000,"descriptive hierarchical bootstrap; family resampling, fixed parameter/information strata, paired repetition resampling; only three families"
G2,H-Conditional-FilterThenK,REF-EB,-0.003632438799290952,-0.007247098647421155,-0.0009640531360552438,1000,"descriptive hierarchical bootstrap; family resampling, fixed parameter/information strata, paired repetition resampling; only three families"
