family_id,point_id,method,mean,count
0,0,A-Absolute:0.5,0.0020452045070791193,30
0,0,A-Mean,0.000947915685283624,30
0,0,A-Tail-P:0.5,0.0007594401832668015,30
0,0,B-Max,0.0005594064318155478,30
0,0,B-Tail-P:0.25,0.0006438273388706745,30
0,0,B-Tail-P:0.5,0.0007765714503728422,30
0,0,H-Conditional-FilterThenK,0.0006131230823834628,30
0,0,REF-EB,0.000556675987683749,30
0,1,A-Absolute:0.5,0.010611066163214028,30
0,1,A-Mean,0.008325771061924597,30
0,1,A-Tail-P:0.5,0.009438784607688579,30
0,1,B-Max,0.011526556581666802,30
0,1,B-Tail-P:0.25,0.01018124313325288,30
0,1,B-Tail-P:0.5,0.009403268587875732,30
0,1,H-Conditional-FilterThenK,0.01010274556102051,30
0,1,REF-EB,0.00712565150686757,30
0,2,A-Absolute:0.5,0.010293378420984038,30
0,2,A-Mean,0.009456311793731987,30
0,2,A-Tail-P:0.5,0.009586709292798019,30
0,2,B-Max,0.009700893019519976,30
0,2,B-Tail-P:0.25,0.010029972397424378,30
0,2,B-Tail-P:0.5,0.00952385548695266,30
0,2,H-Conditional-FilterThenK,0.010019048018365041,30
0,2,REF-EB,0.010907367822821461,30
0,3,A-Absolute:0.5,0.009168825194631362,30
0,3,A-Mean,0.004490112816483775,30
0,3,A-Tail-P:0.5,0.004439327342226585,30
0,3,B-Max,0.005710596082816737,30
0,3,B-Tail-P:0.25,0.004826998403851945,30
0,3,B-Tail-P:0.5,0.0044308554537282295,30
0,3,H-Conditional-FilterThenK,0.004872954938238381,30
0,3,REF-EB,0.0037806339589025466,30
0,4,A-Absolute:0.5,0.0008879847486500209,30
0,4,A-Mean,0.001819729369429956,30
0,4,A-Tail-P:0.5,0.0017221840781371125,30
0,4,B-Max,0.0014034966921158524,30
0,4,B-Tail-P:0.25,0.0016936189236503303,30
0,4,B-Tail-P:0.5,0.0017285602402563386,30
0,4,H-Conditional-FilterThenK,0.0017336750499597525,30
0,4,REF-EB,0.00316670148430881,30
0,5,A-Absolute:0.5,0.010402468614605401,30
0,5,A-Mean,0.0052173667676983365,30
0,5,A-Tail-P:0.5,0.00516472821760967,30
0,5,B-Max,0.0062356556156497964,30
0,5,B-Tail-P:0.25,0.005228054632319099,30
0,5,B-Tail-P:0.5,0.005110308501491945,30
0,5,H-Conditional-FilterThenK,0.00527421613820398,30
0,5,REF-EB,0.004618455678288924,30
0,6,A-Absolute:0.5,0.0015178846629420328,30
0,6,A-Mean,0.004926245530723278,30
0,6,A-Tail-P:0.5,0.005553036715359603,30
0,6,B-Max,0.00778118182921921,30
0,6,B-Tail-P:0.25,0.006128585773170756,30
0,6,B-Tail-P:0.5,0.00556056683509856,30
0,6,H-Conditional-FilterThenK,0.006627437648087287,30
0,6,REF-EB,0.006266674732977875,30
0,7,A-Absolute:0.5,0.0031530805937445856,30
0,7,A-Mean,0.0015463665911260643,30
0,7,A-Tail-P:0.5,0.0012510217649850726,30
0,7,B-Max,0.0009072550366727136,30
0,7,B-Tail-P:0.25,0.001065585325127159,30
0,7,B-Tail-P:0.5,0.0012548964557095087,30
0,7,H-Conditional-FilterThenK,0.0010713176662377625,30
0,7,REF-EB,0.0011825061690178627,30
1,0,A-Absolute:0.5,0.0019284539789100892,30
1,0,A-Mean,0.000729796250013044,30
1,0,A-Tail-P:0.5,0.0006761509986970942,30
1,0,B-Max,0.0004038507015921206,30
1,0,B-Tail-P:0.25,0.0006504980573659947,30
1,0,B-Tail-P:0.5,0.0006841083731613634,30
1,0,H-Conditional-FilterThenK,0.00036953487241406273,30
1,0,REF-EB,0.0005243957835351711,30
1,1,A-Absolute:0.5,0.005613289457820606,30
1,1,A-Mean,0.00753090624374555,30
1,1,A-Tail-P:0.5,0.00769709067438662,30
1,1,B-Max,0.010651302490260755,30
1,1,B-Tail-P:0.25,0.008429601888387197,30
1,1,B-Tail-P:0.5,0.007715659676450539,30
1,1,H-Conditional-FilterThenK,0.00859713692502676,30
1,1,REF-EB,0.00726240575157307,30
1,2,A-Absolute:0.5,0.012264340690244263,30
1,2,A-Mean,0.0075874324072955955,30
1,2,A-Tail-P:0.5,0.0076552889757414335,30
1,2,B-Max,0.010127334881369049,30
1,2,B-Tail-P:0.25,0.007766445724268599,30
1,2,B-Tail-P:0.5,0.007618401616440761,30
1,2,H-Conditional-FilterThenK,0.009015470482497475,30
1,2,REF-EB,0.00867009058547739,30
1,3,A-Absolute:0.5,0.0017761985315259765,30
1,3,A-Mean,0.0021320804481273345,30
1,3,A-Tail-P:0.5,0.0021312883604414443,30
1,3,B-Max,0.002924105962694712,30
1,3,B-Tail-P:0.25,0.002059726553268235,30
1,3,B-Tail-P:0.5,0.0021492485230178,30
1,3,H-Conditional-FilterThenK,0.0017992030891514495,30
1,3,REF-EB,0.00239586656143067,30
1,4,A-Absolute:0.5,0.0051530453054131455,30
1,4,A-Mean,0.0032600012145962056,30
1,4,A-Tail-P:0.5,0.0031226414933842647,30
1,4,B-Max,0.002466856084092146,30
1,4,B-Tail-P:0.25,0.003170195625577327,30
1,4,B-Tail-P:0.5,0.0031541016644598048,30
1,4,H-Conditional-FilterThenK,0.002967820300801231,30
1,4,REF-EB,0.003449235980158462,30
1,5,A-Absolute:0.5,0.001625575552373802,30
1,5,A-Mean,0.005302936673379066,30
1,5,A-Tail-P:0.5,0.005411737857533566,30
1,5,B-Max,0.00744341928596639,30
1,5,B-Tail-P:0.25,0.005698184403237375,30
1,5,B-Tail-P:0.5,0.005442404398874374,30
1,5,H-Conditional-FilterThenK,0.0050992846150840175,30
1,5,REF-EB,0.011706676391055125,30
1,6,A-Absolute:0.5,0.008637683744967877,30
1,6,A-Mean,0.00395042326636653,30
1,6,A-Tail-P:0.5,0.003907945074678921,30
1,6,B-Max,0.0034780262566067887,30
1,6,B-Tail-P:0.25,0.0036421770627013384,30
1,6,B-Tail-P:0.5,0.003885225333740025,30
1,6,H-Conditional-FilterThenK,0.0042887308765478865,30
1,6,REF-EB,0.005945753983766151,30
1,7,A-Absolute:0.5,0.0048537832507087545,30
1,7,A-Mean,0.005893832612966336,30
1,7,A-Tail-P:0.5,0.005981176486898828,30
1,7,B-Max,0.00776307109096956,30
1,7,B-Tail-P:0.25,0.006537382447943009,30
1,7,B-Tail-P:0.5,0.0059913060133623556,30
1,7,H-Conditional-FilterThenK,0.006367768380154602,30
1,7,REF-EB,0.003056531435464893,30
2,0,A-Absolute:0.5,0.0017768598332387202,30
2,0,A-Mean,0.0008149528420563306,30
2,0,A-Tail-P:0.5,0.0007620780377011855,30
2,0,B-Max,0.0005708274669722054,30
2,0,B-Tail-P:0.25,0.0007029962429424869,30
2,0,B-Tail-P:0.5,0.0007559986249268521,30
2,0,H-Conditional-FilterThenK,0.0005983785682409563,30
2,0,REF-EB,0.0005776669589013104,30
2,1,A-Absolute:0.5,0.00626725137935759,30
2,1,A-Mean,0.007863465180165636,30
2,1,A-Tail-P:0.5,0.007538896211151124,30
2,1,B-Max,0.010258329125811283,30
2,1,B-Tail-P:0.25,0.00754603742203092,30
2,1,B-Tail-P:0.5,0.007537948063776384,30
2,1,H-Conditional-FilterThenK,0.008047550401344954,30
2,1,REF-EB,0.00747084791609065,30
2,2,A-Absolute:0.5,0.010717612790868532,30
2,2,A-Mean,0.007239293789968309,30
2,2,A-Tail-P:0.5,0.007814192000018866,30
2,2,B-Max,0.007804765380804595,30
2,2,B-Tail-P:0.25,0.007710401605132589,30
2,2,B-Tail-P:0.5,0.007944556764895711,30
2,2,H-Conditional-FilterThenK,0.00890117759604892,30
2,2,REF-EB,0.007998330050492993,30
2,3,A-Absolute:0.5,0.0008377398564612342,30
2,3,A-Mean,0.0017379145160118675,30
2,3,A-Tail-P:0.5,0.0018392406569626353,30
2,3,B-Max,0.0021199250269205417,30
2,3,B-Tail-P:0.25,0.002065817700415775,30
2,3,B-Tail-P:0.5,0.0018090647660609386,30
2,3,H-Conditional-FilterThenK,0.0017004231266167051,30
2,3,REF-EB,0.002161929047116927,30
2,4,A-Absolute:0.5,0.004512216456970036,30
2,4,A-Mean,0.001727281364236876,30
2,4,A-Tail-P:0.5,0.0017746752637261961,30
2,4,B-Max,0.0013519645438566526,30
2,4,B-Tail-P:0.25,0.001653736884365925,30
2,4,B-Tail-P:0.5,0.0017736198057940402,30
2,4,H-Conditional-FilterThenK,0.0018620887071769071,30
2,4,REF-EB,0.0025162320135001617,30
2,5,A-Absolute:0.5,0.0009605731830639889,30
2,5,A-Mean,0.002796747221095799,30
2,5,A-Tail-P:0.5,0.0028480562152332508,30
2,5,B-Max,0.004002737347648128,30
2,5,B-Tail-P:0.25,0.0032267189422364915,30
2,5,B-Tail-P:0.5,0.0028282451397637475,30
2,5,H-Conditional-FilterThenK,0.00286914251531406,30
2,5,REF-EB,0.0030798996776213814,30
2,6,A-Absolute:0.5,0.0049889064391381195,30
2,6,A-Mean,0.0028499758831718827,30
2,6,A-Tail-P:0.5,0.0026549924371755424,30
2,6,B-Max,0.003049256962152404,30
2,6,B-Tail-P:0.25,0.0023420870329249,30
2,6,B-Tail-P:0.5,0.0026616030424040015,30
2,6,H-Conditional-FilterThenK,0.002698679074535802,30
2,6,REF-EB,0.005477258113113353,30
2,7,A-Absolute:0.5,0.0013186191028138202,30
2,7,A-Mean,0.001749888140204379,30
2,7,A-Tail-P:0.5,0.0015394027476788692,30
2,7,B-Max,0.0027264112503036925,30
2,7,B-Tail-P:0.25,0.0016025857763721269,30
2,7,B-Tail-P:0.5,0.001568291855887498,30
2,7,H-Conditional-FilterThenK,0.001654874212915944,30
2,7,REF-EB,0.0038851935798833465,30
