method,mean_excess,count,seconds,worst_group_excess,all_converged
A-ATK:0.25,0.00900414981136106,24,0.14612470000065514,0.022369916837667245,True
A-ATK:0.5,0.006033737587262109,24,0.07357100000081118,0.017049323400179457,True
A-Absolute:0.25,0.0015788352616020818,24,0.10595805000048131,0.015082300634744968,True
A-Absolute:0.5,-0.0015733578800713282,24,0.08461269999861543,0.005243724135259156,True
A-Max,0.020984979331902544,24,0.18376275000082387,0.05246873583085521,True
A-Mean,0.0,24,0.0037693000012950506,0.0,True
A-Tail-P:0.25,0.0009622438135009443,24,0.20703479999792762,0.010356873286525018,True
A-Tail-P:0.5,0.0006042938089314398,24,0.1125118999989354,0.0026707224586623897,True
A-Tail-U:0.25,0.026867211981150423,24,0.15405825000016193,0.06533024850793838,True
A-Tail-U:0.5,0.027711254261306006,24,0.11459634999846458,0.06769092206994513,True
B-ATK:0.25,0.004989813460822403,24,0.17624529999920924,0.014700118222885309,True
B-ATK:0.5,0.0029939803679836278,24,0.09780655000031402,0.009731080918222453,True
B-Max,0.013040434010946437,24,0.267332899999019,0.03522356739076655,True
B-Mean,1.491771628180081e-16,24,0.004280749999452382,1.5635277318140594e-15,True
B-Tail-P:0.25,0.00080826672256093,24,0.1879740500007756,0.009994544310576977,True
B-Tail-P:0.5,0.0006469563606337801,24,0.09368494999944232,0.0026567075269929323,True
B-Tail-U:0.25,0.020705711741575813,24,0.17647215000033611,0.055863821489326504,True
B-Tail-U:0.5,0.022269655995629745,24,0.08601509999971313,0.05982931646459994,True
C-Budget:0.25,0.017998252065346467,24,0.14312360000076296,0.054110078233515,True
C-Budget:0.5,0.019935107063970173,24,0.1235989500019059,0.05628177626523309,True
C-Budget:1.0,0.024129741740047516,24,0.11708494999948016,0.06243150264479524,True
C-LP-Max:0.01,0.0008483109547666022,24,0.39212310000038997,0.014344556243659757,True
C-LP-Max:0.1,0.005414371830553495,24,0.24101840000184893,0.020386011623388236,True
C-LP-Max:1.0,0.014943296132759026,24,0.15106044999993173,0.04716993740147254,True
C-LP-Tail:0.01,0.01775109144493583,24,0.042520899998635286,0.05074878776876994,True
C-LP-Tail:0.1,0.015681395231251713,24,0.03373095000097237,0.052500919648576456,True
C-LP-Tail:1.0,0.01562573710292107,24,0.023367050000160816,0.05254026774116253,False
C-LR:0.01,0.026532743130698085,24,0.02476089999981923,0.06760108222004804,True
C-LR:0.1,0.024706445073192296,24,0.02499914999862085,0.05834606731326773,True
C-LR:1.0,0.020971960921909717,24,0.03059814999869559,0.05104112692242464,True
C-Soft-Cond:0.01,0.001721168047550612,24,0.09206774999984191,0.013179365631189459,True
C-Soft-Cond:0.1,-0.0003569572498235164,24,0.06245840000156022,0.002688472036313866,True
C-Soft-Cond:1.0,-5.532602128243702e-05,24,0.0525066499994864,0.00029491235979954583,True
C-Soft:0.01,0.0016794853277826208,24,0.023909249999633175,0.013102993145405462,True
C-Soft:0.1,-0.00035815846266407564,24,0.015623199999026838,0.0026891207271861747,True
C-Soft:1.0,-5.534159134194873e-05,24,0.014036800001122174,0.0002950403805622677,True
H-Conditional-FilterThenK,-0.0016065404252262588,24,0.1310294500017335,0.002074677923499971,True
H-Conditional-PostSampleK,1.7909336063589213e-05,24,0.1536347500004922,0.0018799882417112135,True
H-Conditional-RankThenP,0.0008019983143729761,24,2.4339766000011878,0.0030554141700671537,False
H-Conditional-pR,0.0013329124482902726,24,0.021766199999547098,0.004570694366723538,True
H-FilterThenK,-0.0013254155405413297,24,0.11756215000059456,0.0018287991762292934,True
H-PostSampleK,0.001226075332965111,24,0.12368179999975837,0.006176015545674263,True
H-RankThenP,0.00043240632587706706,24,1.9280390000021725,0.0024475900665475794,False
H-pR,1.6762683175315493e-07,24,0.008477650000713766,0.000953415815719441,True
