truth,log_multiplier,rho,regret_over_t2
0,0,0.25,0.1604476634114355
0,0,0.5,0.1604476634114355
0,0,1.0,0.16462180431652615
0,20,0.25,6.27833330571669e-06
0,20,0.5,1.564392677973989e-06
0,20,1.0,3.9045175172429597e-07
0,80,0.25,2.83769743562514e-30
0,80,0.5,2.83769743562514e-30
0,80,1.0,2.83769743562514e-30
0,320,0.25,2.83769743562514e-30
0,320,0.5,2.83769743562514e-30
0,320,1.0,2.83769743562514e-30
1,0,0.25,0.1604476615048477
1,0,0.5,0.1604476615048477
1,0,1.0,0.0
1,20,0.25,0.0
1,20,0.5,0.0
1,20,1.0,0.0
1,80,0.25,0.0
1,80,0.5,0.0
1,80,1.0,0.0
1,320,0.25,0.0
1,320,0.5,0.0
1,320,1.0,0.0
