evidence,kind,method,attempted,valid,mean,p95,worst_test_cell,open_gaps
original_frozen,G1,A-Absolute:0.5,720,720,0.0050546684358219645,0.013231005380320175,0.012264340690244263,0
original_frozen,G1,A-Mean,720,720,0.004162364486241766,0.010206098196732565,0.009456311793731987,0
original_frozen,G1,A-Tail-P:0.5,720,720,0.004219586903895053,0.01022582657796639,0.009586709292798019,0
original_frozen,G1,B-Max,720,720,0.005040301047812403,0.011309415802321712,0.011526556581666802,0
original_frozen,G1,B-Tail-P:0.25,720,720,0.00435843663736823,0.010411937781364844,0.01018124313325288,0
original_frozen,G1,B-Tail-P:0.5,720,720,0.0042211944447709164,0.01015011010996199,0.00952385548695266,0
original_frozen,G1,H-Conditional-FilterThenK,720,720,0.0044646575769319964,0.01041105690084049,0.01010274556102051,0
original_frozen,G1,REF-EB,720,720,0.004740957548752077,0.011442415114845018,0.011706676391055125,0
original_frozen,G2,A-Absolute:0.5,5760,5760,0.02087978035131939,0.1099226284124391,0.2139095913426688,0
original_frozen,G2,A-Mean,5760,5760,0.01800605695386815,0.07873535972116992,0.1578558891848247,0
original_frozen,G2,A-Tail-P:0.5,5760,5760,0.018162167699311862,0.08484676480179683,0.1492770222801982,0
original_frozen,G2,B-Max,5760,5760,0.0348908268169446,0.1125984213168141,0.14521025986564495,0
original_frozen,G2,B-Tail-P:0.25,5760,5760,0.01857634307559324,0.090077356121009,0.14482043717579574,0
original_frozen,G2,B-Tail-P:0.5,5760,5760,0.0181714597366927,0.0849233978435942,0.14929348484397972,0
original_frozen,G2,H-Conditional-FilterThenK,5760,5760,0.01815775605226078,0.08501890024274941,0.1492934839864655,0
original_frozen,G2,REF-EB,5760,5760,0.021790194851551734,0.11051524436940093,0.168445926300368,0
supplement_exploratory,G1,C-LP-Max:0.01,720,720,0.004935427874750502,0.013408076914053574,0.008685029177190004,0
supplement_exploratory,G1,H-PostSampleK,720,720,0.0042713436492547155,0.01026582907645041,0.009646771349600545,0
supplement_exploratory,G2,C-LP-Max:0.01,5760,5760,0.020184149681300553,0.09884630242186226,0.14538291053044522,2
supplement_exploratory,G2,H-PostSampleK,5760,5760,0.018238936160065666,0.08597823938651397,0.1487768850503784,0
