stage,family_id,method,distribution,grid_points,weighted_risk,worst_point,grid_p90,interpretation
G1,0,A-Max,uniform,8,0.004409279508840325,0.007261134506866797,0.006645666974749998,"weighted finite eight-point grid, not continuous-prior integration"
G1,0,A-Max,center,8,0.0005898740871397838,0.007261134506866797,0.006645666974749998,"weighted finite eight-point grid, not continuous-prior integration"
G1,0,A-Max,edge-bimodal,8,0.005726017985080479,0.007261134506866797,0.006645666974749998,"weighted finite eight-point grid, not continuous-prior integration"
G1,0,A-Max,skew,8,0.001478951391348982,0.007261134506866797,0.006645666974749998,"weighted finite eight-point grid, not continuous-prior integration"
G1,0,A-Mean,uniform,8,0.0022483101455481307,0.004706219350308304,0.004249468412857906,"weighted finite eight-point grid, not continuous-prior integration"
G1,0,A-Mean,center,8,0.0008072203178637696,0.004706219350308304,0.004249468412857906,"weighted finite eight-point grid, not continuous-prior integration"
G1,0,A-Mean,edge-bimodal,8,0.0035295870086816342,0.004706219350308304,0.004249468412857906,"weighted finite eight-point grid, not continuous-prior integration"
G1,0,A-Mean,skew,8,0.001471236388909487,0.004706219350308304,0.004249468412857906,"weighted finite eight-point grid, not continuous-prior integration"
G1,0,A-Tail-P:0.25,uniform,8,0.0024262021914077856,0.004918641760058245,0.004832688020032593,"weighted finite eight-point grid, not continuous-prior integration"
G1,0,A-Tail-P:0.25,center,8,0.0007275450141355871,0.004918641760058245,0.004832688020032593,"weighted finite eight-point grid, not continuous-prior integration"
G1,0,A-Tail-P:0.25,edge-bimodal,8,0.0038971290906415633,0.004918641760058245,0.004832688020032593,"weighted finite eight-point grid, not continuous-prior integration"
G1,0,A-Tail-P:0.25,skew,8,0.0014668244022530508,0.004918641760058245,0.004832688020032593,"weighted finite eight-point grid, not continuous-prior integration"
G1,0,A-Tail-P:0.5,uniform,8,0.002308196507082202,0.00494948325960141,0.0043643715126072775,"weighted finite eight-point grid, not continuous-prior integration"
G1,0,A-Tail-P:0.5,center,8,0.0007627031494989742,0.00494948325960141,0.0043643715126072775,"weighted finite eight-point grid, not continuous-prior integration"
G1,0,A-Tail-P:0.5,edge-bimodal,8,0.0035596776876737858,0.00494948325960141,0.0043643715126072775,"weighted finite eight-point grid, not continuous-prior integration"
G1,0,A-Tail-P:0.5,skew,8,0.0014872649112090443,0.00494948325960141,0.0043643715126072775,"weighted finite eight-point grid, not continuous-prior integration"
G1,0,A-Tail-U:0.5,uniform,8,0.004180973519860879,0.007398659054842993,0.006466707526343283,"weighted finite eight-point grid, not continuous-prior integration"
G1,0,A-Tail-U:0.5,center,8,0.0004917889643861009,0.007398659054842993,0.006466707526343283,"weighted finite eight-point grid, not continuous-prior integration"
G1,0,A-Tail-U:0.5,edge-bimodal,8,0.005001631276205907,0.007398659054842993,0.006466707526343283,"weighted finite eight-point grid, not continuous-prior integration"
G1,0,A-Tail-U:0.5,skew,8,0.0014698642590780465,0.007398659054842993,0.006466707526343283,"weighted finite eight-point grid, not continuous-prior integration"
G1,0,Affine-MLE,uniform,8,0.0051137867202288995,0.009554293348675467,0.006548384904008085,"weighted finite eight-point grid, not continuous-prior integration"
G1,0,Affine-MLE,center,8,0.0048868397385927855,0.009554293348675467,0.006548384904008085,"weighted finite eight-point grid, not continuous-prior integration"
G1,0,Affine-MLE,edge-bimodal,8,0.005247979112746371,0.009554293348675467,0.006548384904008085,"weighted finite eight-point grid, not continuous-prior integration"
G1,0,Affine-MLE,skew,8,0.005489508201739146,0.009554293348675467,0.006548384904008085,"weighted finite eight-point grid, not continuous-prior integration"
G1,0,B-Max,uniform,8,0.0027216338452047887,0.005988671957797774,0.00506341853961415,"weighted finite eight-point grid, not continuous-prior integration"
G1,0,B-Max,center,8,0.00069875726925997,0.005988671957797774,0.00506341853961415,"weighted finite eight-point grid, not continuous-prior integration"
G1,0,B-Max,edge-bimodal,8,0.004675420918268308,0.005988671957797774,0.00506341853961415,"weighted finite eight-point grid, not continuous-prior integration"
G1,0,B-Max,skew,8,0.0014195350077549692,0.005988671957797774,0.00506341853961415,"weighted finite eight-point grid, not continuous-prior integration"
G1,0,B-Plugin,uniform,8,0.002340863824118344,0.004968411585300028,0.004269345286274441,"weighted finite eight-point grid, not continuous-prior integration"
G1,0,B-Plugin,center,8,0.0007860677918377678,0.004968411585300028,0.004269345286274441,"weighted finite eight-point grid, not continuous-prior integration"
G1,0,B-Plugin,edge-bimodal,8,0.003677032470269189,0.004968411585300028,0.004269345286274441,"weighted finite eight-point grid, not continuous-prior integration"
G1,0,B-Plugin,skew,8,0.001540319239151964,0.004968411585300028,0.004269345286274441,"weighted finite eight-point grid, not continuous-prior integration"
G1,0,B-Tail-P:0.25,uniform,8,0.0024286550029897027,0.005031925214631449,0.004842048735311598,"weighted finite eight-point grid, not continuous-prior integration"
G1,0,B-Tail-P:0.25,center,8,0.0007073820654785632,0.005031925214631449,0.004842048735311598,"weighted finite eight-point grid, not continuous-prior integration"
G1,0,B-Tail-P:0.25,edge-bimodal,8,0.0039472755767866324,0.005031925214631449,0.004842048735311598,"weighted finite eight-point grid, not continuous-prior integration"
G1,0,B-Tail-P:0.25,skew,8,0.0014621534584925995,0.005031925214631449,0.004842048735311598,"weighted finite eight-point grid, not continuous-prior integration"
G1,0,B-Tail-P:0.5,uniform,8,0.0022984423035558215,0.004900909415685455,0.004306107665446689,"weighted finite eight-point grid, not continuous-prior integration"
G1,0,B-Tail-P:0.5,center,8,0.0007701236226824243,0.004900909415685455,0.004306107665446689,"weighted finite eight-point grid, not continuous-prior integration"
G1,0,B-Tail-P:0.5,edge-bimodal,8,0.0035428172859828925,0.004900909415685455,0.004306107665446689,"weighted finite eight-point grid, not continuous-prior integration"
G1,0,B-Tail-P:0.5,skew,8,0.0014964721456237268,0.004900909415685455,0.004306107665446689,"weighted finite eight-point grid, not continuous-prior integration"
G1,0,B-Tail-U:0.5,uniform,8,0.002642364639538603,0.005854234661074502,0.005017023453219875,"weighted finite eight-point grid, not continuous-prior integration"
G1,0,B-Tail-U:0.5,center,8,0.0007550169013645965,0.005854234661074502,0.005017023453219875,"weighted finite eight-point grid, not continuous-prior integration"
G1,0,B-Tail-U:0.5,edge-bimodal,8,0.003936452531527566,0.005854234661074502,0.005017023453219875,"weighted finite eight-point grid, not continuous-prior integration"
G1,0,B-Tail-U:0.5,skew,8,0.001687272928721562,0.005854234661074502,0.005017023453219875,"weighted finite eight-point grid, not continuous-prior integration"
G1,0,C-Budget:0.25,uniform,8,0.002790678860584971,0.005000544378531628,0.0046141973838657365,"weighted finite eight-point grid, not continuous-prior integration"
G1,0,C-Budget:0.25,center,8,0.0005905207506979744,0.005000544378531628,0.0046141973838657365,"weighted finite eight-point grid, not continuous-prior integration"
G1,0,C-Budget:0.25,edge-bimodal,8,0.003863267502074374,0.005000544378531628,0.0046141973838657365,"weighted finite eight-point grid, not continuous-prior integration"
G1,0,C-Budget:0.25,skew,8,0.0014311851332286403,0.005000544378531628,0.0046141973838657365,"weighted finite eight-point grid, not continuous-prior integration"
G1,0,C-LP-Max:0.01,uniform,8,0.003053381814875731,0.005851638921234736,0.004259064365977449,"weighted finite eight-point grid, not continuous-prior integration"
G1,0,C-LP-Max:0.01,center,8,0.00211422801663687,0.005851638921234736,0.004259064365977449,"weighted finite eight-point grid, not continuous-prior integration"
G1,0,C-LP-Max:0.01,edge-bimodal,8,0.003628728156696044,0.005851638921234736,0.004259064365977449,"weighted finite eight-point grid, not continuous-prior integration"
G1,0,C-LP-Max:0.01,skew,8,0.002748356281305033,0.005851638921234736,0.004259064365977449,"weighted finite eight-point grid, not continuous-prior integration"
G1,0,C-LP-Tail:0.1,uniform,8,0.002663891009081889,0.005053372144853334,0.004997664336345914,"weighted finite eight-point grid, not continuous-prior integration"
G1,0,C-LP-Tail:0.1,center,8,0.0007166885135968319,0.005053372144853334,0.004997664336345914,"weighted finite eight-point grid, not continuous-prior integration"
G1,0,C-LP-Tail:0.1,edge-bimodal,8,0.003964553495118731,0.005053372144853334,0.004997664336345914,"weighted finite eight-point grid, not continuous-prior integration"
G1,0,C-LP-Tail:0.1,skew,8,0.0014965458323624747,0.005053372144853334,0.004997664336345914,"weighted finite eight-point grid, not continuous-prior integration"
G1,0,C-LR:1.0,uniform,8,0.004394077893626827,0.007030149081308565,0.006565489543834618,"weighted finite eight-point grid, not continuous-prior integration"
G1,0,C-LR:1.0,center,8,0.0005855262954232738,0.007030149081308565,0.006565489543834618,"weighted finite eight-point grid, not continuous-prior integration"
G1,0,C-LR:1.0,edge-bimodal,8,0.0056388556558067396,0.007030149081308565,0.006565489543834618,"weighted finite eight-point grid, not continuous-prior integration"
G1,0,C-LR:1.0,skew,8,0.0015092776587090878,0.007030149081308565,0.006565489543834618,"weighted finite eight-point grid, not continuous-prior integration"
G1,0,C-Soft-Cond:0.1,uniform,8,0.002248189347055439,0.004708604027863397,0.004255390195192197,"weighted finite eight-point grid, not continuous-prior integration"
G1,0,C-Soft-Cond:0.1,center,8,0.0008029707556315973,0.004708604027863397,0.004255390195192197,"weighted finite eight-point grid, not continuous-prior integration"
G1,0,C-Soft-Cond:0.1,edge-bimodal,8,0.0035325507373150764,0.004708604027863397,0.004255390195192197,"weighted finite eight-point grid, not continuous-prior integration"
G1,0,C-Soft-Cond:0.1,skew,8,0.0014684180618401328,0.004708604027863397,0.004255390195192197,"weighted finite eight-point grid, not continuous-prior integration"
G1,0,C-Soft:0.1,uniform,8,0.0022482496345411027,0.004708196108170527,0.004255359439595219,"weighted finite eight-point grid, not continuous-prior integration"
G1,0,C-Soft:0.1,center,8,0.0008029425667647616,0.004708196108170527,0.004255359439595219,"weighted finite eight-point grid, not continuous-prior integration"
G1,0,C-Soft:0.1,edge-bimodal,8,0.003532423509106312,0.004708196108170527,0.004255359439595219,"weighted finite eight-point grid, not continuous-prior integration"
G1,0,C-Soft:0.1,skew,8,0.0014683597723084136,0.004708196108170527,0.004255359439595219,"weighted finite eight-point grid, not continuous-prior integration"
G1,0,EM-shrink,uniform,8,0.008604136337213058,0.014163334418292631,0.012592074208968462,"weighted finite eight-point grid, not continuous-prior integration"
G1,0,EM-shrink,center,8,0.005283018536154816,0.014163334418292631,0.012592074208968462,"weighted finite eight-point grid, not continuous-prior integration"
G1,0,EM-shrink,edge-bimodal,8,0.011283253080982365,0.014163334418292631,0.012592074208968462,"weighted finite eight-point grid, not continuous-prior integration"
G1,0,EM-shrink,skew,8,0.006614452714345704,0.014163334418292631,0.012592074208968462,"weighted finite eight-point grid, not continuous-prior integration"
G1,0,Equal-Weight,uniform,8,0.17176062185174928,0.1930798986909692,0.1847055268851863,"weighted finite eight-point grid, not continuous-prior integration"
G1,0,Equal-Weight,center,8,0.17046366258956977,0.1930798986909692,0.1847055268851863,"weighted finite eight-point grid, not continuous-prior integration"
G1,0,Equal-Weight,edge-bimodal,8,0.16447447416600303,0.1930798986909692,0.1847055268851863,"weighted finite eight-point grid, not continuous-prior integration"
G1,0,Equal-Weight,skew,8,0.1716435196540258,0.1930798986909692,0.1847055268851863,"weighted finite eight-point grid, not continuous-prior integration"
G1,0,H-Conditional-FilterThenK,uniform,8,0.0023923846228583365,0.005248775097271248,0.0045898575684754335,"weighted finite eight-point grid, not continuous-prior integration"
G1,0,H-Conditional-FilterThenK,center,8,0.0007252942062063624,0.005248775097271248,0.0045898575684754335,"weighted finite eight-point grid, not continuous-prior integration"
G1,0,H-Conditional-FilterThenK,edge-bimodal,8,0.003694926264416645,0.005248775097271248,0.0045898575684754335,"weighted finite eight-point grid, not continuous-prior integration"
G1,0,H-Conditional-FilterThenK,skew,8,0.0015165750756497467,0.005248775097271248,0.0045898575684754335,"weighted finite eight-point grid, not continuous-prior integration"
G1,0,OracleGridPrior-0,uniform,8,0.0016660772519202153,0.00332957598551238,0.002966628320214042,"weighted finite eight-point grid, not continuous-prior integration"
G1,0,OracleGridPrior-0,center,8,0.0008407925809506797,0.00332957598551238,0.002966628320214042,"weighted finite eight-point grid, not continuous-prior integration"
G1,0,OracleGridPrior-0,edge-bimodal,8,0.0027114058841056707,0.00332957598551238,0.002966628320214042,"weighted finite eight-point grid, not continuous-prior integration"
G1,0,OracleGridPrior-0,skew,8,0.0012613275496057928,0.00332957598551238,0.002966628320214042,"weighted finite eight-point grid, not continuous-prior integration"
G1,0,OracleGridPrior-1,uniform,8,0.0028654463736918945,0.006127649985093422,0.005471798472377212,"weighted finite eight-point grid, not continuous-prior integration"
G1,0,OracleGridPrior-1,center,8,0.00024240940737993666,0.006127649985093422,0.005471798472377212,"weighted finite eight-point grid, not continuous-prior integration"
G1,0,OracleGridPrior-1,edge-bimodal,8,0.005067580716877759,0.006127649985093422,0.005471798472377212,"weighted finite eight-point grid, not continuous-prior integration"
G1,0,OracleGridPrior-1,skew,8,0.0009857076709756329,0.006127649985093422,0.005471798472377212,"weighted finite eight-point grid, not continuous-prior integration"
G1,0,OracleGridPrior-2,uniform,8,0.0031998675667539865,0.0060413606148028275,0.005012889565097446,"weighted finite eight-point grid, not continuous-prior integration"
G1,0,OracleGridPrior-2,center,8,0.0026150374911483587,0.0060413606148028275,0.005012889565097446,"weighted finite eight-point grid, not continuous-prior integration"
G1,0,OracleGridPrior-2,edge-bimodal,8,0.001340859975929462,0.0060413606148028275,0.005012889565097446,"weighted finite eight-point grid, not continuous-prior integration"
G1,0,OracleGridPrior-2,skew,8,0.0031242139466947897,0.0060413606148028275,0.005012889565097446,"weighted finite eight-point grid, not continuous-prior integration"
G1,0,OracleGridPrior-3,uniform,8,0.0033434031533766833,0.008735126899548164,0.008012385589973185,"weighted finite eight-point grid, not continuous-prior integration"
G1,0,OracleGridPrior-3,center,8,0.0006369895638063608,0.008735126899548164,0.008012385589973185,"weighted finite eight-point grid, not continuous-prior integration"
G1,0,OracleGridPrior-3,edge-bimodal,8,0.006973589885299489,0.008735126899548164,0.008012385589973185,"weighted finite eight-point grid, not continuous-prior integration"
G1,0,OracleGridPrior-3,skew,8,0.0007614750436731345,0.008735126899548164,0.008012385589973185,"weighted finite eight-point grid, not continuous-prior integration"
G1,0,REF-EB,uniform,8,0.002519317182120389,0.005186088942613466,0.004196254114223476,"weighted finite eight-point grid, not continuous-prior integration"
G1,0,REF-EB,center,8,0.0006087912654239795,0.005186088942613466,0.004196254114223476,"weighted finite eight-point grid, not continuous-prior integration"
G1,0,REF-EB,edge-bimodal,8,0.003156314473646035,0.005186088942613466,0.004196254114223476,"weighted finite eight-point grid, not continuous-prior integration"
G1,0,REF-EB,skew,8,0.0011602797098254247,0.005186088942613466,0.004196254114223476,"weighted finite eight-point grid, not continuous-prior integration"
G1,0,REF-LCRC,uniform,8,0.004097101540595485,0.00798606466847332,0.006186898844955619,"weighted finite eight-point grid, not continuous-prior integration"
G1,0,REF-LCRC,center,8,0.0004156086394035751,0.00798606466847332,0.006186898844955619,"weighted finite eight-point grid, not continuous-prior integration"
G1,0,REF-LCRC,edge-bimodal,8,0.004898005747564341,0.00798606466847332,0.006186898844955619,"weighted finite eight-point grid, not continuous-prior integration"
G1,0,REF-LCRC,skew,8,0.0012967564138706492,0.00798606466847332,0.006186898844955619,"weighted finite eight-point grid, not continuous-prior integration"
G1,1,A-Max,uniform,8,0.006290111806662237,0.014443798285396015,0.010666686182971705,"weighted finite eight-point grid, not continuous-prior integration"
G1,1,A-Max,center,8,0.0019403299228972302,0.014443798285396015,0.010666686182971705,"weighted finite eight-point grid, not continuous-prior integration"
G1,1,A-Max,edge-bimodal,8,0.01158342195527165,0.014443798285396015,0.010666686182971705,"weighted finite eight-point grid, not continuous-prior integration"
G1,1,A-Max,skew,8,0.0034668569780815102,0.014443798285396015,0.010666686182971705,"weighted finite eight-point grid, not continuous-prior integration"
G1,1,A-Mean,uniform,8,0.0050319848406760945,0.011104001316694489,0.010409405372681688,"weighted finite eight-point grid, not continuous-prior integration"
G1,1,A-Mean,center,8,0.0021710102811045946,0.011104001316694489,0.010409405372681688,"weighted finite eight-point grid, not continuous-prior integration"
G1,1,A-Mean,edge-bimodal,8,0.010444366690945084,0.011104001316694489,0.010409405372681688,"weighted finite eight-point grid, not continuous-prior integration"
G1,1,A-Mean,skew,8,0.00411268467647882,0.011104001316694489,0.010409405372681688,"weighted finite eight-point grid, not continuous-prior integration"
G1,1,A-Tail-P:0.25,uniform,8,0.005280447430427982,0.011888241876498696,0.010802228727161568,"weighted finite eight-point grid, not continuous-prior integration"
G1,1,A-Tail-P:0.25,center,8,0.001925872885059686,0.011888241876498696,0.010802228727161568,"weighted finite eight-point grid, not continuous-prior integration"
G1,1,A-Tail-P:0.25,edge-bimodal,8,0.010942508834909435,0.011888241876498696,0.010802228727161568,"weighted finite eight-point grid, not continuous-prior integration"
G1,1,A-Tail-P:0.25,skew,8,0.00378652479508875,0.011888241876498696,0.010802228727161568,"weighted finite eight-point grid, not continuous-prior integration"
G1,1,A-Tail-P:0.5,uniform,8,0.005159376926919025,0.011293329438337212,0.01090937656506789,"weighted finite eight-point grid, not continuous-prior integration"
G1,1,A-Tail-P:0.5,center,8,0.0021397181619221407,0.011293329438337212,0.01090937656506789,"weighted finite eight-point grid, not continuous-prior integration"
G1,1,A-Tail-P:0.5,edge-bimodal,8,0.010847097451521199,0.011293329438337212,0.01090937656506789,"weighted finite eight-point grid, not continuous-prior integration"
G1,1,A-Tail-P:0.5,skew,8,0.004172090525654783,0.011293329438337212,0.01090937656506789,"weighted finite eight-point grid, not continuous-prior integration"
G1,1,A-Tail-U:0.5,uniform,8,0.006180930175518426,0.011651149907863957,0.011563698609383279,"weighted finite eight-point grid, not continuous-prior integration"
G1,1,A-Tail-U:0.5,center,8,0.0018312002412709974,0.011651149907863957,0.011563698609383279,"weighted finite eight-point grid, not continuous-prior integration"
G1,1,A-Tail-U:0.5,edge-bimodal,8,0.011423205173244945,0.011651149907863957,0.011563698609383279,"weighted finite eight-point grid, not continuous-prior integration"
G1,1,A-Tail-U:0.5,skew,8,0.00405207419589941,0.011651149907863957,0.011563698609383279,"weighted finite eight-point grid, not continuous-prior integration"
G1,1,Affine-MLE,uniform,8,0.010230605455938062,0.014702108932483226,0.013380493675314029,"weighted finite eight-point grid, not continuous-prior integration"
G1,1,Affine-MLE,center,8,0.010209344054503262,0.014702108932483226,0.013380493675314029,"weighted finite eight-point grid, not continuous-prior integration"
G1,1,Affine-MLE,edge-bimodal,8,0.012810353727372999,0.014702108932483226,0.013380493675314029,"weighted finite eight-point grid, not continuous-prior integration"
G1,1,Affine-MLE,skew,8,0.010707688838613207,0.014702108932483226,0.013380493675314029,"weighted finite eight-point grid, not continuous-prior integration"
G1,1,B-Max,uniform,8,0.006269573264477383,0.014072826932617261,0.011659628445965915,"weighted finite eight-point grid, not continuous-prior integration"
G1,1,B-Max,center,8,0.0020320508305960803,0.014072826932617261,0.011659628445965915,"weighted finite eight-point grid, not continuous-prior integration"
G1,1,B-Max,edge-bimodal,8,0.012179779951682958,0.014072826932617261,0.011659628445965915,"weighted finite eight-point grid, not continuous-prior integration"
G1,1,B-Max,skew,8,0.0040626216508005955,0.014072826932617261,0.011659628445965915,"weighted finite eight-point grid, not continuous-prior integration"
G1,1,B-Plugin,uniform,8,0.005333323988536303,0.01181540491152163,0.0110303490148926,"weighted finite eight-point grid, not continuous-prior integration"
G1,1,B-Plugin,center,8,0.0023784595480532077,0.01181540491152163,0.0110303490148926,"weighted finite eight-point grid, not continuous-prior integration"
G1,1,B-Plugin,edge-bimodal,8,0.011080386996841475,0.01181540491152163,0.0110303490148926,"weighted finite eight-point grid, not continuous-prior integration"
G1,1,B-Plugin,skew,8,0.004492046648836117,0.01181540491152163,0.0110303490148926,"weighted finite eight-point grid, not continuous-prior integration"
G1,1,B-Tail-P:0.25,uniform,8,0.00530447500983586,0.01192309292413427,0.010868399295852784,"weighted finite eight-point grid, not continuous-prior integration"
G1,1,B-Tail-P:0.25,center,8,0.001938712281355756,0.01192309292413427,0.010868399295852784,"weighted finite eight-point grid, not continuous-prior integration"
G1,1,B-Tail-P:0.25,edge-bimodal,8,0.010998957395848545,0.01192309292413427,0.010868399295852784,"weighted finite eight-point grid, not continuous-prior integration"
G1,1,B-Tail-P:0.25,skew,8,0.0038125577806410998,0.01192309292413427,0.010868399295852784,"weighted finite eight-point grid, not continuous-prior integration"
G1,1,B-Tail-P:0.5,uniform,8,0.005173499123354108,0.011278723966846805,0.01091546372238506,"weighted finite eight-point grid, not continuous-prior integration"
G1,1,B-Tail-P:0.5,center,8,0.002177238904743045,0.011278723966846805,0.01091546372238506,"weighted finite eight-point grid, not continuous-prior integration"
G1,1,B-Tail-P:0.5,edge-bimodal,8,0.010847669173810281,0.011278723966846805,0.01091546372238506,"weighted finite eight-point grid, not continuous-prior integration"
G1,1,B-Tail-P:0.5,skew,8,0.004208508975049306,0.011278723966846805,0.01091546372238506,"weighted finite eight-point grid, not continuous-prior integration"
G1,1,B-Tail-U:0.5,uniform,8,0.00631882847638414,0.01268990768702805,0.012162772747778968,"weighted finite eight-point grid, not continuous-prior integration"
G1,1,B-Tail-U:0.5,center,8,0.0020861062142177897,0.01268990768702805,0.012162772747778968,"weighted finite eight-point grid, not continuous-prior integration"
G1,1,B-Tail-U:0.5,edge-bimodal,8,0.01213448435218182,0.01268990768702805,0.012162772747778968,"weighted finite eight-point grid, not continuous-prior integration"
G1,1,B-Tail-U:0.5,skew,8,0.004578665535465061,0.01268990768702805,0.012162772747778968,"weighted finite eight-point grid, not continuous-prior integration"
G1,1,C-Budget:0.25,uniform,8,0.005568185285116936,0.011385408607184736,0.011026536424699716,"weighted finite eight-point grid, not continuous-prior integration"
G1,1,C-Budget:0.25,center,8,0.0016663912637703354,0.011385408607184736,0.011026536424699716,"weighted finite eight-point grid, not continuous-prior integration"
G1,1,C-Budget:0.25,edge-bimodal,8,0.01097328679406175,0.011385408607184736,0.011026536424699716,"weighted finite eight-point grid, not continuous-prior integration"
G1,1,C-Budget:0.25,skew,8,0.0038256865624867646,0.011385408607184736,0.011026536424699716,"weighted finite eight-point grid, not continuous-prior integration"
G1,1,C-LP-Max:0.01,uniform,8,0.005869864222858144,0.011627277511826637,0.01020590292453803,"weighted finite eight-point grid, not continuous-prior integration"
G1,1,C-LP-Max:0.01,center,8,0.004018672928152312,0.011627277511826637,0.01020590292453803,"weighted finite eight-point grid, not continuous-prior integration"
G1,1,C-LP-Max:0.01,edge-bimodal,8,0.010465487020612747,0.011627277511826637,0.01020590292453803,"weighted finite eight-point grid, not continuous-prior integration"
G1,1,C-LP-Max:0.01,skew,8,0.005268083341975749,0.011627277511826637,0.01020590292453803,"weighted finite eight-point grid, not continuous-prior integration"
G1,1,C-LP-Tail:0.1,uniform,8,0.0055196403302621285,0.01112295370392323,0.011024811951210712,"weighted finite eight-point grid, not continuous-prior integration"
G1,1,C-LP-Tail:0.1,center,8,0.0018512098555934927,0.01112295370392323,0.011024811951210712,"weighted finite eight-point grid, not continuous-prior integration"
G1,1,C-LP-Tail:0.1,edge-bimodal,8,0.010897606851908884,0.01112295370392323,0.011024811951210712,"weighted finite eight-point grid, not continuous-prior integration"
G1,1,C-LP-Tail:0.1,skew,8,0.00398172787356704,0.01112295370392323,0.011024811951210712,"weighted finite eight-point grid, not continuous-prior integration"
G1,1,C-LR:1.0,uniform,8,0.006239232646172767,0.013915903385175062,0.010767177990039272,"weighted finite eight-point grid, not continuous-prior integration"
G1,1,C-LR:1.0,center,8,0.0018997149139017475,0.013915903385175062,0.010767177990039272,"weighted finite eight-point grid, not continuous-prior integration"
G1,1,C-LR:1.0,edge-bimodal,8,0.011507403643877482,0.013915903385175062,0.010767177990039272,"weighted finite eight-point grid, not continuous-prior integration"
G1,1,C-LR:1.0,skew,8,0.0035832997476846554,0.013915903385175062,0.010767177990039272,"weighted finite eight-point grid, not continuous-prior integration"
G1,1,C-Soft-Cond:0.1,uniform,8,0.005033691316733421,0.011073045823263508,0.010425957916159807,"weighted finite eight-point grid, not continuous-prior integration"
G1,1,C-Soft-Cond:0.1,center,8,0.0021479438029237637,0.011073045823263508,0.010425957916159807,"weighted finite eight-point grid, not continuous-prior integration"
G1,1,C-Soft-Cond:0.1,edge-bimodal,8,0.010447323429696245,0.011073045823263508,0.010425957916159807,"weighted finite eight-point grid, not continuous-prior integration"
G1,1,C-Soft-Cond:0.1,skew,8,0.004089290598057114,0.011073045823263508,0.010425957916159807,"weighted finite eight-point grid, not continuous-prior integration"
G1,1,C-Soft:0.1,uniform,8,0.005033153149827422,0.011071257289109087,0.010425600318017479,"weighted finite eight-point grid, not continuous-prior integration"
G1,1,C-Soft:0.1,center,8,0.0021474951916128932,0.011071257289109087,0.010425600318017479,"weighted finite eight-point grid, not continuous-prior integration"
G1,1,C-Soft:0.1,edge-bimodal,8,0.01044657244989438,0.011071257289109087,0.010425600318017479,"weighted finite eight-point grid, not continuous-prior integration"
G1,1,C-Soft:0.1,skew,8,0.00408840915965301,0.011071257289109087,0.010425600318017479,"weighted finite eight-point grid, not continuous-prior integration"
G1,1,EM-shrink,uniform,8,0.01124492933007083,0.018324223061588877,0.01666124960472162,"weighted finite eight-point grid, not continuous-prior integration"
G1,1,EM-shrink,center,8,0.007421827066032521,0.018324223061588877,0.01666124960472162,"weighted finite eight-point grid, not continuous-prior integration"
G1,1,EM-shrink,edge-bimodal,8,0.016986447161696606,0.018324223061588877,0.01666124960472162,"weighted finite eight-point grid, not continuous-prior integration"
G1,1,EM-shrink,skew,8,0.010403362332380294,0.018324223061588877,0.01666124960472162,"weighted finite eight-point grid, not continuous-prior integration"
G1,1,Equal-Weight,uniform,8,0.17601195929561006,0.19501486042674676,0.18291428413398952,"weighted finite eight-point grid, not continuous-prior integration"
G1,1,Equal-Weight,center,8,0.17196571265721236,0.19501486042674676,0.18291428413398952,"weighted finite eight-point grid, not continuous-prior integration"
G1,1,Equal-Weight,edge-bimodal,8,0.18139758547315088,0.19501486042674676,0.18291428413398952,"weighted finite eight-point grid, not continuous-prior integration"
G1,1,Equal-Weight,skew,8,0.170416694253037,0.19501486042674676,0.18291428413398952,"weighted finite eight-point grid, not continuous-prior integration"
G1,1,H-Conditional-FilterThenK,uniform,8,0.005392497756903431,0.011774478506275601,0.011357030805682011,"weighted finite eight-point grid, not continuous-prior integration"
G1,1,H-Conditional-FilterThenK,center,8,0.0018809412857638736,0.011774478506275601,0.011357030805682011,"weighted finite eight-point grid, not continuous-prior integration"
G1,1,H-Conditional-FilterThenK,edge-bimodal,8,0.011298355815698774,0.011774478506275601,0.011357030805682011,"weighted finite eight-point grid, not continuous-prior integration"
G1,1,H-Conditional-FilterThenK,skew,8,0.004153110016943814,0.011774478506275601,0.011357030805682011,"weighted finite eight-point grid, not continuous-prior integration"
G1,1,OracleGridPrior-0,uniform,8,0.004063331176252363,0.008695431757710247,0.0078097348067196525,"weighted finite eight-point grid, not continuous-prior integration"
G1,1,OracleGridPrior-0,center,8,0.0019945393464040665,0.008695431757710247,0.0078097348067196525,"weighted finite eight-point grid, not continuous-prior integration"
G1,1,OracleGridPrior-0,edge-bimodal,8,0.007943123270085289,0.008695431757710247,0.0078097348067196525,"weighted finite eight-point grid, not continuous-prior integration"
G1,1,OracleGridPrior-0,skew,8,0.003312261549710795,0.008695431757710247,0.0078097348067196525,"weighted finite eight-point grid, not continuous-prior integration"
G1,1,OracleGridPrior-1,uniform,8,0.005080711597411686,0.011767720281663629,0.011153805024479851,"weighted finite eight-point grid, not continuous-prior integration"
G1,1,OracleGridPrior-1,center,8,0.001238456488942043,0.011767720281663629,0.011153805024479851,"weighted finite eight-point grid, not continuous-prior integration"
G1,1,OracleGridPrior-1,edge-bimodal,8,0.01115518721074346,0.011767720281663629,0.011153805024479851,"weighted finite eight-point grid, not continuous-prior integration"
G1,1,OracleGridPrior-1,skew,8,0.0038253749511321356,0.011767720281663629,0.011153805024479851,"weighted finite eight-point grid, not continuous-prior integration"
G1,1,OracleGridPrior-2,uniform,8,0.007472119549343493,0.010671686909445354,0.010471172144537423,"weighted finite eight-point grid, not continuous-prior integration"
G1,1,OracleGridPrior-2,center,8,0.006175654247764746,0.010671686909445354,0.010471172144537423,"weighted finite eight-point grid, not continuous-prior integration"
G1,1,OracleGridPrior-2,edge-bimodal,8,0.007180808910302399,0.010671686909445354,0.010471172144537423,"weighted finite eight-point grid, not continuous-prior integration"
G1,1,OracleGridPrior-2,skew,8,0.006546082940349931,0.010671686909445354,0.010471172144537423,"weighted finite eight-point grid, not continuous-prior integration"
G1,1,OracleGridPrior-3,uniform,8,0.005397325362321872,0.015521835808702669,0.009379083207821505,"weighted finite eight-point grid, not continuous-prior integration"
G1,1,OracleGridPrior-3,center,8,0.0020789191119048233,0.015521835808702669,0.009379083207821505,"weighted finite eight-point grid, not continuous-prior integration"
G1,1,OracleGridPrior-3,edge-bimodal,8,0.010245493417873102,0.015521835808702669,0.009379083207821505,"weighted finite eight-point grid, not continuous-prior integration"
G1,1,OracleGridPrior-3,skew,8,0.002242325973232263,0.015521835808702669,0.009379083207821505,"weighted finite eight-point grid, not continuous-prior integration"
G1,1,REF-EB,uniform,8,0.005773958465049285,0.011491378660525764,0.010525622718439584,"weighted finite eight-point grid, not continuous-prior integration"
G1,1,REF-EB,center,8,0.0021789840283418863,0.011491378660525764,0.010525622718439584,"weighted finite eight-point grid, not continuous-prior integration"
G1,1,REF-EB,edge-bimodal,8,0.010656335297169518,0.011491378660525764,0.010525622718439584,"weighted finite eight-point grid, not continuous-prior integration"
G1,1,REF-EB,skew,8,0.00397304319377427,0.011491378660525764,0.010525622718439584,"weighted finite eight-point grid, not continuous-prior integration"
G1,1,REF-LCRC,uniform,8,0.0062652214698062855,0.012576953233501886,0.01118240765438963,"weighted finite eight-point grid, not continuous-prior integration"
G1,1,REF-LCRC,center,8,0.0019340798920598314,0.012576953233501886,0.01118240765438963,"weighted finite eight-point grid, not continuous-prior integration"
G1,1,REF-LCRC,edge-bimodal,8,0.011430603105569202,0.012576953233501886,0.01118240765438963,"weighted finite eight-point grid, not continuous-prior integration"
G1,1,REF-LCRC,skew,8,0.004604252763106718,0.012576953233501886,0.01118240765438963,"weighted finite eight-point grid, not continuous-prior integration"
G1,2,A-Max,uniform,8,0.00530486426019991,0.013952635191596077,0.01386179077118376,"weighted finite eight-point grid, not continuous-prior integration"
G1,2,A-Max,center,8,0.0008950000872054675,0.013952635191596077,0.01386179077118376,"weighted finite eight-point grid, not continuous-prior integration"
G1,2,A-Max,edge-bimodal,8,0.013615389204551803,0.013952635191596077,0.01386179077118376,"weighted finite eight-point grid, not continuous-prior integration"
G1,2,A-Max,skew,8,0.0031534473094171228,0.013952635191596077,0.01386179077118376,"weighted finite eight-point grid, not continuous-prior integration"
G1,2,A-Mean,uniform,8,0.0038908168855466578,0.009806243663651484,0.009520730750518647,"weighted finite eight-point grid, not continuous-prior integration"
G1,2,A-Mean,center,8,0.0014194880482917699,0.009806243663651484,0.009520730750518647,"weighted finite eight-point grid, not continuous-prior integration"
G1,2,A-Mean,edge-bimodal,8,0.009416272397000734,0.009806243663651484,0.009520730750518647,"weighted finite eight-point grid, not continuous-prior integration"
G1,2,A-Mean,skew,8,0.0024974477753779284,0.009806243663651484,0.009520730750518647,"weighted finite eight-point grid, not continuous-prior integration"
G1,2,A-Tail-P:0.25,uniform,8,0.0042480208070792705,0.012109716280485617,0.01134692496261378,"weighted finite eight-point grid, not continuous-prior integration"
G1,2,A-Tail-P:0.25,center,8,0.0010882815965193883,0.012109716280485617,0.01134692496261378,"weighted finite eight-point grid, not continuous-prior integration"
G1,2,A-Tail-P:0.25,edge-bimodal,8,0.011328099751973535,0.012109716280485617,0.01134692496261378,"weighted finite eight-point grid, not continuous-prior integration"
G1,2,A-Tail-P:0.25,skew,8,0.0025305710045799303,0.012109716280485617,0.01134692496261378,"weighted finite eight-point grid, not continuous-prior integration"
G1,2,A-Tail-P:0.5,uniform,8,0.003997949255397565,0.010795238065021787,0.010191545753333671,"weighted finite eight-point grid, not continuous-prior integration"
G1,2,A-Tail-P:0.5,center,8,0.0012485948525607594,0.010795238065021787,0.010191545753333671,"weighted finite eight-point grid, not continuous-prior integration"
G1,2,A-Tail-P:0.5,edge-bimodal,8,0.010157423967625262,0.010795238065021787,0.010191545753333671,"weighted finite eight-point grid, not continuous-prior integration"
G1,2,A-Tail-P:0.5,skew,8,0.002469296112343784,0.010795238065021787,0.010191545753333671,"weighted finite eight-point grid, not continuous-prior integration"
G1,2,A-Tail-U:0.5,uniform,8,0.005303523750586597,0.014061778139917025,0.013808882724938083,"weighted finite eight-point grid, not continuous-prior integration"
G1,2,A-Tail-U:0.5,center,8,0.0008819781571020326,0.014061778139917025,0.013808882724938083,"weighted finite eight-point grid, not continuous-prior integration"
G1,2,A-Tail-U:0.5,edge-bimodal,8,0.013610169437147334,0.014061778139917025,0.013808882724938083,"weighted finite eight-point grid, not continuous-prior integration"
G1,2,A-Tail-U:0.5,skew,8,0.003142077218612562,0.014061778139917025,0.013808882724938083,"weighted finite eight-point grid, not continuous-prior integration"
G1,2,Affine-MLE,uniform,8,0.007949822759081944,0.010235270266558202,0.009666162912971198,"weighted finite eight-point grid, not continuous-prior integration"
G1,2,Affine-MLE,center,8,0.00902091673847676,0.010235270266558202,0.009666162912971198,"weighted finite eight-point grid, not continuous-prior integration"
G1,2,Affine-MLE,edge-bimodal,8,0.0050728947747609,0.010235270266558202,0.009666162912971198,"weighted finite eight-point grid, not continuous-prior integration"
G1,2,Affine-MLE,skew,8,0.008134968213148082,0.010235270266558202,0.009666162912971198,"weighted finite eight-point grid, not continuous-prior integration"
G1,2,B-Max,uniform,8,0.004989545931486376,0.01454672351202146,0.01431967776113683,"weighted finite eight-point grid, not continuous-prior integration"
G1,2,B-Max,center,8,0.0008807662879340681,0.01454672351202146,0.01431967776113683,"weighted finite eight-point grid, not continuous-prior integration"
G1,2,B-Max,edge-bimodal,8,0.01408051167686465,0.01454672351202146,0.01431967776113683,"weighted finite eight-point grid, not continuous-prior integration"
G1,2,B-Max,skew,8,0.002883449323701699,0.01454672351202146,0.01431967776113683,"weighted finite eight-point grid, not continuous-prior integration"
G1,2,B-Plugin,uniform,8,0.004012477429550664,0.010842588509416832,0.010268305861778213,"weighted finite eight-point grid, not continuous-prior integration"
G1,2,B-Plugin,center,8,0.0012492298000174552,0.010842588509416832,0.010268305861778213,"weighted finite eight-point grid, not continuous-prior integration"
G1,2,B-Plugin,edge-bimodal,8,0.010223805610211047,0.010842588509416832,0.010268305861778213,"weighted finite eight-point grid, not continuous-prior integration"
G1,2,B-Plugin,skew,8,0.002467751528505465,0.010842588509416832,0.010268305861778213,"weighted finite eight-point grid, not continuous-prior integration"
G1,2,B-Tail-P:0.25,uniform,8,0.004265047843970716,0.012075565420433835,0.01140120713269099,"weighted finite eight-point grid, not continuous-prior integration"
G1,2,B-Tail-P:0.25,center,8,0.001115360285933469,0.012075565420433835,0.01140120713269099,"weighted finite eight-point grid, not continuous-prior integration"
G1,2,B-Tail-P:0.25,edge-bimodal,8,0.011356749573445355,0.012075565420433835,0.01140120713269099,"weighted finite eight-point grid, not continuous-prior integration"
G1,2,B-Tail-P:0.25,skew,8,0.0025684514335808026,0.012075565420433835,0.01140120713269099,"weighted finite eight-point grid, not continuous-prior integration"
G1,2,B-Tail-P:0.5,uniform,8,0.0039971868789021045,0.010876007079188309,0.01020666301592661,"weighted finite eight-point grid, not continuous-prior integration"
G1,2,B-Tail-P:0.5,center,8,0.0012498876576852085,0.010876007079188309,0.01020666301592661,"weighted finite eight-point grid, not continuous-prior integration"
G1,2,B-Tail-P:0.5,edge-bimodal,8,0.01019030889493593,0.010876007079188309,0.01020666301592661,"weighted finite eight-point grid, not continuous-prior integration"
G1,2,B-Tail-P:0.5,skew,8,0.0024547319359220763,0.010876007079188309,0.01020666301592661,"weighted finite eight-point grid, not continuous-prior integration"
G1,2,B-Tail-U:0.5,uniform,8,0.004956594262967722,0.014832024876717795,0.014190541319373695,"weighted finite eight-point grid, not continuous-prior integration"
G1,2,B-Tail-U:0.5,center,8,0.0008468605402290287,0.014832024876717795,0.014190541319373695,"weighted finite eight-point grid, not continuous-prior integration"
G1,2,B-Tail-U:0.5,edge-bimodal,8,0.014072019168639444,0.014832024876717795,0.014190541319373695,"weighted finite eight-point grid, not continuous-prior integration"
G1,2,B-Tail-U:0.5,skew,8,0.0027530189993227785,0.014832024876717795,0.014190541319373695,"weighted finite eight-point grid, not continuous-prior integration"
G1,2,C-Budget:0.25,uniform,8,0.004585265941230231,0.013028517273403702,0.013017668216659456,"weighted finite eight-point grid, not continuous-prior integration"
G1,2,C-Budget:0.25,center,8,0.0007405904218726883,0.013028517273403702,0.013017668216659456,"weighted finite eight-point grid, not continuous-prior integration"
G1,2,C-Budget:0.25,edge-bimodal,8,0.012750549120625431,0.013028517273403702,0.013017668216659456,"weighted finite eight-point grid, not continuous-prior integration"
G1,2,C-Budget:0.25,skew,8,0.0026257199523121435,0.013028517273403702,0.013017668216659456,"weighted finite eight-point grid, not continuous-prior integration"
G1,2,C-LP-Max:0.01,uniform,8,0.004448575080940932,0.008430760976468183,0.007349517712211329,"weighted finite eight-point grid, not continuous-prior integration"
G1,2,C-LP-Max:0.01,center,8,0.003498814044337449,0.008430760976468183,0.007349517712211329,"weighted finite eight-point grid, not continuous-prior integration"
G1,2,C-LP-Max:0.01,edge-bimodal,8,0.007553999046652627,0.008430760976468183,0.007349517712211329,"weighted finite eight-point grid, not continuous-prior integration"
G1,2,C-LP-Max:0.01,skew,8,0.0037536493190734477,0.008430760976468183,0.007349517712211329,"weighted finite eight-point grid, not continuous-prior integration"
G1,2,C-LP-Tail:0.1,uniform,8,0.004405962528598886,0.012498626938088186,0.01207107380269505,"weighted finite eight-point grid, not continuous-prior integration"
G1,2,C-LP-Tail:0.1,center,8,0.0008972846957729036,0.012498626938088186,0.01207107380269505,"weighted finite eight-point grid, not continuous-prior integration"
G1,2,C-LP-Tail:0.1,edge-bimodal,8,0.011942092485928028,0.012498626938088186,0.01207107380269505,"weighted finite eight-point grid, not continuous-prior integration"
G1,2,C-LP-Tail:0.1,skew,8,0.0025697877901783932,0.012498626938088186,0.01207107380269505,"weighted finite eight-point grid, not continuous-prior integration"
G1,2,C-LR:1.0,uniform,8,0.005305622248210718,0.01388791821549688,0.013885060976770548,"weighted finite eight-point grid, not continuous-prior integration"
G1,2,C-LR:1.0,center,8,0.0008938497252030941,0.01388791821549688,0.013885060976770548,"weighted finite eight-point grid, not continuous-prior integration"
G1,2,C-LR:1.0,edge-bimodal,8,0.013613765325385462,0.01388791821549688,0.013885060976770548,"weighted finite eight-point grid, not continuous-prior integration"
G1,2,C-LR:1.0,skew,8,0.0031669930408547075,0.01388791821549688,0.013885060976770548,"weighted finite eight-point grid, not continuous-prior integration"
G1,2,C-Soft-Cond:0.1,uniform,8,0.0039013498081359806,0.009911624081101496,0.009603459688847814,"weighted finite eight-point grid, not continuous-prior integration"
G1,2,C-Soft-Cond:0.1,center,8,0.0013961192934151,0.009911624081101496,0.009603459688847814,"weighted finite eight-point grid, not continuous-prior integration"
G1,2,C-Soft-Cond:0.1,edge-bimodal,8,0.009502972962898712,0.009911624081101496,0.009603459688847814,"weighted finite eight-point grid, not continuous-prior integration"
G1,2,C-Soft-Cond:0.1,skew,8,0.0024919421302011554,0.009911624081101496,0.009603459688847814,"weighted finite eight-point grid, not continuous-prior integration"
G1,2,C-Soft:0.1,uniform,8,0.0039010020540758876,0.009910793764140708,0.009602489316295926,"weighted finite eight-point grid, not continuous-prior integration"
G1,2,C-Soft:0.1,center,8,0.001395600767211223,0.009910793764140708,0.009602489316295926,"weighted finite eight-point grid, not continuous-prior integration"
G1,2,C-Soft:0.1,edge-bimodal,8,0.009502061450315737,0.009910793764140708,0.009602489316295926,"weighted finite eight-point grid, not continuous-prior integration"
G1,2,C-Soft:0.1,skew,8,0.0024915194021324564,0.009910793764140708,0.009602489316295926,"weighted finite eight-point grid, not continuous-prior integration"
G1,2,EM-shrink,uniform,8,0.010582306383553019,0.020439265277654196,0.019872458941954076,"weighted finite eight-point grid, not continuous-prior integration"
G1,2,EM-shrink,center,8,0.006408616461109683,0.020439265277654196,0.019872458941954076,"weighted finite eight-point grid, not continuous-prior integration"
G1,2,EM-shrink,edge-bimodal,8,0.01972802619736371,0.020439265277654196,0.019872458941954076,"weighted finite eight-point grid, not continuous-prior integration"
G1,2,EM-shrink,skew,8,0.008100925750787222,0.020439265277654196,0.019872458941954076,"weighted finite eight-point grid, not continuous-prior integration"
G1,2,Equal-Weight,uniform,8,0.17701041877205156,0.21686973203179746,0.20598868690233219,"weighted finite eight-point grid, not continuous-prior integration"
G1,2,Equal-Weight,center,8,0.17118667998823503,0.21686973203179746,0.20598868690233219,"weighted finite eight-point grid, not continuous-prior integration"
G1,2,Equal-Weight,edge-bimodal,8,0.18383934021244192,0.21686973203179746,0.20598868690233219,"weighted finite eight-point grid, not continuous-prior integration"
G1,2,Equal-Weight,skew,8,0.18168491083267346,0.21686973203179746,0.20598868690233219,"weighted finite eight-point grid, not continuous-prior integration"
G1,2,H-Conditional-FilterThenK,uniform,8,0.004312552548108917,0.01242667500829574,0.011971419639819939,"weighted finite eight-point grid, not continuous-prior integration"
G1,2,H-Conditional-FilterThenK,center,8,0.000934072165200526,0.01242667500829574,0.011971419639819939,"weighted finite eight-point grid, not continuous-prior integration"
G1,2,H-Conditional-FilterThenK,edge-bimodal,8,0.01185092577946964,0.01242667500829574,0.011971419639819939,"weighted finite eight-point grid, not continuous-prior integration"
G1,2,H-Conditional-FilterThenK,skew,8,0.0025185365633108936,0.01242667500829574,0.011971419639819939,"weighted finite eight-point grid, not continuous-prior integration"
G1,2,OracleGridPrior-0,uniform,8,0.003145986603913518,0.007332124649293353,0.007290659026716581,"weighted finite eight-point grid, not continuous-prior integration"
G1,2,OracleGridPrior-0,center,8,0.001459128281531229,0.007332124649293353,0.007290659026716581,"weighted finite eight-point grid, not continuous-prior integration"
G1,2,OracleGridPrior-0,edge-bimodal,8,0.00716760295960575,0.007332124649293353,0.007290659026716581,"weighted finite eight-point grid, not continuous-prior integration"
G1,2,OracleGridPrior-0,skew,8,0.0022259208616516937,0.007332124649293353,0.007290659026716581,"weighted finite eight-point grid, not continuous-prior integration"
G1,2,OracleGridPrior-1,uniform,8,0.004745871750226768,0.013759608277277555,0.013584459101656295,"weighted finite eight-point grid, not continuous-prior integration"
G1,2,OracleGridPrior-1,center,8,0.0005697228822100304,0.013759608277277555,0.013584459101656295,"weighted finite eight-point grid, not continuous-prior integration"
G1,2,OracleGridPrior-1,edge-bimodal,8,0.013352006546094678,0.013759608277277555,0.013584459101656295,"weighted finite eight-point grid, not continuous-prior integration"
G1,2,OracleGridPrior-1,skew,8,0.002555146494302505,0.013759608277277555,0.013584459101656295,"weighted finite eight-point grid, not continuous-prior integration"
G1,2,OracleGridPrior-2,uniform,8,0.005377941886309286,0.007937141944928996,0.007606528831602595,"weighted finite eight-point grid, not continuous-prior integration"
G1,2,OracleGridPrior-2,center,8,0.006362546924788905,0.007937141944928996,0.007606528831602595,"weighted finite eight-point grid, not continuous-prior integration"
G1,2,OracleGridPrior-2,edge-bimodal,8,0.0026248606389949226,0.007937141944928996,0.007606528831602595,"weighted finite eight-point grid, not continuous-prior integration"
G1,2,OracleGridPrior-2,skew,8,0.005056097882512987,0.007937141944928996,0.007606528831602595,"weighted finite eight-point grid, not continuous-prior integration"
G1,2,OracleGridPrior-3,uniform,8,0.004132560174443604,0.014704160191578006,0.008979624479430034,"weighted finite eight-point grid, not continuous-prior integration"
G1,2,OracleGridPrior-3,center,8,0.0009190530353148343,0.014704160191578006,0.008979624479430034,"weighted finite eight-point grid, not continuous-prior integration"
G1,2,OracleGridPrior-3,edge-bimodal,8,0.010399203681798705,0.014704160191578006,0.008979624479430034,"weighted finite eight-point grid, not continuous-prior integration"
G1,2,OracleGridPrior-3,skew,8,0.0017037937813076875,0.014704160191578006,0.008979624479430034,"weighted finite eight-point grid, not continuous-prior integration"
G1,2,REF-EB,uniform,8,0.004450180230903183,0.012002136142560463,0.010441062900012245,"weighted finite eight-point grid, not continuous-prior integration"
G1,2,REF-EB,center,8,0.0015360244091095021,0.012002136142560463,0.010441062900012245,"weighted finite eight-point grid, not continuous-prior integration"
G1,2,REF-EB,edge-bimodal,8,0.010681968084032488,0.012002136142560463,0.010441062900012245,"weighted finite eight-point grid, not continuous-prior integration"
G1,2,REF-EB,skew,8,0.002964430526927023,0.012002136142560463,0.010441062900012245,"weighted finite eight-point grid, not continuous-prior integration"
G1,2,REF-LCRC,uniform,8,0.00529925493333662,0.013945618032248861,0.013873225795544916,"weighted finite eight-point grid, not continuous-prior integration"
G1,2,REF-LCRC,center,8,0.0009103385970403984,0.013945618032248861,0.013873225795544916,"weighted finite eight-point grid, not continuous-prior integration"
G1,2,REF-LCRC,edge-bimodal,8,0.013620466548867543,0.013945618032248861,0.013873225795544916,"weighted finite eight-point grid, not continuous-prior integration"
G1,2,REF-LCRC,skew,8,0.0030882442440120037,0.013945618032248861,0.013873225795544916,"weighted finite eight-point grid, not continuous-prior integration"
