kind,method,mean,max,<lambda_0>
G2,A-Max,0.047543793418413166,0.12988062042042525,0.09041124036736743
G2,A-Mean,0.017699187298121973,0.13738964824857938,0.04766490804128568
G2,A-Tail-P:0.25,0.01816391364330822,0.1436437795405229,0.05848377882827225
G2,A-Tail-P:0.5,0.017769947583468188,0.1338965653655519,0.050529443545781066
G2,A-Tail-U:0.5,0.0521041268536705,0.13287713665465967,0.1068148354593664
G2,B-Max,0.039649956658322945,0.1191725868278837,0.0907815533769169
G2,B-Plugin,0.01780967259784304,0.13388001476728006,0.04965966112150413
G2,B-Tail-P:0.25,0.018175205657752835,0.14364590035437294,0.05847677672797129
G2,B-Tail-P:0.5,0.01778351126815569,0.13387980933094015,0.04998541692316781
G2,B-Tail-U:0.5,0.04342886355554835,0.1348592310052913,0.10400689982866784
G2,C-Budget:0.25,0.03804627267782338,0.1346052222388766,0.0967410281702442
G2,C-LP-Max:0.01,0.02058992357912057,0.11895198751687572,0.06761258327651139
G2,C-LP-Tail:0.1,0.03540779365608774,0.13688706762858657,0.08830990019001876
G2,C-LR:1.0,0.04777216155828898,0.12958057132972184,0.09270710860488998
G2,C-Soft-Cond:0.1,0.017838899895863587,0.13209488177811826,0.05353379714006482
G2,C-Soft:0.1,0.01783828599474051,0.13209175158082734,0.05353331108271402
G2,H-Conditional-FilterThenK,0.017976260086452766,0.13387982599123732,0.04968355724954645
G2,REF-EB,0.019978470666162703,0.1461145014433402,0.06083019037844414
