stage,variant,d,method,count,mean,median,p90,p95
G3_d20,complete,20,A-Absolute:0.5,36,0.07871529742604497,0.07389362959939436,0.10957088854643232,0.12600237249234758
G3_d20,complete,20,A-Mean,36,0.07822357824276402,0.07355961210646679,0.10918046359519316,0.12572573588060548
G3_d20,complete,20,A-Tail-P:0.5,36,0.07814121213765012,0.07323726760652069,0.10818931887538574,0.12553618252399473
G3_d20,complete,20,B-Max,36,0.08084497039260516,0.07712268533100769,0.10988286369254982,0.12468988765816968
G3_d20,complete,20,B-Tail-P:0.25,36,0.07825398200933403,0.07346724275527945,0.10938626829127254,0.12547749207886266
G3_d20,complete,20,B-Tail-P:0.5,36,0.07824014534731721,0.07337084125053382,0.1092526188031164,0.12557814222949415
G3_d20,complete,20,EM-shrink,36,0.5204284743539008,0.6178749279628704,0.7461618239587129,0.7785607406964297
G3_d20,complete,20,Equal-Weight,36,0.7427602401011262,0.6570685685798473,0.9626718170679938,0.9626718170679938
G3_d20,complete,20,H-Conditional-FilterThenK,36,0.0783447478182614,0.07299590868582669,0.10919166208764572,0.12547951398860516
G3_d20,correlation,20,A-Absolute:0.5,36,0.15053984178106888,0.14129891971223918,0.20150059150934735,0.2711990883295251
G3_d20,correlation,20,A-Mean,36,0.1492584601167102,0.13677857941400084,0.201675590563887,0.2711904012198453
G3_d20,correlation,20,A-Tail-P:0.5,36,0.14877898167160244,0.13504487470287646,0.2018060936706642,0.2711990883315823
G3_d20,correlation,20,B-Max,36,0.15064252105080653,0.13792049616559787,0.2066894033871497,0.2738907813808149
G3_d20,correlation,20,B-Tail-P:0.25,36,0.1493153590651088,0.13509160425943345,0.20184293388290503,0.27121645237511416
G3_d20,correlation,20,B-Tail-P:0.5,36,0.1491434064729259,0.13490830954575467,0.20181724126885384,0.2711990883315822
G3_d20,correlation,20,EM-shrink,36,0.5195899461881492,0.5634185701524494,0.8226240806256485,0.8447739324569178
G3_d20,correlation,20,Equal-Weight,36,0.792126313132703,0.7755301191854195,1.0772066605666768,1.0772066605666768
G3_d20,correlation,20,H-Conditional-FilterThenK,36,0.14921664489363684,0.13516005260118946,0.20185781541930803,0.271181710718049
G3_d20,informative,20,A-Absolute:0.5,36,0.38377881801625047,0.3974556096440599,0.5599833701324455,0.5877168055149615
G3_d20,informative,20,A-Mean,36,0.38374363267497497,0.39877413851161436,0.5601486437699148,0.5872164163883318
G3_d20,informative,20,A-Tail-P:0.5,36,0.3841873483338637,0.3996374967298867,0.5604294755782544,0.586375225608471
G3_d20,informative,20,B-Max,36,0.39683027931018705,0.4061382774212924,0.5674419922842368,0.6067284245258378
G3_d20,informative,20,B-Tail-P:0.25,36,0.38390273732347396,0.3998947281743015,0.5605386503741815,0.5879411293938515
G3_d20,informative,20,B-Tail-P:0.5,36,0.38388312923285595,0.399637496729276,0.5606012431954793,0.5863752269228484
G3_d20,informative,20,EM-shrink,36,0.5394754714473609,0.640297067435039,0.7950393939275588,0.8731777811831759
G3_d20,informative,20,Equal-Weight,36,0.7427602401011262,0.6570685685798473,0.9626718170679938,0.9626718170679938
G3_d20,informative,20,H-Conditional-FilterThenK,36,0.38395851471011383,0.4010438927140101,0.5602196896433519,0.5874824631945578
G3_d20,t6,20,A-Absolute:0.5,36,0.18721115240356573,0.16812164524752743,0.26262104481243703,0.29487027988813286
G3_d20,t6,20,A-Mean,36,0.1860615820319631,0.16632389938981762,0.26257032676900816,0.29470413303809584
G3_d20,t6,20,A-Tail-P:0.5,36,0.18580373921857996,0.16693835348820524,0.26259613688066225,0.2946457879349419
G3_d20,t6,20,B-Max,36,0.18539636267407986,0.1670656006730684,0.2660435581492412,0.27753799098090265
G3_d20,t6,20,B-Tail-P:0.25,36,0.1861255080425123,0.16648814009424245,0.2626693121049673,0.29453403927769184
G3_d20,t6,20,B-Tail-P:0.5,36,0.18599193510490608,0.16693835348820601,0.2625961368806622,0.29464578793494234
G3_d20,t6,20,EM-shrink,36,0.5893474642376818,0.614653597603941,0.8814454373118098,0.9022932846917733
G3_d20,t6,20,Equal-Weight,36,0.7427602401011262,0.6570685685798473,0.9626718170679938,0.9626718170679938
G3_d20,t6,20,H-Conditional-FilterThenK,36,0.18593192353595658,0.16639141815550443,0.2625959620667082,0.29397364209572885
G3_d20,uneven,20,A-Absolute:0.5,36,0.15163416762956602,0.14350744042100655,0.18783635642942625,0.22968667636378726
G3_d20,uneven,20,A-Mean,36,0.1518986247779454,0.1434526818319607,0.18880165765775553,0.22972202536186112
G3_d20,uneven,20,A-Tail-P:0.5,36,0.151764809266971,0.14339671984103908,0.19218736357723176,0.22985287269609977
G3_d20,uneven,20,B-Max,36,0.1527606365597557,0.14409668766273362,0.18724730484188357,0.23535850415804202
G3_d20,uneven,20,B-Tail-P:0.25,36,0.15192247671001866,0.14328293500609193,0.18992283958541362,0.22975592509238651
G3_d20,uneven,20,B-Tail-P:0.5,36,0.15205968236371867,0.1433967198410397,0.192189972175808,0.22985287269609989
G3_d20,uneven,20,EM-shrink,36,0.506063001647452,0.6009733542296047,0.7151441817945956,0.7715006086461829
G3_d20,uneven,20,Equal-Weight,36,0.7427602401011262,0.6570685685798473,0.9626718170679938,0.9626718170679938
G3_d20,uneven,20,H-Conditional-FilterThenK,36,0.15220494440469545,0.1433622385390954,0.19171431983410603,0.22972363100316592
G3_d20,volatility,20,A-Absolute:0.5,36,0.15702998088675313,0.1393550334599292,0.24307612569348042,0.2819242146678887
G3_d20,volatility,20,A-Mean,36,0.15737491375461168,0.1389880163345733,0.2527456880210921,0.2788375310970029
G3_d20,volatility,20,A-Tail-P:0.5,36,0.15643289545762815,0.13863962003882857,0.24063483038292138,0.2765038260240787
G3_d20,volatility,20,B-Max,36,0.15746559430224347,0.13593673055122943,0.25680819592968906,0.2719506844557552
G3_d20,volatility,20,B-Tail-P:0.25,36,0.15713804345811724,0.13817484314027423,0.2535971987193669,0.2739459285929318
G3_d20,volatility,20,B-Tail-P:0.5,36,0.15740572167499106,0.1386396649144953,0.2533304031384738,0.2765038263260562
G3_d20,volatility,20,EM-shrink,36,0.6160492713517364,0.44799575335677316,1.3079259956939069,1.3357977833202355
G3_d20,volatility,20,Equal-Weight,36,0.9731915652933897,0.8972928108938083,1.954040960076452,1.954040960076452
G3_d20,volatility,20,H-Conditional-FilterThenK,36,0.1569054587631347,0.13821122015621473,0.25358505227681044,0.2754264234676065
