stage,variant,method,metric,difference,low,high,paths,paired_windows,interval
G3_d20,complete,A-Absolute:0.5,regret_scaled,0.0004917191832809376,-0.0017831091688330957,0.002766547535394971,3,36,"paired whole-path means; three paths, t approximation; exploratory"
G3_d20,complete,A-Mean,regret_scaled,0.0,0.0,0.0,3,36,"paired whole-path means; three paths, t approximation; exploratory"
G3_d20,complete,A-Tail-P:0.5,regret_scaled,-8.236610511391604e-05,-0.00059232079077873,0.0004275885805508979,3,36,"paired whole-path means; three paths, t approximation; exploratory"
G3_d20,complete,B-Max,regret_scaled,0.002621392149841138,-0.004746377309175719,0.009989161608857995,3,36,"paired whole-path means; three paths, t approximation; exploratory"
G3_d20,complete,B-Tail-P:0.25,regret_scaled,3.0403766569996157e-05,-0.0004934270889594384,0.0005542346220994308,3,36,"paired whole-path means; three paths, t approximation; exploratory"
G3_d20,complete,B-Tail-P:0.5,regret_scaled,1.656710455317527e-05,-0.00018866978297934635,0.0002218039920856969,3,36,"paired whole-path means; three paths, t approximation; exploratory"
G3_d20,complete,EM-shrink,regret_scaled,0.4422048961111367,-0.24697337393780266,1.1313831661600762,3,36,"paired whole-path means; three paths, t approximation; exploratory"
G3_d20,complete,Equal-Weight,regret_scaled,0.6645366618583621,0.16118352098387323,1.167889802732851,3,36,"paired whole-path means; three paths, t approximation; exploratory"
G3_d20,complete,H-Conditional-FilterThenK,regret_scaled,0.00012116957549737147,-0.0006119742736428881,0.0008543134246376311,3,36,"paired whole-path means; three paths, t approximation; exploratory"
G3_d20,complete,A-Absolute:0.5,realized_risk,-1.982968621750886e-05,-0.00020007652889539968,0.00016041715646038197,3,36,"paired whole-path means; three paths, t approximation; exploratory"
G3_d20,complete,A-Mean,realized_risk,0.0,0.0,0.0,3,36,"paired whole-path means; three paths, t approximation; exploratory"
G3_d20,complete,A-Tail-P:0.5,realized_risk,-5.061605004874201e-06,-6.32397017637774e-05,5.3116491754028995e-05,3,36,"paired whole-path means; three paths, t approximation; exploratory"
G3_d20,complete,B-Max,realized_risk,0.00013241135245024903,-7.926946457564282e-05,0.00034409216947614086,3,36,"paired whole-path means; three paths, t approximation; exploratory"
G3_d20,complete,B-Tail-P:0.25,realized_risk,5.221952176648568e-07,-5.944408860066798e-05,6.048847903599769e-05,3,36,"paired whole-path means; three paths, t approximation; exploratory"
G3_d20,complete,B-Tail-P:0.5,realized_risk,-2.2776911023022073e-06,-2.1594273571983233e-05,1.7038891367378815e-05,3,36,"paired whole-path means; three paths, t approximation; exploratory"
G3_d20,complete,EM-shrink,realized_risk,0.017288543313588176,-0.008565571086990301,0.04314265771416666,3,36,"paired whole-path means; three paths, t approximation; exploratory"
G3_d20,complete,Equal-Weight,realized_risk,0.026933061726487212,0.011933708128899163,0.04193241532407526,3,36,"paired whole-path means; three paths, t approximation; exploratory"
G3_d20,complete,H-Conditional-FilterThenK,realized_risk,6.588060667424409e-06,-8.504070101674114e-05,9.821682235158996e-05,3,36,"paired whole-path means; three paths, t approximation; exploratory"
G3_d20,correlation,A-Absolute:0.5,regret_scaled,0.0012813816643586684,-0.0017343204846577175,0.004297083813375054,3,36,"paired whole-path means; three paths, t approximation; exploratory"
G3_d20,correlation,A-Mean,regret_scaled,0.0,0.0,0.0,3,36,"paired whole-path means; three paths, t approximation; exploratory"
G3_d20,correlation,A-Tail-P:0.5,regret_scaled,-0.00047947844510775353,-0.0022722618872146262,0.0013133049969991193,3,36,"paired whole-path means; three paths, t approximation; exploratory"
G3_d20,correlation,B-Max,regret_scaled,0.0013840609340962998,-0.010409345229286408,0.013177467097479008,3,36,"paired whole-path means; three paths, t approximation; exploratory"
G3_d20,correlation,B-Tail-P:0.25,regret_scaled,5.6898948398591583e-05,-0.0004469053285221203,0.0005607032253193034,3,36,"paired whole-path means; three paths, t approximation; exploratory"
G3_d20,correlation,B-Tail-P:0.5,regret_scaled,-0.00011505364378429514,-0.000626820167789032,0.0003967128802204417,3,36,"paired whole-path means; three paths, t approximation; exploratory"
G3_d20,correlation,EM-shrink,regret_scaled,0.370331486071439,-0.3886658562863072,1.1293288284291851,3,36,"paired whole-path means; three paths, t approximation; exploratory"
G3_d20,correlation,Equal-Weight,regret_scaled,0.6428678530159928,0.08602519798346786,1.1997105080485178,3,36,"paired whole-path means; three paths, t approximation; exploratory"
G3_d20,correlation,H-Conditional-FilterThenK,regret_scaled,-4.1815223073373655e-05,-0.0009537476534289475,0.0008701172072822002,3,36,"paired whole-path means; three paths, t approximation; exploratory"
G3_d20,correlation,A-Absolute:0.5,realized_risk,3.688166210316843e-05,-0.00014543656706644847,0.00021919989127278534,3,36,"paired whole-path means; three paths, t approximation; exploratory"
G3_d20,correlation,A-Mean,realized_risk,0.0,0.0,0.0,3,36,"paired whole-path means; three paths, t approximation; exploratory"
G3_d20,correlation,A-Tail-P:0.5,realized_risk,5.2234503647239514e-06,-7.011601703504119e-05,8.056291776448909e-05,3,36,"paired whole-path means; three paths, t approximation; exploratory"
G3_d20,correlation,B-Max,realized_risk,0.00012101960883005456,-0.00033042927253509543,0.0005724684901952045,3,36,"paired whole-path means; three paths, t approximation; exploratory"
G3_d20,correlation,B-Tail-P:0.25,realized_risk,3.818996730032568e-06,-2.594683395417914e-05,3.358482741424428e-05,3,36,"paired whole-path means; three paths, t approximation; exploratory"
G3_d20,correlation,B-Tail-P:0.5,realized_risk,4.2672423088782356e-07,-1.2303537892723729e-05,1.3156986354499375e-05,3,36,"paired whole-path means; three paths, t approximation; exploratory"
G3_d20,correlation,EM-shrink,realized_risk,0.01479119143321401,-0.013081385266206459,0.04266376813263448,3,36,"paired whole-path means; three paths, t approximation; exploratory"
G3_d20,correlation,Equal-Weight,realized_risk,0.02668475771808021,0.005598892823303357,0.04777062261285706,3,36,"paired whole-path means; three paths, t approximation; exploratory"
G3_d20,correlation,H-Conditional-FilterThenK,realized_risk,2.9852633378257694e-05,-0.00011509491048773641,0.0001748001772442518,3,36,"paired whole-path means; three paths, t approximation; exploratory"
G3_d20,informative,A-Absolute:0.5,regret_scaled,3.5185341275493274e-05,-0.0008279789964785314,0.0008983496790295179,3,36,"paired whole-path means; three paths, t approximation; exploratory"
G3_d20,informative,A-Mean,regret_scaled,0.0,0.0,0.0,3,36,"paired whole-path means; three paths, t approximation; exploratory"
G3_d20,informative,A-Tail-P:0.5,regret_scaled,0.0004437156588887634,-0.0003617126033159033,0.0012491439210934301,3,36,"paired whole-path means; three paths, t approximation; exploratory"
G3_d20,informative,B-Max,regret_scaled,0.013086646635212055,-0.04083599716466356,0.06700929043508767,3,36,"paired whole-path means; three paths, t approximation; exploratory"
G3_d20,informative,B-Tail-P:0.25,regret_scaled,0.00015910464849897,-0.003002453535556894,0.003320662832554834,3,36,"paired whole-path means; three paths, t approximation; exploratory"
G3_d20,informative,B-Tail-P:0.5,regret_scaled,0.00013949655788095643,-0.00159156972206226,0.001870562837824173,3,36,"paired whole-path means; three paths, t approximation; exploratory"
G3_d20,informative,EM-shrink,regret_scaled,0.15573183877238592,-0.5466215610589795,0.8580852386037514,3,36,"paired whole-path means; three paths, t approximation; exploratory"
G3_d20,informative,Equal-Weight,regret_scaled,0.3590166074261512,-0.3037262211224229,1.0217594359747253,3,36,"paired whole-path means; three paths, t approximation; exploratory"
G3_d20,informative,H-Conditional-FilterThenK,regret_scaled,0.00021488203513886592,-0.002083454744864471,0.0025132188151422027,3,36,"paired whole-path means; three paths, t approximation; exploratory"
G3_d20,informative,A-Absolute:0.5,realized_risk,-1.4619026615090005e-05,-0.0001179707016274704,8.873264839729038e-05,3,36,"paired whole-path means; three paths, t approximation; exploratory"
G3_d20,informative,A-Mean,realized_risk,0.0,0.0,0.0,3,36,"paired whole-path means; three paths, t approximation; exploratory"
G3_d20,informative,A-Tail-P:0.5,realized_risk,1.3148364893294933e-05,-0.00011593959692112387,0.00014223632670771374,3,36,"paired whole-path means; three paths, t approximation; exploratory"
G3_d20,informative,B-Max,realized_risk,0.0005925602304829123,-0.0007826086746365165,0.001967729135602341,3,36,"paired whole-path means; three paths, t approximation; exploratory"
G3_d20,informative,B-Tail-P:0.25,realized_risk,3.297850954405757e-06,-0.00016161466338849407,0.0001682103652973056,3,36,"paired whole-path means; three paths, t approximation; exploratory"
G3_d20,informative,B-Tail-P:0.5,realized_risk,5.395014280889264e-06,-8.750873602611232e-05,9.829876458789086e-05,3,36,"paired whole-path means; three paths, t approximation; exploratory"
G3_d20,informative,EM-shrink,realized_risk,0.008864840383850582,-0.01539235650689499,0.03312203727459616,3,36,"paired whole-path means; three paths, t approximation; exploratory"
G3_d20,informative,Equal-Weight,realized_risk,0.01806795486460768,-0.0008989721075339865,0.03703488183674935,3,36,"paired whole-path means; three paths, t approximation; exploratory"
G3_d20,informative,H-Conditional-FilterThenK,realized_risk,-1.3507271341669536e-06,-0.00014015709358751062,0.0001374556393191767,3,36,"paired whole-path means; three paths, t approximation; exploratory"
G3_d20,t6,A-Absolute:0.5,regret_scaled,0.0011495703716026234,-0.001576655305033736,0.003875796048238983,3,36,"paired whole-path means; three paths, t approximation; exploratory"
G3_d20,t6,A-Mean,regret_scaled,0.0,0.0,0.0,3,36,"paired whole-path means; three paths, t approximation; exploratory"
G3_d20,t6,A-Tail-P:0.5,regret_scaled,-0.0002578428133831466,-0.001901405730486562,0.001385720103720269,3,36,"paired whole-path means; three paths, t approximation; exploratory"
G3_d20,t6,B-Max,regret_scaled,-0.0006652193578832449,-0.0017382770180805465,0.0004078383023140565,3,36,"paired whole-path means; three paths, t approximation; exploratory"
G3_d20,t6,B-Tail-P:0.25,regret_scaled,6.392601054919369e-05,-0.0007440981564782064,0.0008719501775765936,3,36,"paired whole-path means; three paths, t approximation; exploratory"
G3_d20,t6,B-Tail-P:0.5,regret_scaled,-6.964692705700483e-05,-0.001314877449435754,0.0011755835953217444,3,36,"paired whole-path means; three paths, t approximation; exploratory"
G3_d20,t6,EM-shrink,regret_scaled,0.40328588220571876,-0.3704066448823646,1.176978409293802,3,36,"paired whole-path means; three paths, t approximation; exploratory"
G3_d20,t6,Equal-Weight,regret_scaled,0.5566986580691631,0.07113007943441724,1.042267236703909,3,36,"paired whole-path means; three paths, t approximation; exploratory"
G3_d20,t6,H-Conditional-FilterThenK,regret_scaled,-0.00012965849600650158,-0.0007419375368076344,0.0004826205447946313,3,36,"paired whole-path means; three paths, t approximation; exploratory"
G3_d20,t6,A-Absolute:0.5,realized_risk,1.9535121290524203e-05,-0.00012915714664277946,0.00016822738922382785,3,36,"paired whole-path means; three paths, t approximation; exploratory"
G3_d20,t6,A-Mean,realized_risk,0.0,0.0,0.0,3,36,"paired whole-path means; three paths, t approximation; exploratory"
G3_d20,t6,A-Tail-P:0.5,realized_risk,-2.9077193409162973e-05,-0.00011729199132034806,5.9137604502022115e-05,3,36,"paired whole-path means; three paths, t approximation; exploratory"
G3_d20,t6,B-Max,realized_risk,0.0003210778973155716,-0.00010177512664695781,0.000743930921278101,3,36,"paired whole-path means; three paths, t approximation; exploratory"
G3_d20,t6,B-Tail-P:0.25,realized_risk,5.686677550798545e-06,-4.106588034692712e-05,5.2439235448524213e-05,3,36,"paired whole-path means; three paths, t approximation; exploratory"
G3_d20,t6,B-Tail-P:0.5,realized_risk,-1.7286547458877968e-05,-8.811131043553508e-05,5.353821551777915e-05,3,36,"paired whole-path means; three paths, t approximation; exploratory"
G3_d20,t6,EM-shrink,realized_risk,0.014528867982668303,-0.008638451509825678,0.037696187475162284,3,36,"paired whole-path means; three paths, t approximation; exploratory"
G3_d20,t6,Equal-Weight,realized_risk,0.02105587248745804,0.012983451625996399,0.029128293348919677,3,36,"paired whole-path means; three paths, t approximation; exploratory"
G3_d20,t6,H-Conditional-FilterThenK,realized_risk,1.8362051109233468e-05,-8.383728729473687e-05,0.0001205613895132038,3,36,"paired whole-path means; three paths, t approximation; exploratory"
G3_d20,uneven,A-Absolute:0.5,regret_scaled,-0.00026445714837940404,-0.003999540641930817,0.003470626345172009,3,36,"paired whole-path means; three paths, t approximation; exploratory"
G3_d20,uneven,A-Mean,regret_scaled,0.0,0.0,0.0,3,36,"paired whole-path means; three paths, t approximation; exploratory"
G3_d20,uneven,A-Tail-P:0.5,regret_scaled,-0.00013381551097441723,-0.0009911731016847304,0.0007235420797358959,3,36,"paired whole-path means; three paths, t approximation; exploratory"
G3_d20,uneven,B-Max,regret_scaled,0.0008620117818102548,-0.003134130371201545,0.0048581539348220544,3,36,"paired whole-path means; three paths, t approximation; exploratory"
G3_d20,uneven,B-Tail-P:0.25,regret_scaled,2.385193207324062e-05,-0.0003817205847377319,0.00042942444888421314,3,36,"paired whole-path means; three paths, t approximation; exploratory"
G3_d20,uneven,B-Tail-P:0.5,regret_scaled,0.00016105758577321998,-0.00046100434477442894,0.000783119516320869,3,36,"paired whole-path means; three paths, t approximation; exploratory"
G3_d20,uneven,EM-shrink,regret_scaled,0.35416437686950664,-0.366519648851374,1.0748484025903873,3,36,"paired whole-path means; three paths, t approximation; exploratory"
G3_d20,uneven,Equal-Weight,regret_scaled,0.5908616153231807,0.05829007509177697,1.1234331555545845,3,36,"paired whole-path means; three paths, t approximation; exploratory"
G3_d20,uneven,H-Conditional-FilterThenK,regret_scaled,0.0003063196267500085,-0.00013562656399295376,0.0007482658174929708,3,36,"paired whole-path means; three paths, t approximation; exploratory"
G3_d20,uneven,A-Absolute:0.5,realized_risk,-3.368803214144029e-05,-0.00015208010309356328,8.470403881068268e-05,3,36,"paired whole-path means; three paths, t approximation; exploratory"
G3_d20,uneven,A-Mean,realized_risk,0.0,0.0,0.0,3,36,"paired whole-path means; three paths, t approximation; exploratory"
G3_d20,uneven,A-Tail-P:0.5,realized_risk,-1.0205767383250273e-05,-6.218698972675244e-05,4.1775454960251885e-05,3,36,"paired whole-path means; three paths, t approximation; exploratory"
G3_d20,uneven,B-Max,realized_risk,1.7222145508878715e-05,-0.00031404562381319163,0.00034848991483094906,3,36,"paired whole-path means; three paths, t approximation; exploratory"
G3_d20,uneven,B-Tail-P:0.25,realized_risk,-1.0618277616404834e-05,-3.151547866184747e-05,1.0278923429037802e-05,3,36,"paired whole-path means; three paths, t approximation; exploratory"
G3_d20,uneven,B-Tail-P:0.5,realized_risk,4.44666928881492e-06,-1.216610508771293e-05,2.105944366534277e-05,3,36,"paired whole-path means; three paths, t approximation; exploratory"
G3_d20,uneven,EM-shrink,realized_risk,0.014835443517915289,-0.011660908832398233,0.04133179586822881,3,36,"paired whole-path means; three paths, t approximation; exploratory"
G3_d20,uneven,Equal-Weight,realized_risk,0.025165033318718565,0.0076431323575343706,0.04268693427990276,3,36,"paired whole-path means; three paths, t approximation; exploratory"
G3_d20,uneven,H-Conditional-FilterThenK,realized_risk,-1.331168904327916e-05,-3.548852790734911e-05,8.865149820790792e-06,3,36,"paired whole-path means; three paths, t approximation; exploratory"
G3_d20,volatility,A-Absolute:0.5,regret_scaled,-0.0003449328678585782,-0.0057492820673429,0.005059416331625743,3,36,"paired whole-path means; three paths, t approximation; exploratory"
G3_d20,volatility,A-Mean,regret_scaled,0.0,0.0,0.0,3,36,"paired whole-path means; three paths, t approximation; exploratory"
G3_d20,volatility,A-Tail-P:0.5,regret_scaled,-0.0009420182969835479,-0.004324355387192673,0.002440318793225577,3,36,"paired whole-path means; three paths, t approximation; exploratory"
G3_d20,volatility,B-Max,regret_scaled,9.068054763177597e-05,-0.007963799507457769,0.008145160602721321,3,36,"paired whole-path means; three paths, t approximation; exploratory"
G3_d20,volatility,B-Tail-P:0.25,regret_scaled,-0.00023687029649442602,-0.0009176025656356921,0.00044386197264684006,3,36,"paired whole-path means; three paths, t approximation; exploratory"
G3_d20,volatility,B-Tail-P:0.5,regret_scaled,3.080792037938379e-05,-0.0004180855227001264,0.000479701363458894,3,36,"paired whole-path means; three paths, t approximation; exploratory"
G3_d20,volatility,EM-shrink,regret_scaled,0.4586743575971246,-0.4743841564522575,1.3917328716465067,3,36,"paired whole-path means; three paths, t approximation; exploratory"
G3_d20,volatility,Equal-Weight,regret_scaled,0.8158166515387778,0.14440495107453089,1.4872283520030247,3,36,"paired whole-path means; three paths, t approximation; exploratory"
G3_d20,volatility,H-Conditional-FilterThenK,regret_scaled,-0.0004694549914770054,-0.002919531282632498,0.0019806212996784874,3,36,"paired whole-path means; three paths, t approximation; exploratory"
G3_d20,volatility,A-Absolute:0.5,realized_risk,-3.7916746036249956e-05,-0.00017745713372150848,0.00010162364164900857,3,36,"paired whole-path means; three paths, t approximation; exploratory"
G3_d20,volatility,A-Mean,realized_risk,0.0,0.0,0.0,3,36,"paired whole-path means; three paths, t approximation; exploratory"
G3_d20,volatility,A-Tail-P:0.5,realized_risk,-2.6530498063521526e-05,-9.722927570115403e-05,4.4168279574110974e-05,3,36,"paired whole-path means; three paths, t approximation; exploratory"
G3_d20,volatility,B-Max,realized_risk,3.9878998893130476e-05,-0.000496732575265603,0.0005764905730518639,3,36,"paired whole-path means; three paths, t approximation; exploratory"
G3_d20,volatility,B-Tail-P:0.25,realized_risk,5.538738459006525e-06,-3.8412696722079915e-05,4.949017364009296e-05,3,36,"paired whole-path means; three paths, t approximation; exploratory"
G3_d20,volatility,B-Tail-P:0.5,realized_risk,1.2494091926535636e-05,-5.388093098230305e-06,3.0376276951301575e-05,3,36,"paired whole-path means; three paths, t approximation; exploratory"
G3_d20,volatility,EM-shrink,realized_risk,0.018333702515230043,-0.013737623236873223,0.05040502826733331,3,36,"paired whole-path means; three paths, t approximation; exploratory"
G3_d20,volatility,Equal-Weight,realized_risk,0.03461774937562039,0.010750436309996145,0.05848506244124464,3,36,"paired whole-path means; three paths, t approximation; exploratory"
G3_d20,volatility,H-Conditional-FilterThenK,realized_risk,-1.700609877945102e-05,-0.0001050487325081047,7.103653494920267e-05,3,36,"paired whole-path means; three paths, t approximation; exploratory"
