method,size,max_excess,max_weight_distance
A-Absolute:0.5,128,4.595539927737535e-05,0.012623126230551328
A-Absolute:0.5,256,4.577087504794436e-05,0.012591936404569933
A-Absolute:0.5,512,6.395152390283737e-06,0.00467655984675563
A-Mean,128,2.437348437553296e-05,0.010234546785127835
A-Mean,256,2.435479370035238e-05,0.010217506183477446
A-Mean,512,5.052052555298836e-06,0.004617514833009567
A-Tail-P:0.5,128,7.006268801638038e-05,0.011898129797373166
A-Tail-P:0.5,256,6.864954000658854e-05,0.011725487572416864
A-Tail-P:0.5,512,2.5985642144612945e-05,0.00824941307384484
B-Max,128,0.001645034186691944,0.02746889530102573
B-Max,256,0.0016439649508453794,0.027363777242721567
B-Max,512,0.0014712258699855069,0.02239081678750388
B-Tail-P:0.25,128,0.00012019843074468663,0.014320499673492689
B-Tail-P:0.25,256,0.00011951829589999493,0.014274017235630869
B-Tail-P:0.25,512,5.511919157927692e-05,0.008485230695407133
B-Tail-P:0.5,128,7.356752567441054e-05,0.012118737038871416
B-Tail-P:0.5,256,7.006827010986097e-05,0.01180290345787762
B-Tail-P:0.5,512,2.610968868512701e-05,0.008313326632387288
H-Conditional-FilterThenK,128,0.0001145417730584879,0.016608292443114073
H-Conditional-FilterThenK,256,0.00011385749152471175,0.01654246172291639
H-Conditional-FilterThenK,512,1.2926543505491824e-05,0.005287953176806138
REF-EB,128,5.967837097722498e-05,0.015105575160225322
REF-EB,256,6.0010171801794894e-05,0.015136745508200822
REF-EB,512,1.2649309301748703e-05,0.006798185379807319
