stage,kind,n,m,method,count,mean,median,p90,p95
repair_screen,G1,256,16,A-Blend,240,0.0037798710767453975,0.002608404585694741,0.009648478672884628,0.011619023673080897
repair_screen,G1,256,16,B-Blend,240,0.0037809943821295725,0.002608763890053405,0.009744328105388445,0.011610273213403152
repair_screen,G1,256,16,C-LP-Max:0.01,240,0.004457275973169654,0.0031128884103301074,0.01055375293059938,0.013357886113014366
repair_screen,G1,256,16,H-PostSampleK,240,0.0038418511712537055,0.002590299872930129,0.009902744949839955,0.01167034897913226
repair_screen,G2,64,0,A-Blend,240,0.04109923253573281,0.024860894101647532,0.09448520648051319,0.1285278643655042
repair_screen,G2,64,0,B-Blend,240,0.04113613881359445,0.02499254224842055,0.09474926115990474,0.12762142962484638
repair_screen,G2,64,0,C-LP-Max:0.01,240,0.046057900744451104,0.03694169874960434,0.11037141471688675,0.11542088781872173
repair_screen,G2,64,0,H-PostSampleK,240,0.04102712419621798,0.0245726032118861,0.09588430017934656,0.1269187361467119
repair_screen,G2,64,4,A-Blend,240,0.02130809191529515,0.012811914470447015,0.048562645869633124,0.07429677959212543
repair_screen,G2,64,4,B-Blend,240,0.021323632442590154,0.01293602965425532,0.04850325927433863,0.07414613457392545
repair_screen,G2,64,4,C-LP-Max:0.01,240,0.025861681829331074,0.01655144333359019,0.06393038780053906,0.07396056611196034
repair_screen,G2,64,4,H-PostSampleK,240,0.02180033761714724,0.013539277298338587,0.05069858958256501,0.07359926294191316
repair_screen,G2,64,16,A-Blend,240,0.0068347409363663505,0.0031954504650472167,0.017099584973028895,0.02372309422335058
repair_screen,G2,64,16,B-Blend,240,0.006827346811476443,0.0032378098945526493,0.01713955222269238,0.024022311612009673
repair_screen,G2,64,16,C-LP-Max:0.01,240,0.008566001834475206,0.0048150787379857545,0.020562956801733076,0.027866600265897375
repair_screen,G2,64,16,H-PostSampleK,240,0.00685543236935745,0.003353972713032225,0.01657924636302666,0.023477719063664037
repair_screen,G2,64,64,A-Blend,240,0.0020114857522006567,0.0013560131397751178,0.004500247286840384,0.006379992588853314
repair_screen,G2,64,64,B-Blend,240,0.0020139585671462242,0.0013311129833679554,0.004516228815006726,0.006396462932198441
repair_screen,G2,64,64,C-LP-Max:0.01,240,0.0021699856013105965,0.0013340363340387774,0.004616307086026994,0.0070280011335304236
repair_screen,G2,64,64,H-PostSampleK,240,0.0020354471018410015,0.0013632626209371694,0.0044630291012067265,0.006957451603368484
repair_screen,G2,256,0,A-Blend,240,0.04042812752165735,0.023978004532353867,0.0943461194278855,0.1266590030659216
repair_screen,G2,256,0,B-Blend,240,0.04043499666529345,0.024046229154943005,0.09434613062635266,0.12669845168612726
repair_screen,G2,256,0,C-LP-Max:0.01,240,0.04537819143250613,0.03325520809620151,0.1106911721332178,0.11674300566561382
repair_screen,G2,256,0,H-PostSampleK,240,0.040388346067676495,0.02603133004738261,0.09754331638594772,0.1228480054587571
repair_screen,G2,256,4,A-Blend,240,0.021900614773405516,0.011300523787629451,0.05038087915367027,0.06953815718896561
repair_screen,G2,256,4,B-Blend,240,0.021900012114402376,0.011341088180065774,0.05027397575658316,0.06960588501328484
repair_screen,G2,256,4,C-LP-Max:0.01,240,0.02662543211642081,0.016076207562752978,0.06300716703326714,0.07749664741396389
repair_screen,G2,256,4,H-PostSampleK,240,0.022215574766077165,0.011133731512237293,0.05207707832040061,0.07548806107673081
repair_screen,G2,256,16,A-Blend,240,0.006421186451182763,0.002880024572158342,0.01816644044415648,0.025363539912989008
repair_screen,G2,256,16,B-Blend,240,0.006420054845102578,0.0028342677838238814,0.018117696491157895,0.02529219005097604
repair_screen,G2,256,16,C-LP-Max:0.01,240,0.008194531816631262,0.003882985085413941,0.021708007289525846,0.02770170482427307
repair_screen,G2,256,16,H-PostSampleK,240,0.006477797198067308,0.002860665074079111,0.018788752501606658,0.02523560180181914
repair_screen,G2,256,64,A-Blend,240,0.0017614126989185892,0.0008695902429645826,0.004210840414108438,0.0074470548518425425
repair_screen,G2,256,64,B-Blend,240,0.0017651360697019647,0.0008645319464970669,0.004228327238360879,0.007465591960894198
repair_screen,G2,256,64,C-LP-Max:0.01,240,0.0018660348267020184,0.0008966754946620331,0.0037993992872414916,0.006710334402973439
repair_screen,G2,256,64,H-PostSampleK,240,0.0017630429684932143,0.0008841921043363397,0.0038977632003750658,0.007092239137932576
