method,size,mean_objective,mean_ess
A-Absolute:0.5,128,0.023410349891881854,62.69257438778524
A-Absolute:0.5,256,0.023410032600600334,130.3769010293951
A-Absolute:0.5,512,0.02340208902639278,264.50041206042937
A-Mean,128,0.0007128869486723714,62.69257438778524
A-Mean,256,0.0007126594063503038,130.3769010293951
A-Mean,512,0.0007108365353516612,264.50041206042937
A-Tail-P:0.5,128,0.0012227119608561742,62.69257438778524
A-Tail-P:0.5,256,0.001222357809460971,130.3769010293951
A-Tail-P:0.5,512,0.0012177303359536163,264.50041206042937
B-Max,128,0.003712644349730131,62.69257438778524
B-Max,256,0.0037131672761076522,130.3769010293951
B-Max,512,0.003710998872163279,264.50041206042937
B-Tail-P:0.25,128,0.0017053727713344205,62.69257438778524
B-Tail-P:0.25,256,0.0017046449090128985,130.3769010293951
B-Tail-P:0.25,512,0.0016948347508202028,264.50041206042937
B-Tail-P:0.5,128,0.0012221348317710639,62.69257438778524
B-Tail-P:0.5,256,0.001221889966929541,130.3769010293951
B-Tail-P:0.5,512,0.0012171086496073193,264.50041206042937
H-Conditional-FilterThenK,128,0.0011837593869988604,62.69257438778524
H-Conditional-FilterThenK,256,0.0011835083865374735,130.3769010293951
H-Conditional-FilterThenK,512,0.0011732400558934178,264.50041206042937
REF-EB,128,0.00035691463536492485,62.69257438778524
REF-EB,256,0.0003571460661370273,130.3769010293951
REF-EB,512,0.0003492691585513317,264.50041206042937
