size,method,max_scramble_objective_spread
128,A-Absolute:0.5,1.3152703284644712e-05
128,A-Mean,1.6116102569304822e-05
128,A-Tail-P:0.5,7.329772866157861e-05
128,B-Max,0.0011313948917782788
128,B-Tail-P:0.25,0.00014283574926789058
128,B-Tail-P:0.5,7.581380520153304e-05
128,H-Conditional-FilterThenK,7.949695260969553e-05
128,REF-EB,5.334099797718806e-05
256,A-Absolute:0.5,1.3261516967420783e-05
256,A-Mean,1.6107734327390033e-05
256,A-Tail-P:0.5,7.048741634709085e-05
256,B-Max,0.0011230597116504162
256,B-Tail-P:0.25,0.0001415529112270468
256,B-Tail-P:0.5,7.217782995917852e-05
256,H-Conditional-FilterThenK,7.880339446782213e-05
256,REF-EB,5.350197994934608e-05
512,A-Absolute:0.5,9.074669281679965e-06
512,A-Mean,6.827403581278037e-06
512,A-Tail-P:0.5,2.5865907057808554e-05
512,B-Max,0.0005984615842391716
512,B-Tail-P:0.25,9.919606893072806e-05
512,B-Tail-P:0.5,2.6752822425978994e-05
512,H-Conditional-FilterThenK,3.264548893431728e-05
512,REF-EB,1.1861159059217783e-05
